-- phpMyAdmin SQL Dump
-- version 4.8.1
-- https://www.phpmyadmin.net/
--
-- Host: localhost
-- Generation Time: 2019-03-28 17:28:44
-- 服务器版本： 5.7.22-log
-- PHP Version: 7.0.30

SET SQL_MODE = "NO_AUTO_VALUE_ON_ZERO";
SET AUTOCOMMIT = 0;
START TRANSACTION;
SET time_zone = "+00:00";


/*!40101 SET @OLD_CHARACTER_SET_CLIENT=@@CHARACTER_SET_CLIENT */;
/*!40101 SET @OLD_CHARACTER_SET_RESULTS=@@CHARACTER_SET_RESULTS */;
/*!40101 SET @OLD_COLLATION_CONNECTION=@@COLLATION_CONNECTION */;
/*!40101 SET NAMES utf8mb4 */;

--
-- Database: `btc`
--

-- --------------------------------------------------------

--
-- 表的结构 `btc_admin`
--

CREATE TABLE `btc_admin` (
  `admin_id` varchar(32) NOT NULL COMMENT '后台管理id',
  `user_name` varchar(16) NOT NULL COMMENT '管理员账号名',
  `pass_word` varchar(32) NOT NULL DEFAULT '' COMMENT '管理员密码',
  `login_ip` varchar(16) DEFAULT NULL COMMENT '最后登录的IP',
  `status` tinyint(1) NOT NULL DEFAULT '0' COMMENT '0-正常使用 -1-封号',
  `end_time` varchar(10) DEFAULT NULL COMMENT '最后登录的时间',
  `identity` tinyint(1) NOT NULL DEFAULT '2',
  `create_time` varchar(10) DEFAULT NULL COMMENT '创建时间',
  `is_deleted` tinyint(1) DEFAULT '0' COMMENT '是否删除 0-未删除 1 -已删除',
  `delete_time` varchar(10) DEFAULT NULL COMMENT '删除时间',
  `update_time` varchar(10) DEFAULT NULL COMMENT '更新时间'
) ENGINE=InnoDB DEFAULT CHARSET=utf8 COMMENT='后台管理表';

--
-- 转存表中的数据 `btc_admin`
--

INSERT INTO `btc_admin` (`admin_id`, `user_name`, `pass_word`, `login_ip`, `status`, `end_time`, `identity`, `create_time`, `is_deleted`, `delete_time`, `update_time`) VALUES
('10000000000000000000000000000000', 'zyan001', '62fa7bbe115476d6b10ecb376839e996', NULL, 0, NULL, 1, NULL, 0, NULL, NULL),
('admin001', 'admin001', '4192d21d2e09a8f2b97c5467e8e5d3ce', NULL, 0, NULL, 2, NULL, 0, NULL, NULL),
('admin002', 'admin002', '62fa7bbe115476d6b10ecb376839e996', NULL, 0, NULL, 2, NULL, 0, NULL, NULL);

-- --------------------------------------------------------

--
-- 表的结构 `btc_authentication`
--

CREATE TABLE `btc_authentication` (
  `authentication_id` varchar(32) NOT NULL COMMENT '认证ID',
  `user_id` varchar(32) NOT NULL COMMENT '用户ID',
  `f_status_url` varchar(255) NOT NULL COMMENT '正面身份证图片的url',
  `r_status_url` varchar(255) NOT NULL COMMENT '身份证反面的url',
  `hand_status_url` varchar(255) NOT NULL COMMENT '手持身份证的URL',
  `status` varchar(2) NOT NULL DEFAULT '0' COMMENT '0-待审核 1-审核通过 -1 审核不通过',
  `delete_time` varchar(12) CHARACTER SET latin1 DEFAULT NULL COMMENT '删除时间',
  `update_time` varchar(12) CHARACTER SET latin1 DEFAULT NULL COMMENT '更新时间',
  `create_time` varchar(12) CHARACTER SET latin1 DEFAULT NULL COMMENT '创建时间',
  `is_deleted` varchar(1) CHARACTER SET latin1 NOT NULL DEFAULT '0' COMMENT '是否删除0-未删除 1-已删除'
) ENGINE=InnoDB DEFAULT CHARSET=utf8 COMMENT='认证审核表';

--
-- 转存表中的数据 `btc_authentication`
--

INSERT INTO `btc_authentication` (`authentication_id`, `user_id`, `f_status_url`, `r_status_url`, `hand_status_url`, `status`, `delete_time`, `update_time`, `create_time`, `is_deleted`) VALUES
('A2018052921530215276019826337829', 'z2018052921374715276010670107453', 'http://blnance66.com/Uploads/action/IDcard/2018-05-29/5b0d5b2733bca.jpg', 'http://blnance66.com/Uploads/action/IDcard/2018-05-29/5b0d5b338007e.jpg', 'http://blnance66.com/Uploads/action/IDcard/2018-05-30/5b0e52f053724.jpg', '-1', NULL, '1527665401', '1527601982', '0'),
('A2018052922263315276039930224648', 'z2018052921374715276010670107453', 'http://blnance66.com/Uploads/action/IDcard/2018-05-29/5b0d6300044aa.jpg', 'http://blnance66.com/Uploads/action/IDcard/2018-05-29/5b0d631067b64.jpg', 'http://blnance66.com/Uploads/action/IDcard/2018-05-30/5b0e52f053724.jpg', '-1', NULL, '1527665401', '1527603993', '0'),
('a2018052923451315276087134228546', 'B2018051510104015263502407538798', 'http://blnance66.com/Uploads/action/IDcard/2018-05-29/5b0d757138fb6.png', 'http://blnance66.com/Uploads/action/IDcard/2018-05-29/5b0d75819d1e2.jpg', '0', '-1', NULL, '1527609157', '1527608713', '0'),
('A2018052923552415276093240283219', 'G2018052623401215273492129960960', 'http://blnance66.com/Uploads/action/IDcard/2018-05-29/5b0d77d95705d.jpg', 'http://blnance66.com/Uploads/action/IDcard/2018-05-29/5b0d77e5889d2.jpg', 'http://blnance66.com/Uploads/action/IDcard/2018-05-29/5b0d78b44b942.jpg', '-1', NULL, '1527609669', '1527609324', '0'),
('A2018053015245315276650939619144', 'z2018052921374715276010670107453', 'http://blnance66.com/Uploads/action/IDcard/2018-05-30/5b0e51b085c0b.jpg', 'http://blnance66.com/Uploads/action/IDcard/2018-05-30/5b0e51be3f6b5.jpg', 'http://blnance66.com/Uploads/action/IDcard/2018-05-30/5b0e52f053724.jpg', '1', NULL, '1527666660', '1527665093', '0'),
('a2018060314340815280076488162918', 'G2018060313071815280024388174332', 'http://blnance66.com/Uploads/action/IDcard/2018-06-03/5b138bd51a8a3.jpg', 'http://blnance66.com/Uploads/action/IDcard/2018-06-03/5b138bdd80980.jpg', 'http://blnance66.com/Uploads/action/IDcard/2018-06-03/5b1396480e9fc.jpg', '-1', NULL, '1528010316', '1528007648', '0'),
('A2018061300232515288206054220058', 'D2018061300202515288204253732655', 'http://blnance66.com/Uploads/action/IDcard/2018-06-13/5b1ff358eea7a.jpg', 'http://blnance66.com/Uploads/action/IDcard/2018-06-13/5b1ff36cd517c.jpg', 'http://blnance66.com/Uploads/action/IDcard/2018-06-13/5b1ff377b22e0.jpg', '-1', NULL, '1528820746', '1528820605', '0'),
('A2018062709514115300643018617302', 'c2018062612085515299861355405624', 'http://blnance66.com/Uploads/action/IDcard/2018-06-27/5b32ed9870876.jpeg', 'http://blnance66.com/Uploads/action/IDcard/2018-06-27/5b32ed9edefe5.jpeg', 'http://blnance66.com/Uploads/action/IDcard/2018-06-27/5b32eda652864.jpeg', '1', NULL, '1530078247', '1530064301', '0'),
('a2018063019423115303589517740699', 'a2018062615000515299964051541616', 'http://blnance66.com/Uploads/action/IDcard/2018-06-30/5b376c4c1a2a4.jpg', 'http://blnance66.com/Uploads/action/IDcard/2018-06-30/5b376c5e7cf46.jpg', 'http://blnance66.com/Uploads/action/IDcard/2018-06-30/5b376ca4d5b57.jpg', '1', NULL, '1530359329', '1530358951', '0'),
('a2018071021023615312277566040214', 'B2018071020412515312264856001488', 'http://blnance66.com/Uploads/action/IDcard/2018-07-10/5b44abe72455f.jpg', 'http://blnance66.com/Uploads/action/IDcard/2018-07-10/5b44aca702471.jpg', 'http://blnance66.com/Uploads/action/IDcard/2018-07-10/5b44ae6831a42.jpg', '1', NULL, '1531227864', '1531227756', '0'),
('a2018071313213215314592927797212', 'A2018071222505615314070569467166', 'http://blnance66.com/Uploads/action/IDcard/2018-07-13/5b4836b6c2d58.jpg', 'http://blnance66.com/Uploads/action/IDcard/2018-07-13/5b4836c2686ef.jpg', 'http://blnance66.com/Uploads/action/IDcard/2018-07-13/5b4836d7f1113.jpg', '1', NULL, '1531463451', '1531459292', '0'),
('a2018071617172515317326454346581', 'q2018071514213715316356977114670', 'http://blnance66.com/Uploads/action/IDcard/2018-07-16/5b4c622d5c4b7.JPG', 'http://blnance66.com/Uploads/action/IDcard/2018-07-16/5b4c629fb9cc0.JPG', 'http://blnance66.com/Uploads/action/IDcard/2018-07-16/5b4c6262ba036.JPG', '1', NULL, '1531733168', '1531732645', '0'),
('a2019032121360915531753693106835', 'A2019032121275815531748789389126', 'http://www.bitao999.com/Uploads/action/IDcard/2019-03-21/5c9393304d00c.jpg', 'http://www.bitao999.com/Uploads/action/IDcard/2019-03-21/5c93933a36cc9.jpg', 'http://www.bitao999.com/Uploads/action/IDcard/2019-03-21/5c939343bbb66.jpg', '-1', NULL, '1553175958', '1553175369', '0'),
('a2019032121504815531762488101153', 'A2019032121275815531748789389126', 'http://www.bitao999.com/Uploads/action/IDcard/2019-03-21/5c93966071e4f.jpeg', 'http://www.bitao999.com/Uploads/action/IDcard/2019-03-21/5c93966c41eb9.jpeg', 'http://www.bitao999.com/Uploads/action/IDcard/2019-03-21/5c939677b4913.jpeg', '1', NULL, '1553176283', '1553176248', '0'),
('b2018052814500515274902050055180', 'B2018051510104015263502407538798', 'http://blnance66.com/Uploads/action/IDcard/2018-05-28/5b0ba6037ff26.png', 'http://blnance66.com/Uploads/action/IDcard/2018-05-28/5b0ba67036097.png', '0', '1', NULL, '1527490247', '1527490205', '0'),
('B2018053000024215276097625126902', 'G2018052623401215273492129960960', 'http://blnance66.com/Uploads/action/IDcard/2018-05-30/5b0d798b03197.jpeg', 'http://blnance66.com/Uploads/action/IDcard/2018-05-30/5b0d7999c976b.jpeg', '0', '1', NULL, '1527609791', '1527609762', '0'),
('b2018060313143115280028717637973', 'G2018060313071815280024388174332', 'http://blnance66.com/Uploads/action/IDcard/2018-06-03/5b137916b7dd7.jpg', 'http://blnance66.com/Uploads/action/IDcard/2018-06-03/5b137934a79de.jpg', 'http://blnance66.com/Uploads/action/IDcard/2018-06-03/5b1396480e9fc.jpg', '-1', NULL, '1528010316', '1528002871', '0'),
('B2018060314234215280070225808920', 'a2018060313265415280036142856758', 'http://blnance66.com/Uploads/action/IDcard/2018-06-03/5b138961bd657.jpg', 'http://blnance66.com/Uploads/action/IDcard/2018-06-03/5b13896a174f0.jpg', 'http://blnance66.com/Uploads/action/IDcard/2018-06-03/5b138979d8188.jpg', '1', NULL, '1528007262', '1528007022', '0'),
('b2018060717063015283623900945296', 'b2018060717050615283623060351172', 'http://blnance66.com/Uploads/action/IDcard/2018-06-07/5b18f58755638.jpg', 'http://blnance66.com/Uploads/action/IDcard/2018-06-07/5b18f58dd9c1f.jpg', 'http://blnance66.com/Uploads/action/IDcard/2018-06-07/5b18f5928035e.jpg', '-1', NULL, '1528362423', '1528362390', '0'),
('B2018062522501815299382184202742', 'D2018062522390515299375453098002', 'http://blnance66.com/Uploads/action/IDcard/2018-06-25/5b3100a1ce947.jpeg', 'http://blnance66.com/Uploads/action/IDcard/2018-06-25/5b3100aa870f4.jpeg', 'http://blnance66.com/Uploads/action/IDcard/2018-06-25/5b310125a20f8.jpeg', '1', NULL, '1529940864', '1529938218', '0'),
('B2018071516052315316419233711677', 'z2018071321035315314870335446208', 'http://blnance66.com/Uploads/action/IDcard/2018-07-15/5b4b0010a495b.jpg', 'http://blnance66.com/Uploads/action/IDcard/2018-07-15/5b4b002885db4.jpg', 'http://blnance66.com/Uploads/action/IDcard/2018-07-15/5b4b003fbb2ef.jpg', '1', NULL, '1531642209', '1531641923', '0'),
('b2019031515492915526361698946365', 'q2018090611234315362042232669474', 'http://64.202.184.158/Uploads/action/IDcard/2019-03-15/5c8b58fa9f016.png', 'http://64.202.184.158/Uploads/action/IDcard/2019-03-15/5c8b5900efd5c.png', 'http://64.202.184.158/Uploads/action/IDcard/2019-03-15/5c8b5906ac2c0.png', '0', NULL, '1552636169', '1552636169', '0'),
('c2018051523095615263969965038798', 'D2018050922545015258776900852531', 'http://blnance66.com/Uploads/action/IDcard/2018-05-15/5afaf81aa4fa6.jpg', 'http://blnance66.com/Uploads/action/IDcard/2018-05-15/5afaf83ed2c12.jpg', 'http://blnance66.com/Uploads/action/IDcard/2018-05-28/5b0aee94c2f14.png', '-1', NULL, '1527443097', '1526396996', '0'),
('c2018060409270615280756269419948', 'G2018060320571315280306337373767', 'http://blnance66.com/Uploads/action/IDcard/2018-06-04/5b149557b8628.jpg', 'http://blnance66.com/Uploads/action/IDcard/2018-06-04/5b149565b52dc.jpg', 'http://blnance66.com/Uploads/action/IDcard/2018-06-04/5b1495826005c.jpg', '1', NULL, '1528085551', '1528075626', '0'),
('c2018061718305515292314555134460', 'b2018061221310015288102605757749', 'http://blnance66.com/Uploads/action/IDcard/2018-06-17/5b2638108da39.jpg', 'http://blnance66.com/Uploads/action/IDcard/2018-06-17/5b26385beae32.jpg', 'http://blnance66.com/Uploads/action/IDcard/2018-06-17/5b26381ac3c39.jpg', '1', NULL, '1529231727', '1529231455', '0'),
('c2018062514253615299079364793599', 'q2018062509385715298907370574160', 'http://blnance66.com/Uploads/action/IDcard/2018-06-25/5b308ac87f85a.jpg', 'http://blnance66.com/Uploads/action/IDcard/2018-06-25/5b308ad231c3f.png', 'http://blnance66.com/Uploads/action/IDcard/2018-06-25/5b308adcdfe61.jpg', '1', NULL, '1529907978', '1529907936', '0'),
('c2018071110262715312759871714439', 'G2018070922145315311456936023385', 'http://blnance66.com/Uploads/action/IDcard/2018-07-11/5b456ac4aee33.jpg', 'http://blnance66.com/Uploads/action/IDcard/2018-07-11/5b456ac9d86f1.jpg', 'http://blnance66.com/Uploads/action/IDcard/2018-07-11/5b456acda6e52.jpg', '1', NULL, '1531295085', '1531275987', '0'),
('D2018060415510815280986688824653', 'q2018060414352815280941282359801', 'http://blnance66.com/Uploads/action/IDcard/2018-06-04/5b14ef59932ca.png', 'http://blnance66.com/Uploads/action/IDcard/2018-06-04/5b14ef678399e.png', '0', '1', NULL, '1528098836', '1528098668', '0'),
('D2018071218014815313897082940085', 'D2018071217425015313885700332916', 'http://blnance66.com/Uploads/action/IDcard/2018-07-12/5b4726f66e130.jpg', 'http://blnance66.com/Uploads/action/IDcard/2018-07-12/5b4726fe8826d.jpg', 'http://blnance66.com/Uploads/action/IDcard/2018-07-12/5b4727079aa93.jpg', '1', NULL, '1531389796', '1531389708', '0'),
('G2018052801441815274430588609806', 'D2018050922545015258776900852531', 'http://blnance66.com/Uploads/action/IDcard/2018-05-28/5b0aee6233e42.jpg', 'http://blnance66.com/Uploads/action/IDcard/2018-05-28/5b0aee6df16f2.png', 'http://blnance66.com/Uploads/action/IDcard/2018-05-28/5b0aee94c2f14.png', '1', NULL, '1527443145', '1527443058', '0'),
('G2018060417473815281056585677509', 'c2018060417125115281035716226873', 'http://blnance66.com/Uploads/action/IDcard/2018-06-04/5b150ab0e60e0.jpg', 'http://blnance66.com/Uploads/action/IDcard/2018-06-04/5b150ab6c4d65.jpg', 'http://blnance66.com/Uploads/action/IDcard/2018-06-04/5b150acaad563.jpg', '1', NULL, '1528105692', '1528105658', '0'),
('G2018060816565515284482150851612', 'A2018060816492515284477655068427', 'http://blnance66.com/Uploads/action/IDcard/2018-06-08/5b1a4491c1f83.jpg', 'http://blnance66.com/Uploads/action/IDcard/2018-06-08/5b1a44983fe0b.jpg', 'http://blnance66.com/Uploads/action/IDcard/2018-06-08/5b1a44cf932af.jpg', '1', NULL, '1528448452', '1528448215', '0'),
('G2018071115230615312937869101986', 'B2018071115174515312934650701210', 'http://blnance66.com/Uploads/action/IDcard/2018-07-11/5b45b01f2ed11.jpg', 'http://blnance66.com/Uploads/action/IDcard/2018-07-11/5b45b03994993.jpg', 'http://blnance66.com/Uploads/action/IDcard/2018-07-11/5b45b05730954.jpg', '1', NULL, '1531295084', '1531293786', '0'),
('H2018060315181415280102949139721', 'G2018060313071815280024388174332', 'http://blnance66.com/Uploads/action/IDcard/2018-06-03/5b13962ce711a.jpg', 'http://blnance66.com/Uploads/action/IDcard/2018-06-03/5b139630cfbe9.jpg', 'http://blnance66.com/Uploads/action/IDcard/2018-06-03/5b1396480e9fc.jpg', '1', NULL, '1528010338', '1528010294', '0'),
('H2019031317064015524680003363983', 'q2018090611234315362042232669474', 'http://localhost:8081/Uploads/action/IDcard/2019-03-13/5c88c81abe302.jpg', 'http://localhost:8081/Uploads/action/IDcard/2019-03-13/5c88c8116af60.jpg', 'http://localhost:8081/Uploads/action/IDcard/2019-03-13/5c88c80b628b7.jpg', '-1', NULL, '1552636057', '1552468000', '0'),
('q2018060720173515283738553102482', 'b2018060717050615283623060351172', 'http://blnance66.com/Uploads/action/IDcard/2018-06-07/5b19222b5d512.jpg', 'http://blnance66.com/Uploads/action/IDcard/2018-06-07/5b19224c5c28b.jpg', 'http://blnance66.com/Uploads/action/IDcard/2018-06-07/5b192257d2a41.jpg', '-1', NULL, '1528433375', '1528373855', '0'),
('q2018070923321415311503347467760', 'a2018070923171615311494368916322', 'http://blnance66.com/Uploads/action/IDcard/2018-07-09/5b437fc8ad9b6.jpg', 'http://blnance66.com/Uploads/action/IDcard/2018-07-09/5b437fb324556.jpg', 'http://blnance66.com/Uploads/action/IDcard/2018-07-09/5b437ff318afb.jpg', '1', NULL, '1531152291', '1531150334', '0'),
('z2018060302025015279625706670111', 'c2018060301570315279622236824644', 'http://blnance66.com/Uploads/action/IDcard/2018-06-03/5b12dbbb88ee4.jpeg', 'http://blnance66.com/Uploads/action/IDcard/2018-06-03/5b12dbc6cff63.jpeg', '0', '-1', NULL, '1527962663', '1527962570', '0'),
('z2018060315001815280092185726730', 'B2018060314494815280085889461708', 'http://blnance66.com/Uploads/action/IDcard/2018-06-03/5b1391f51975a.jpg', 'http://blnance66.com/Uploads/action/IDcard/2018-06-03/5b1391fd3ccba.jpg', 'http://blnance66.com/Uploads/action/IDcard/2018-06-03/5b13922484049.jpg', '1', NULL, '1528009442', '1528009218', '0'),
('z2018060414171715280930372383950', 'b2018060414125815280927787957880', 'http://blnance66.com/Uploads/action/IDcard/2018-06-04/5b14d96081114.jpg', 'http://blnance66.com/Uploads/action/IDcard/2018-06-04/5b14d96900073.jpg', 'http://blnance66.com/Uploads/action/IDcard/2018-06-04/5b14d98ba75d5.jpg', '1', NULL, '1528093362', '1528093037', '0'),
('z2018071220231215313981923674464', 'D2018071217595215313895922312343', 'http://blnance66.com/Uploads/action/IDcard/2018-07-12/5b4747c05aac4.jpg', 'http://blnance66.com/Uploads/action/IDcard/2018-07-12/5b4747cb7d7c9.jpg', 'http://blnance66.com/Uploads/action/IDcard/2018-07-12/5b47482cf11db.jpg', '1', NULL, '1531398876', '1531398192', '0');

-- --------------------------------------------------------

--
-- 表的结构 `btc_bank`
--

CREATE TABLE `btc_bank` (
  `bank_id` varchar(32) NOT NULL,
  `bank_name` varchar(50) NOT NULL,
  `bank_type` varchar(1) NOT NULL COMMENT '1主银行2.银行分行',
  `bank_parent` varchar(32) NOT NULL DEFAULT '0' COMMENT '父类ID',
  `is_deleted` varchar(1) NOT NULL DEFAULT '0' COMMENT '是否删除',
  `delete_time` varchar(12) DEFAULT NULL COMMENT '删除时间',
  `update_time` varchar(12) DEFAULT NULL COMMENT '更新时间',
  `create_time` varchar(12) DEFAULT NULL COMMENT '创建时间'
) ENGINE=InnoDB DEFAULT CHARSET=utf8;

--
-- 转存表中的数据 `btc_bank`
--

INSERT INTO `btc_bank` (`bank_id`, `bank_name`, `bank_type`, `bank_parent`, `is_deleted`, `delete_time`, `update_time`, `create_time`) VALUES
('a2018050920400315258696034838354', '0040152 臺銀新竹', '2', 'z2018050920384315258695239267163', '0', NULL, NULL, '1525869603'),
('a2018050920481615258700968513409', '0040211 臺銀高加', '2', 'z2018050920384315258695239267163', '0', NULL, NULL, '1525870096'),
('a2018050920491315258701530905375', '0040233 臺銀臺東', '2', 'z2018050920384315258695239267163', '0', NULL, NULL, '1525870153'),
('A2018050920552615258705261998477', '0040392 臺銀馬祖', '2', 'z2018050920384315258695239267163', '0', NULL, NULL, '1525870526'),
('a2018050920563015258705903482364', '0040439 臺銀頭份', '2', 'z2018050920384315258695239267163', '0', NULL, NULL, '1525870590'),
('a2018050921004715258708477917490', '0040521 臺銀龍山', '2', 'z2018050920384315258695239267163', '0', NULL, NULL, '1525870847'),
('A2018050921010815258708689863621', '0040543 臺銀信義', '2', 'z2018050920384315258695239267163', '0', NULL, NULL, '1525870868'),
('A2018050921011715258708777661043', '0040554 臺銀復興', '2', 'z2018050920384315258695239267163', '0', NULL, NULL, '1525870877'),
('A2018050921012615258708864600776', '0040565 臺銀三民', '2', 'z2018050920384315258695239267163', '0', NULL, NULL, '1525870886'),
('A2018050921025415258709740958520', '0040646 臺銀松山', '2', 'z2018050920384315258695239267163', '0', NULL, NULL, '1525870974'),
('A2018050921032115258710019719533', '0040679 臺銀太保', '2', 'z2018050920384315258695239267163', '0', NULL, NULL, '1525871001'),
('A2018050922233515258758154981358', '0040794 臺銀黎明', '2', 'z2018050920384315258695239267163', '0', NULL, NULL, '1525875815'),
('a2018050922283515258761156158916', '0040794 臺銀黎明', '2', 'z2018050920384315258695239267163', '1', NULL, NULL, '1525876115'),
('a2018050922304115258762416120950', '0040853 臺銀世貿', '2', 'z2018050920384315258695239267163', '0', NULL, NULL, '1525876241'),
('a2018050922311315258762735269670', '0040886 臺銀潮州', '2', 'z2018050920384315258695239267163', '0', NULL, NULL, '1525876273'),
('a2018050922312115258762819238617', '0040897 臺銀蘇澳', '2', 'z2018050920384315258695239267163', '0', NULL, NULL, '1525876281'),
('A2018050922314915258763095965628', '0040923 臺銀中工', '2', 'z2018050920384315258695239267163', '0', NULL, NULL, '1525876309'),
('a2018050922323815258763586715368', '0041104 台银中崙', '2', 'z2018050920384315258695239267163', '0', NULL, NULL, '1525876358'),
('A2018050922331815258763980710431', '0041182 臺銀五甲', '2', 'z2018050920384315258695239267163', '0', NULL, NULL, '1525876398'),
('A2018050922340415258764447798166', '0041230 臺銀南崁', '2', 'z2018050920384315258695239267163', '0', NULL, NULL, '1525876444'),
('A2018050922350315258765038315587', '0041425 臺銀天母', '2', 'z2018050920384315258695239267163', '0', NULL, NULL, '1525876503'),
('a2018050922354015258765400047222', '0041447 臺銀內壢', '2', 'z2018050920384315258695239267163', '0', NULL, NULL, '1525876540'),
('A2018050922355615258765565419825', '0041470 臺銀虎尾', '2', 'z2018050920384315258695239267163', '0', NULL, NULL, '1525876556'),
('a2018050922363315258765937753040', '0041551 臺銀東港', '2', 'z2018050920384315258695239267163', '0', NULL, NULL, '1525876593'),
('a2018050922373415258766543691485', '0041643 臺銀北大', '2', 'z2018050920384315258695239267163', '0', NULL, NULL, '1525876654'),
('a2018050922390715258767475443402', '0041953 臺銀愛國簡', '2', 'z2018050920384315258695239267163', '0', NULL, NULL, '1525876747'),
('A2018050922433615258770164519231', '0042444 臺銀新永和', '2', 'z2018050920384315258695239267163', '0', NULL, NULL, '1525877016'),
('a2018050922445415258770943010237', '0042499 臺銀北臺中', '2', 'z2018050920384315258695239267163', '0', NULL, NULL, '1525877094'),
('a2018050922452715258771273231924', '0042569 臺銀成功', '2', 'z2018050920384315258695239267163', '0', NULL, NULL, '1525877127'),
('A2018050922460315258771637661750', '0042721 臺銀六假頂', '2', 'z2018050920384315258695239267163', '0', NULL, NULL, '1525877163'),
('A2018050922461115258771718151042', '0042787 臺銀中都', '2', 'z2018050920384315258695239267163', '0', NULL, NULL, '1525877171'),
('a2018050923370515258802250527365', '008 華南商業銀行', '1', '0', '0', NULL, NULL, '1525880225'),
('a2018050923371015258802302906175', '009 彰化商業銀行', '1', '0', '0', NULL, NULL, '1525880230'),
('A2018050923371615258802368854317', '011 上海商業儲蓄銀行', '1', '0', '0', NULL, NULL, '1525880236'),
('A2018050923373115258802514617268', '013 國泰世華商業銀行', '1', '0', '0', NULL, NULL, '1525880251'),
('A2018050923374415258802649510938', '017 兆豐國際商業銀行', '1', '0', '0', NULL, NULL, '1525880264'),
('A2018050923380015258802808993602', '020 日商瑞穗銀行台北分行', '1', '0', '0', NULL, NULL, '1525880280'),
('A2018050923382015258803000912879', '023 泰國盤谷銀行台北分行', '1', '0', '0', NULL, NULL, '1525880300'),
('A2018050923382615258803066346615', '025 菲律賓首都銀行台北分行', '1', '0', '0', NULL, NULL, '1525880306'),
('A2018050923383715258803178730228', '030 美商道富銀行台北分行', '1', '0', '0', NULL, NULL, '1525880317'),
('a2018050923390215258803428393295', '050 臺灣中小企業銀行', '1', '0', '0', NULL, NULL, '1525880342'),
('A2018050923393915258803799638610', '061 中華票券金融股份有限公司', '1', '0', '0', NULL, NULL, '1525880379'),
('a2018050923394715258803873247448', '062 國際票券金融股份有限公司', '1', '0', '0', NULL, NULL, '1525880387'),
('A2018050923401015258804102918968', '075 香港商東亞銀行台北分行', '1', '0', '0', NULL, NULL, '1525880410'),
('A2018050923405215258804529312412', '093 荷商安智銀行台北分行', '1', '0', '0', NULL, NULL, '1525880452'),
('A2018050923411215258804720073032', '102 華泰商業銀行', '1', '0', '0', NULL, NULL, '1525880472'),
('A2018050923412815258804889150991', '108 陽信商業銀行', '1', '0', '0', NULL, NULL, '1525880488'),
('A2018050923414015258805004629649', '115 基隆市第二信用合作社', '1', '0', '0', NULL, NULL, '1525880500'),
('A2018050923414715258805073201782', '118 板信商業銀行', '1', '0', '0', NULL, NULL, '1525880507'),
('A2018050923415215258805129845680', '119 淡水第一信用合作社', '1', '0', '0', NULL, NULL, '1525880512'),
('A2018050923415915258805191971948', '120 新北市淡水信用合作社', '1', '0', '0', NULL, NULL, '1525880519'),
('A2018050923423215258805521877529', '146 台中市第二信用合作社', '1', '0', '0', NULL, NULL, '1525880552'),
('a2018050923423715258805572499399', '147 三信商業銀行', '1', '0', '0', NULL, NULL, '1525880557'),
('a2018050923453315258807337296368', '326 西班牙商西班牙對外銀行臺北分行', '1', '0', '0', NULL, NULL, '1525880733'),
('A2018050923455115258807512975624', '381 大陸商交通銀行臺北分行', '1', '0', '0', NULL, NULL, '1525880751'),
('A2018050923461415258807743971527', '504 北農中心所屬會員', '1', '0', '0', NULL, NULL, '1525880774'),
('A2018050923462415258807849101938', '506 聯資中心所屬會員', '1', '0', '0', NULL, NULL, '1525880784'),
('A2018050923464415258808044139382', '511 農金資中心', '1', '0', '0', NULL, NULL, '1525880804'),
('A2018050923475715258808770558454', '526 南農中心所屬會員', '1', '0', '0', NULL, NULL, '1525880877'),
('a2018050923482315258809033212773', '551 農金資中心', '1', '0', '0', NULL, NULL, '1525880903'),
('A2018050923490915258809496165453', '565 龍崎農會', '1', '0', '0', NULL, NULL, '1525880949'),
('A2018050923492015258809604064737', '568 農金資中心', '1', '0', '0', NULL, NULL, '1525880960'),
('A2018050923493915258809792957292', '575 農金資中心', '1', '0', '0', NULL, NULL, '1525880979'),
('A2018050923500415258810045045058', '581 農金資中心', '1', '0', '0', NULL, NULL, '1525881004'),
('a2018050923504515258810452453513', '605 高雄市高雄地區農會', '1', '0', '0', NULL, NULL, '1525881045'),
('a2018050923512115258810811357973', '607 北農中心所屬會員', '1', '0', '0', NULL, NULL, '1525881081'),
('A2018050923522115258811411842672', '618 南農中心所屬會員', '1', '0', '0', NULL, NULL, '1525881141'),
('a2018050923523015258811503808107', '620 南農中心所屬會員', '1', '0', '0', NULL, NULL, '1525881150'),
('a2018050923523515258811553369414', '621 南農中心所屬會員', '1', '0', '0', NULL, NULL, '1525881155'),
('a2018050923530015258811801071917', '625 臺中市臺中地區農會', '1', '0', '0', NULL, NULL, '1525881180'),
('A2018050923533215258812127190752', '633 農金資中心', '1', '0', '0', NULL, NULL, '1525881212'),
('a2018050923542015258812601572495', '647 農金資中心', '1', '0', '0', NULL, NULL, '1525881260'),
('A2018050923555815258813584005374', '810 星展（台灣）商業銀行', '1', '0', '0', NULL, NULL, '1525881358'),
('A2018050923562115258813811125086', '815 日盛國際商業銀行', '1', '0', '0', NULL, NULL, '1525881381'),
('A2018050923570815258814285986274', '871 農金資中心', '1', '0', '0', NULL, NULL, '1525881428'),
('A2018050923574015258814608253976', '879 農金資中心', '1', '0', '0', NULL, NULL, '1525881460'),
('a2018050923583215258815128280032', '891 花蓮農會', '1', '0', '0', NULL, NULL, '1525881512'),
('A2018050923585415258815346708629', '898 光豐農會', '1', '0', '0', NULL, NULL, '1525881534'),
('a2018050923595015258815906730567', '908 農金資中心', '1', '0', '0', NULL, NULL, '1525881590'),
('a2018050923595415258815947124181', '909 農金資中心', '1', '0', '0', NULL, NULL, '1525881594'),
('A2018051000000615258816061765689', '914 農金資中心', '1', '0', '0', NULL, NULL, '1525881606'),
('A2018051000004415258816447539323', '922 臺南農會', '1', '0', '0', NULL, NULL, '1525881644'),
('A2018051000012815258816880190533', '995 關貿網路股份有限公司', '1', '0', '0', NULL, NULL, '1525881688'),
('a2018051009452915259167295800933', '上海', '2', 'A2018050923371615258802368854317', '0', NULL, NULL, '1525916729'),
('A2018052020345815268196986787122', '中国农业银行', '1', '0', '0', NULL, NULL, '1526819698'),
('a2018052020351715268197174140631', '中国工商银行', '1', '0', '0', NULL, NULL, '1526819717'),
('A2018052020360615268197660468769', '中国兴业银行', '1', '0', '0', NULL, NULL, '1526819766'),
('A2018052020363915268197998300798', '中国浦发银行', '1', '0', '0', NULL, NULL, '1526819799'),
('A2018052801425415274429746021903', '上海支行', '2', 'c2018052020384715268199277138613', '0', NULL, NULL, '1527442974'),
('A2018052814454115274899411139106', '上海', '2', 'z2018052020344515268196854287198', '0', NULL, NULL, '1527489941'),
('a2018060313163515280029959141713', '福建福州分行', '2', 'z2018052020371515268198352373018', '0', NULL, NULL, '1528002995'),
('A2018060314254615280071468847374', '福建省福州分行', '2', 'z2018052020371515268198352373018', '0', NULL, NULL, '1528007146'),
('A2018071115242515312938657394971', '草屯郵局', '2', 'z2018050923551615258813160302405', '0', NULL, NULL, '1531293865'),
('b2018050920390315258695437452603', '0040059 臺銀公庫部', '2', 'z2018050920384315258695239267163', '0', NULL, NULL, '1525869543'),
('B2018050920393615258695764711474', '0040118 臺銀高雄', '2', 'z2018050920384315258695239267163', '0', NULL, NULL, '1525869576'),
('B2018050920394215258695826689771', '0040129 臺銀基隆', '2', 'z2018050920384315258695239267163', '0', NULL, NULL, '1525869582'),
('b2018050920402315258696234852096', '0040185 臺銀花蓮', '2', 'z2018050920384315258695239267163', '0', NULL, NULL, '1525869623'),
('b2018050920411015258696705949916', '0040200 臺銀中山', '2', 'z2018050920384315258695239267163', '0', NULL, NULL, '1525869670'),
('b2018050920495815258701983265806', '0040266 臺銀桃園', '2', 'z2018050920384315258695239267163', '0', NULL, NULL, '1525870198'),
('b2018050920540615258704463620626', '0040325 臺銀南投', '2', 'z2018050920384315258695239267163', '0', NULL, NULL, '1525870446'),
('b2018050920544415258704843331490', '0040369 臺銀北投', '2', 'z2018050920384315258695239267163', '0', NULL, NULL, '1525870484'),
('b2018050920551415258705147192578', '0040381 臺銀金門', '2', 'z2018050920384315258695239267163', '0', NULL, NULL, '1525870514'),
('B2018050920555415258705548937375', '0040417 臺銀中壢', '2', 'z2018050920384315258695239267163', '0', NULL, NULL, '1525870554'),
('b2018050920595115258707911419135', '0040462 臺銀民權', '2', 'z2018050920384315258695239267163', '0', NULL, NULL, '1525870791'),
('B2018050921005915258708591241053', '0040532 臺銀忠孝', '2', 'z2018050920384315258695239267163', '0', NULL, NULL, '1525870859'),
('B2018050921031115258709915572493', '0040668 臺銀中和', '2', 'z2018050920384315258695239267163', '0', NULL, NULL, '1525870991'),
('b2018050921033115258710118641922', '0040680 臺銀竹北', '2', 'z2018050920384315258695239267163', '0', NULL, NULL, '1525871011'),
('B2018050921040715258710476401960', '0040727 臺銀大甲', '2', 'z2018050920384315258695239267163', '0', NULL, NULL, '1525871047'),
('B2018050922301115258762119136798', '0040808 臺銀民生', '2', 'z2018050920384315258695239267163', '0', NULL, NULL, '1525876211'),
('B2018050922310315258762631726980', '0040875 臺銀華江', '2', 'z2018050920384315258695239267163', '0', NULL, NULL, '1525876263'),
('b2018050922315815258763185813982', '0041067 臺銀敦化', '2', 'z2018050920384315258695239267163', '0', NULL, NULL, '1525876318'),
('B2018050922320915258763294152749', '0041078 臺銀南港', '2', 'z2018050920384315258695239267163', '0', NULL, NULL, '1525876329'),
('b2018050922341515258764551489916', '0041241 臺銀圓山', '2', 'z2018050920384315258695239267163', '0', NULL, NULL, '1525876455'),
('b2018050922372515258766453289783', '0041621 臺銀群賢', '2', 'z2018050920384315258695239267163', '0', NULL, NULL, '1525876645'),
('b2018050922374315258766631820377', '0041654 臺銀文山', '2', 'z2018050920384315258695239267163', '0', NULL, NULL, '1525876663'),
('b2018050922375115258766713133716', '0041702 臺銀太平', '2', 'z2018050920384315258695239267163', '0', NULL, NULL, '1525876671'),
('b2018050922381615258766964980071', '0041768 臺銀農科', '2', 'z2018050920384315258695239267163', '0', NULL, NULL, '1525876696'),
('b2018050922391615258767562418536', '0041986 臺銀臺電簡', '2', 'z2018050920384315258695239267163', '0', NULL, NULL, '1525876756'),
('b2018050922392515258767653253434', '0042053 臺銀北府簡', '2', 'z2018050920384315258695239267163', '0', NULL, NULL, '1525876765'),
('b2018050922393415258767740994942', '0042189 臺銀臺北港', '2', 'z2018050920384315258695239267163', '0', NULL, NULL, '1525876774'),
('b2018050922413915258768993411152', '0042248 臺銀高榮', '2', 'z2018050920384315258695239267163', '0', NULL, NULL, '1525876899'),
('b2018050922422415258769447399499', '0042307 臺銀南創', '2', 'z2018050920384315258695239267163', '0', NULL, NULL, '1525876944'),
('B2018050922424115258769617071774', '0042385 臺銀台北', '2', 'z2018050920384315258695239267163', '0', NULL, NULL, '1525876961'),
('b2018050922435515258770357780384', '0042466 臺銀桃興', '2', 'z2018050920384315258695239267163', '0', NULL, NULL, '1525877035'),
('B2018050922451115258771115841681', '0042536 臺銀南都', '2', 'z2018050920384315258695239267163', '0', NULL, NULL, '1525877111'),
('b2018050922453515258771359470199', '0042570 臺銀北花蓮', '2', 'z2018050920384315258695239267163', '0', NULL, NULL, '1525877135'),
('B2018050922454515258771455751233', '0042709 臺銀新湖', '2', 'z2018050920384315258695239267163', '0', NULL, NULL, '1525877145'),
('b2018050922455315258771537878903', '0042710 臺銀五福', '2', 'z2018050920384315258695239267163', '0', NULL, NULL, '1525877153'),
('B2018050922462815258771887087141', '0042802 臺銀副都', '2', 'z2018050920384315258695239267163', '0', NULL, NULL, '1525877188'),
('b2018050922465315258772131316691', '0042905 臺銀中精密', '2', 'z2018050920384315258695239267163', '1', NULL, NULL, '1525877213'),
('b2018050923380615258802869776168', '021 花旗（台灣）商業銀行', '1', '0', '0', NULL, NULL, '1525880286'),
('b2018050923381315258802938590048', '022 美國銀行台北分行', '1', '0', '0', NULL, NULL, '1525880293'),
('b2018050923384415258803245089649', '037 法商法國興業銀行台北分行', '1', '0', '0', NULL, NULL, '1525880324'),
('b2018050923395815258803989961750', '066 萬通票券金融股份有限公司', '1', '0', '0', NULL, NULL, '1525880398'),
('B2018050923400415258804049596097', '072 德商德意志銀行台北分行', '1', '0', '0', NULL, NULL, '1525880404'),
('b2018050923401515258804157956511', '076 美商摩根大通銀行台北分行', '1', '0', '0', NULL, NULL, '1525880415'),
('B2018050923404715258804474173543', '092 瑞士商瑞士銀行台北分行', '1', '0', '0', NULL, NULL, '1525880447'),
('b2018050923412415258804842445735', '104 台北市第五信用合作社', '1', '0', '0', NULL, NULL, '1525880484'),
('B2018050923421815258805382798984', '130 新竹第一信用合作社', '1', '0', '0', NULL, NULL, '1525880538'),
('b2018050923452215258807223563875', '224 金門縣信用合作社', '1', '0', '0', NULL, NULL, '1525880722'),
('b2018050923452815258807282158337', '321 日商三井住友銀行台北分行', '1', '0', '0', NULL, NULL, '1525880728'),
('b2018050923463515258807951388157', '508 農金資中心', '1', '0', '0', NULL, NULL, '1525880795'),
('B2018050923465015258808102628181', '512 南農中心所屬會員', '1', '0', '0', NULL, NULL, '1525880810'),
('b2018050923470415258808249158142', '517 南農中心所屬會員', '1', '0', '0', NULL, NULL, '1525880824'),
('B2018050923472415258808442596556', '520 南農中心所屬會員', '1', '0', '0', NULL, NULL, '1525880844'),
('b2018050923481315258808932883234', '547 後壁農會', '1', '0', '0', NULL, NULL, '1525880893'),
('b2018050923485415258809341262018', '561 左鎮農會', '1', '0', '0', NULL, NULL, '1525880934'),
('b2018050923494415258809842861751', '577 農金資中心', '1', '0', '0', NULL, NULL, '1525880984'),
('b2018050923495415258809947140907', '579 農金資中心', '1', '0', '0', NULL, NULL, '1525880994'),
('B2018050923500915258810090433748', '582 農金資中心', '1', '0', '0', NULL, NULL, '1525881009'),
('B2018050923501415258810140918710', '583 東山農會', '1', '0', '0', NULL, NULL, '1525881014'),
('B2018050923501915258810192235292', '587 礁溪農會', '1', '0', '0', NULL, NULL, '1525881019'),
('B2018050923505415258810544059380', '606 北農中心所屬會員', '1', '0', '0', NULL, NULL, '1525881054'),
('B2018050923515515258811154265586', '612 南農中心所屬會員', '1', '0', '0', NULL, NULL, '1525881115'),
('B2018050923515915258811198071192', '613 南農中心所屬會員', '1', '0', '0', NULL, NULL, '1525881119'),
('b2018050923525515258811756403931', '624 南農中心所屬會員', '1', '0', '0', NULL, NULL, '1525881175'),
('b2018050923535515258812355983300', '638 農金資中心', '1', '0', '0', NULL, NULL, '1525881235'),
('B2018050923540515258812456645231', '642 農金資中心', '1', '0', '0', NULL, NULL, '1525881245'),
('b2018050923541515258812554256852', '646 農金資中心', '1', '0', '0', NULL, NULL, '1525881255'),
('b2018050923544115258812810539264', '683 農金資中心', '1', '0', '0', NULL, NULL, '1525881281'),
('b2018050923544515258812854612670', '685 農金資中心', '1', '0', '0', NULL, NULL, '1525881285'),
('B2018050923545515258812956576154', '696 農金資中心', '1', '0', '0', NULL, NULL, '1525881295'),
('b2018050923553615258813363257398', '806 元大商業銀行', '1', '0', '0', NULL, NULL, '1525881336'),
('b2018050923554815258813481249196', '808 玉山商業銀行', '1', '0', '0', NULL, NULL, '1525881348'),
('B2018050923555315258813531213576', '809 凱基商業銀行', '1', '0', '0', NULL, NULL, '1525881353'),
('B2018050923564415258814041396753', '866 阿里山農會', '1', '0', '0', NULL, NULL, '1525881404'),
('B2018050923565115258814113211866', '868 農金資中心', '1', '0', '0', NULL, NULL, '1525881411'),
('b2018050923565715258814175916172', '869 農金資中心', '1', '0', '0', NULL, NULL, '1525881417'),
('B2018050923572215258814426411933', '875 農金資中心', '1', '0', '0', NULL, NULL, '1525881442'),
('b2018050923573115258814518834215', '877 農金資中心', '1', '0', '0', NULL, NULL, '1525881451'),
('B2018050923573615258814561951701', '878 農金資中心', '1', '0', '0', NULL, NULL, '1525881456'),
('B2018050923582715258815077463258', '886 農金資中心', '1', '0', '0', NULL, NULL, '1525881507'),
('b2018050923585915258815398972190', '901 板農中心所屬會員', '1', '0', '0', NULL, NULL, '1525881539'),
('b2018050923592615258815666457662', '903 農金資中心', '1', '0', '0', NULL, NULL, '1525881566'),
('B2018050923594315258815839671181', '907 農金資中心', '1', '0', '0', NULL, NULL, '1525881583'),
('b2018050923595915258815998469611', '912 板農中心所屬會員', '1', '0', '0', NULL, NULL, '1525881599'),
('B2018051000002415258816248339797', '918 農金資中心', '1', '0', '0', NULL, NULL, '1525881624'),
('B2018052020355115268197511250037', '中国交通银行', '1', '0', '0', NULL, NULL, '1526819751'),
('b2018052020383515268199156123026', '中国光大银行', '1', '0', '0', NULL, NULL, '1526819915'),
('B2018052020390115268199410253973', '中国华夏银行', '1', '0', '0', NULL, NULL, '1526819941'),
('B2018062914585715302555370207614', '中国广西省南宁市兴宁区南梧大道支行', '2', 'A2018052020345815268196986787122', '0', NULL, NULL, '1530255537'),
('B2018063019111515303570751282108', '0131139國泰大甲', '2', 'A2018050923373115258802514617268', '0', NULL, NULL, '1530357075'),
('b2018071218061015313899703948648', '0447太平分行', '2', 'q2018050923561115258813715308681', '0', NULL, NULL, '1531389970'),
('c2018050920385115258695318605555', '0040037 臺銀營業部', '2', 'z2018050920384315258695239267163', '0', NULL, NULL, '1525869531'),
('c2018050920391315258695535276095', '004007 臺銀館前', '2', 'z2018050920384315258695239267163', '0', NULL, NULL, '1525869553'),
('c2018050920401715258696173822581', '0040174 臺銀屏東', '2', 'z2018050920384315258695239267163', '0', NULL, NULL, '1525869617'),
('c2018050920560415258705647626967', '0040428 臺銀三重', '2', 'z2018050920384315258695239267163', '0', NULL, NULL, '1525870564'),
('c2018050921041715258710578743695', '0040738 臺銀科學園', '2', 'z2018050920384315258695239267163', '0', NULL, NULL, '1525871057'),
('c2018050922322015258763409597738', '0041089 臺銀和平', '2', 'z2018050920384315258695239267163', '0', NULL, NULL, '1525876340'),
('c2018050922324815258763686283426', '0041115 臺銀土城', '2', 'z2018050920384315258695239267163', '0', NULL, NULL, '1525876368'),
('c2018050922333715258764177627016', '0041207 臺銀中莊', '2', 'z2018050920384315258695239267163', '0', NULL, NULL, '1525876417'),
('c2018050922334715258764272579896', '0041218臺銀平鎮', '2', 'z2018050920384315258695239267163', '0', NULL, NULL, '1525876427'),
('c2018050922344315258764837512002', '0041377 臺銀安南', '2', 'z2018050920384315258695239267163', '0', NULL, NULL, '1525876483'),
('c2018050922353115258765310729568', '0041436 臺銀鹿港', '2', 'z2018050920384315258695239267163', '0', NULL, NULL, '1525876531'),
('c2018050922365915258766199654903', '0041573 臺銀梧棲', '2', 'z2018050920384315258695239267163', '0', NULL, NULL, '1525876619'),
('c2018050922395215258767923600180', '0042215 臺銀高科', '2', 'z2018050920384315258695239267163', '0', NULL, NULL, '1525876792'),
('c2018050922400315258768030902628', '0042237 臺銀東湖', '2', 'z2018050920384315258695239267163', '0', NULL, NULL, '1525876803'),
('c2018050922414715258769079137693', '0042259 臺銀南港園', '2', 'z2018050920384315258695239267163', '0', NULL, NULL, '1525876907'),
('c2018050923365715258802176788177', '007 第一商業銀行', '1', '0', '0', NULL, NULL, '1525880217'),
('c2018050923404115258804411633173', '086 法商東方匯理銀行台北分行', '1', '0', '0', NULL, NULL, '1525880441'),
('c2018050923410515258804659001744', '101 瑞興商業銀行', '1', '0', '0', NULL, NULL, '1525880465'),
('c2018050923430415258805845464477', '161 彰化第五信用合作社', '1', '0', '0', NULL, NULL, '1525880584'),
('c2018050923432115258806012760178', '163 彰化第十信用合作社', '1', '0', '0', NULL, NULL, '1525880601'),
('c2018050923451015258807109211581', '222 澎湖縣第一信用合作社', '1', '0', '0', NULL, NULL, '1525880710'),
('c2018050923453915258807390721735', '372 大慶票券金融股份有限公司', '1', '0', '0', NULL, NULL, '1525880739'),
('c2018050923455815258807585464273', '382 大陸商中國建設銀行臺北分行', '1', '0', '0', NULL, NULL, '1525880758'),
('c2018050923480215258808821688261', '541 白河農會', '1', '0', '0', NULL, NULL, '1525880882'),
('c2018050923481815258808983805675', '549 農金資中心', '1', '0', '0', NULL, NULL, '1525880898'),
('c2018050923492515258809652631981', '570 農金資中心', '1', '0', '0', NULL, NULL, '1525880965'),
('c2018050923502415258810246320890', '603 北農中心所屬會員', '1', '0', '0', NULL, NULL, '1525881024'),
('c2018050923532115258812019038031', '631 農金資中心', '1', '0', '0', NULL, NULL, '1525881201'),
('c2018050923572715258814470555151', '876 農金資中心', '1', '0', '0', NULL, NULL, '1525881447'),
('c2018050923581115258814917358256', '883 農金資中心', '1', '0', '0', NULL, NULL, '1525881491'),
('c2018050923581715258814970950791', '884 農金資中心', '1', '0', '0', NULL, NULL, '1525881497'),
('c2018050923582215258815024817383', '885 農金資中心', '1', '0', '0', NULL, NULL, '1525881502'),
('c2018051000002915258816295318487', '919 農金資中心', '1', '0', '0', NULL, NULL, '1525881629'),
('c2018051000011715258816773698777', '952 南農中心所屬會員', '1', '0', '0', NULL, NULL, '1525881677'),
('c2018052020384715268199277138613', '中国民生银行', '1', '0', '0', NULL, NULL, '1526819927'),
('c2018060417491915281057593257128', '中国四川省成都分行', '2', 'z2018052020371515268198352373018', '0', NULL, NULL, '1528105759'),
('c2018063019111315303570737229567', '0131139國泰大甲', '2', 'A2018050923373115258802514617268', '0', NULL, NULL, '1530357073'),
('D2018050920392115258695618838561', '0040093 臺銀臺南', '2', 'z2018050920384315258695239267163', '0', NULL, NULL, '1525869561'),
('D2018050920392815258695688640290', '0040107 臺銀臺中', '2', 'z2018050920384315258695239267163', '0', NULL, NULL, '1525869568'),
('D2018050920483915258701198940862', '0040222 臺銀宜蘭', '2', 'z2018050920384315258695239267163', '0', NULL, NULL, '1525870119'),
('D2018050920493915258701796117147', '0040255 臺銀鳳山', '2', 'z2018050920384315258695239267163', '0', NULL, NULL, '1525870179'),
('D2018050920545715258704976444059', '0040370 臺銀霧峰', '2', 'z2018050920384315258695239267163', '0', NULL, NULL, '1525870497'),
('D2018050920553815258705387951892', '0040406 臺銀安平', '2', 'z2018050920384315258695239267163', '0', NULL, NULL, '1525870538'),
('D2018050921002915258708292465733', '0040509 臺銀松江', '2', 'z2018050920384315258695239267163', '0', NULL, NULL, '1525870829'),
('D2018050921003815258708381762584', '0040510 臺銀鼓山', '2', 'z2018050920384315258695239267163', '0', NULL, NULL, '1525870838'),
('D2018050921020815258709280197858', '0040602臺銀岡山', '2', 'z2018050920384315258695239267163', '0', NULL, NULL, '1525870928'),
('D2018050922303215258762321900622', '0040820 臺銀三多', '2', 'z2018050920384315258695239267163', '0', NULL, NULL, '1525876232'),
('D2018050922313015258762905814905', '0040901 臺銀大雅', '2', 'z2018050920384315258695239267163', '0', NULL, NULL, '1525876290'),
('D2018050922332815258764089759836', '0041193 臺銀博愛', '2', 'z2018050920384315258695239267163', '0', NULL, NULL, '1525876408'),
('D2018050922335515258764351855253', '0041229臺銀仁愛', '2', 'z2018050920384315258695239267163', '0', NULL, NULL, '1525876435'),
('D2018050922342315258764637977022', '0041355 臺銀五股', '2', 'z2018050920384315258695239267163', '0', NULL, NULL, '1525876463'),
('D2018050922343215258764726237280', '0041366臺銀大里', '2', 'z2018050920384315258695239267163', '0', NULL, NULL, '1525876472'),
('D2018050922345315258764930571980', '0041414 臺銀西屯', '2', 'z2018050920384315258695239267163', '0', NULL, NULL, '1525876493'),
('D2018050922384215258767227504144', '0041919 臺銀高機', '2', 'z2018050920384315258695239267163', '0', NULL, NULL, '1525876722'),
('D2018050922425815258769782667821', '0042400 臺銀信安', '2', 'z2018050920384315258695239267163', '0', NULL, NULL, '1525876978'),
('D2018050922430815258769886562678', '0042411 臺銀劍潭', '2', 'z2018050920384315258695239267163', '0', NULL, NULL, '1525876988'),
('D2018050922462015258771801615914', '0042798 臺銀北機', '2', 'z2018050920384315258695239267163', '0', NULL, NULL, '1525877180'),
('D2018050923363715258801979811441', '005 臺灣土地銀行', '1', '0', '0', NULL, NULL, '1525880197'),
('D2018050923385015258803309514585', '039 澳盛（台灣）商業銀行', '1', '0', '0', NULL, NULL, '1525880330'),
('D2018050923391715258803574141521', '053 台中商業銀行', '1', '0', '0', NULL, NULL, '1525880357'),
('D2018050923413415258804948830581', '114 基隆第一信用合作社', '1', '0', '0', NULL, NULL, '1525880494'),
('D2018050923422715258805471950099', '132 新竹第三信用合作社', '1', '0', '0', NULL, NULL, '1525880547'),
('D2018050923424515258805651265023', '158 彰化第一信用合作社', '1', '0', '0', NULL, NULL, '1525880565'),
('D2018050923425215258805726630442', '158 彰化第一信用合作社', '1', '0', '0', NULL, NULL, '1525880572'),
('D2018050923432615258806066514862', '165 彰化縣鹿港信用合作社', '1', '0', '0', NULL, NULL, '1525880606'),
('D2018050923450515258807058761703', '216 花蓮第二信用合作社', '1', '0', '0', NULL, NULL, '1525880705'),
('D2018050923473415258808540645191', '523 南農中心所屬會員', '1', '0', '0', NULL, NULL, '1525880854'),
('D2018050923473915258808596483273', '524 南農中心所屬會員', '1', '0', '0', NULL, NULL, '1525880859'),
('D2018050923483915258809198752618', '557 農金資中心', '1', '0', '0', NULL, NULL, '1525880919'),
('D2018050923494915258809894961867', '578 農金資中心', '1', '0', '0', NULL, NULL, '1525880989'),
('D2018050923514515258811057651851', '610 北農中心所屬會員', '1', '0', '0', NULL, NULL, '1525881105'),
('D2018050923520415258811243060242', '614 南農中心所屬會員', '1', '0', '0', NULL, NULL, '1525881124'),
('D2018050923540015258812403165476', '639 農金資中心', '1', '0', '0', NULL, NULL, '1525881240'),
('D2018050923545015258812903270933', '693 農金資中心', '1', '0', '0', NULL, NULL, '1525881290'),
('D2018050923545915258812997867446', '697 農金資中心', '1', '0', '0', NULL, NULL, '1525881299'),
('D2018050923563715258813979036011', '860 農金資中心', '1', '0', '0', NULL, NULL, '1525881397'),
('D2018050923570315258814239520774', '870 農金資中心', '1', '0', '0', NULL, NULL, '1525881423'),
('D2018050923574515258814656284472', '880 農金資中心', '1', '0', '0', NULL, NULL, '1525881465'),
('D2018050923575115258814719637996', '881 農金資中心', '1', '0', '0', NULL, NULL, '1525881471'),
('D2018050923584915258815296852308', '897 鳳榮農會', '1', '0', '0', NULL, NULL, '1525881529'),
('D2018050923593815258815785284196', '906 農金資中心', '1', '0', '0', NULL, NULL, '1525881578'),
('D2018051000010115258816618476321', '925 農金資中心', '1', '0', '0', NULL, NULL, '1525881661'),
('D2018051009513815259170985641939', '台北分行有点好', '2', 'A2018050923383715258803178730228', '0', NULL, NULL, '1525917098'),
('D2018052922023115276025510205008', '中国福建省福州分行', '2', 'z2018052020371515268198352373018', '0', NULL, NULL, '1527602551'),
('D2018070923375215311506729136232', '0129中壢分行', '2', 'G2018050923563215258813925010552', '0', NULL, NULL, '1531150672'),
('D2018071110372415312766442276910', '8060183 雲林斗信', '2', 'b2018050923553615258813363257398', '0', NULL, NULL, '1531276644'),
('D2018071617195615317327963867527', '3802108內壢簡易型分行', '2', 'G2018050923563215258813925010552', '0', NULL, NULL, '1531732796'),
('G2018050920492915258701691354845', '0040244 臺銀澎湖', '2', 'z2018050920384315258695239267163', '0', NULL, NULL, '1525870169'),
('G2018050920512915258702894593823', '0040303 臺銀豐原', '2', 'z2018050920384315258695239267163', '0', NULL, NULL, '1525870289'),
('G2018050921001015258708101082799', '0040484 臺銀連城', '2', 'z2018050920384315258695239267163', '0', NULL, NULL, '1525870810'),
('G2018050921001815258708189518184', '0040495 臺銀員林', '2', 'z2018050920384315258695239267163', '0', NULL, NULL, '1525870818'),
('G2018050921014715258709072718446', '0040587 臺銀羅東', '2', 'z2018050920384315258695239267163', '0', NULL, NULL, '1525870907'),
('G2018050921042715258710675050969', '0040749 臺銀樹林', '2', 'z2018050920384315258695239267163', '0', NULL, NULL, '1525871067'),
('G2018050922330815258763880214485', '0041160 臺銀大昌', '2', 'z2018050920384315258695239267163', '0', NULL, NULL, '1525876388'),
('G2018050922354815258765480115493', '0041469 臺銀南科', '2', 'z2018050920384315258695239267163', '0', NULL, NULL, '1525876548'),
('G2018050922380815258766881926849', '0041724 臺銀建國', '2', 'z2018050920384315258695239267163', '0', NULL, NULL, '1525876688'),
('G2018050922382515258767057403161', '0041861 臺銀東桃園', '2', 'z2018050920384315258695239267163', '0', NULL, NULL, '1525876705'),
('G2018050922385015258767303367678', '0041931 臺銀永吉簡', '2', 'z2018050920384315258695239267163', '0', NULL, NULL, '1525876730'),
('G2018050922394215258767823307169', '0042204 臺銀中科', '2', 'z2018050920384315258695239267163', '0', NULL, NULL, '1525876782'),
('G2018050922420215258769226208733', '0042271 臺銀仁德', '2', 'z2018050920384315258695239267163', '0', NULL, NULL, '1525876922'),
('G2018050922421715258769376244447', '0042293 臺銀木柵', '2', 'z2018050920384315258695239267163', '0', NULL, NULL, '1525876937'),
('G2018050922432115258770014289900', '0042422 臺銀萬華', '2', 'z2018050920384315258695239267163', '0', NULL, NULL, '1525877001'),
('G2018050922450215258771020797444', '0042525 臺銀嘉南', '2', 'z2018050920384315258695239267163', '0', NULL, NULL, '1525877102'),
('G2018050923372215258802429762215', '012 台北富邦商業銀行', '1', '0', '0', NULL, NULL, '1525880242'),
('G2018050923392515258803656766381', '054 京城商業銀行', '1', '0', '0', NULL, NULL, '1525880365'),
('G2018050923411715258804775097879', '103 臺灣新光商業銀行', '1', '0', '0', NULL, NULL, '1525880477'),
('G2018050923421315258805330355684', '127 桃園信用合作社', '1', '0', '0', NULL, NULL, '1525880533'),
('G2018050923450015258807000591564', '215 花蓮第一信用合作社', '1', '0', '0', NULL, NULL, '1525880700'),
('G2018050923451615258807164364434', '223 澎湖第二信用合作社', '1', '0', '0', NULL, NULL, '1525880716'),
('G2018050923461915258807794198933', '505 北農中心所屬會員', '1', '0', '0', NULL, NULL, '1525880779'),
('G2018050923464015258808000204572', '510 農金資中心', '1', '0', '0', NULL, NULL, '1525880800'),
('G2018050923465715258808176716927', '515 南農中心所屬會員', '1', '0', '0', NULL, NULL, '1525880817'),
('G2018050923471215258808326260923', '518 南農中心所屬會員', '1', '0', '0', NULL, NULL, '1525880832'),
('G2018050923484415258809242426068', '558 農金資中心', '1', '0', '0', NULL, NULL, '1525880924'),
('G2018050923485815258809389355283', '562 農金資中心', '1', '0', '0', NULL, NULL, '1525880938'),
('G2018050923493415258809744356212', '574 農金資中心', '1', '0', '0', NULL, NULL, '1525880974'),
('G2018050923495915258809991778543', '580 農金資中心', '1', '0', '0', NULL, NULL, '1525880999'),
('G2018050923513915258810999207900', '609 北農中心所屬會員', '1', '0', '0', NULL, NULL, '1525881099'),
('G2018050923515015258811102342991', '611 北農中心所屬會員', '1', '0', '0', NULL, NULL, '1525881110'),
('G2018050923525115258811711074206', '623 北農中心所屬會員', '1', '0', '0', NULL, NULL, '1525881171'),
('G2018050923530615258811863344753', '627 南農中心所屬會員', '1', '0', '0', NULL, NULL, '1525881186'),
('G2018050923535015258812300985471', '636 農金資中心', '1', '0', '0', NULL, NULL, '1525881230'),
('G2018050923550615258813061334543', '698 農金資中心', '1', '0', '0', NULL, NULL, '1525881306'),
('G2018050923552015258813208233683', '749 內埔農會', '1', '0', '0', NULL, NULL, '1525881320'),
('G2018050923554215258813428629335', '807 永豐商業銀行', '1', '0', '0', NULL, NULL, '1525881342'),
('G2018050923562615258813863956354', '816 安泰商業銀行', '1', '0', '0', NULL, NULL, '1525881386'),
('G2018050923563215258813925010552', '822 中國信託商業銀行', '1', '0', '0', NULL, NULL, '1525881392'),
('G2018050923571315258814333340471', '872 農金資中心', '1', '0', '0', NULL, NULL, '1525881433'),
('G2018050923580515258814852072759', '882 農金資中心', '1', '0', '0', NULL, NULL, '1525881485'),
('G2018051000001615258816162385768', '916 板農中心所屬會員', '1', '0', '0', NULL, NULL, '1525881616'),
('G2018051000002015258816201697346', '917 農金資中心', '1', '0', '0', NULL, NULL, '1525881620'),
('G2018051000003415258816343152894', '920 農金資中心', '1', '0', '0', NULL, NULL, '1525881634'),
('G2018051000010615258816666261090', '926 農金資中心', '1', '0', '0', NULL, NULL, '1525881666'),
('G2018052020353115268197315078156', '中国招商银行', '1', '0', '0', NULL, NULL, '1526819731'),
('G2018052020382415268199044404239', '农村商业银行（信用社）', '1', '0', '0', NULL, NULL, '1526819904'),
('G2018071323500615314970067889850', '221 新店分行', '2', 'c2018050923365715258802176788177', '0', NULL, NULL, '1531497006'),
('H2018050920395615258695968214510', '0040141 臺銀嘉義', '2', 'z2018050920384315258695239267163', '0', NULL, NULL, '1525869596'),
('H2018050920515515258703159535388', '0040314 臺銀斗六', '2', 'z2018050920384315258695239267163', '0', NULL, NULL, '1525870315'),
('H2018050921015815258709183295996', '0040598 臺銀埔里', '2', 'z2018050920384315258695239267163', '0', NULL, NULL, '1525870918'),
('H2018050922313915258762996597024', '0040912 臺銀南梓', '2', 'z2018050920384315258695239267163', '0', NULL, NULL, '1525876299'),
('H2018050922361515258765759954496', '0041539 臺銀內湖', '2', 'z2018050920384315258695239267163', '0', NULL, NULL, '1525876575'),
('H2018050922385915258767394773625', '0041942 臺銀東門簡', '2', 'z2018050920384315258695239267163', '0', NULL, NULL, '1525876739'),
('H2018050922421015258769303087317', '0042282 臺銀林口', '2', 'z2018050920384315258695239267163', '1', NULL, NULL, '1525876930'),
('H2018050922423315258769533208352', '0042363 臺銀武昌', '2', 'z2018050920384315258695239267163', '0', NULL, NULL, '1525876953'),
('H2018050922464415258772048692084', '0042891 臺銀中機', '2', 'z2018050920384315258695239267163', '1', NULL, NULL, '1525877204'),
('H2018050923375215258802722028299', '018 全國農業金庫', '1', '0', '0', NULL, NULL, '1525880272'),
('H2018050923383115258803119868393', '029 新加坡商大華銀行台北分行', '1', '0', '0', NULL, NULL, '1525880311'),
('H2018050923385715258803374627893', '048 王道商業銀行', '1', '0', '0', NULL, NULL, '1525880337'),
('H2018050923402115258804211534405', '081 匯豐（台灣）商業銀行', '1', '0', '0', NULL, NULL, '1525880421'),
('H2018050923403215258804327386589', '085 新加坡商新加坡華僑銀行台北分行', '1', '0', '0', NULL, NULL, '1525880432'),
('H2018050923405915258804597675918', '098 日商三菱東京日聯銀行台北分行', '1', '0', '0', NULL, NULL, '1525880459'),
('H2018050923433315258806131747916', '178 嘉義市第三信用合作社', '1', '0', '0', NULL, NULL, '1525880613'),
('H2018050923444815258806884720495', '188 台南第三信用合作社', '1', '0', '0', NULL, NULL, '1525880688'),
('H2018050923445415258806945293106', '204 高雄市第三信用合作社', '1', '0', '0', NULL, NULL, '1525880694'),
('H2018050923454615258807462716935', '380 大陸商中國銀行臺北分行', '1', '0', '0', NULL, NULL, '1525880746'),
('H2018050923460915258807697554725', '503 北農中心所屬會員', '1', '0', '0', NULL, NULL, '1525880769'),
('H2018050923471815258808387970847', '519 新化農會', '1', '0', '0', NULL, NULL, '1525880838'),
('H2018050923480815258808880764266', '542 農金資中心', '1', '0', '0', NULL, NULL, '1525880888'),
('H2018050923483315258809136340977', '556 學甲農會', '1', '0', '0', NULL, NULL, '1525880913'),
('H2018050923484915258809296070331', '559 山上農會', '1', '0', '0', NULL, NULL, '1525880929'),
('H2018050923490415258809442496320', '564 關廟農會', '1', '0', '0', NULL, NULL, '1525880944'),
('H2018050923491415258809546077148', '567 農金資中心', '1', '0', '0', NULL, NULL, '1525880954'),
('H2018050923521415258811347537903', '617 南農中心所屬會員', '1', '0', '0', NULL, NULL, '1525881134'),
('H2018050923522515258811455536254', '619 南農中心所屬會員', '1', '0', '0', NULL, NULL, '1525881145'),
('H2018050923531215258811927299062', '628 農金資中心', '1', '0', '0', NULL, NULL, '1525881192'),
('H2018050923531715258811971407338', '629 農金資中心', '1', '0', '0', NULL, NULL, '1525881197'),
('H2018050923534515258812253431960', '635 農金資中心', '1', '0', '0', NULL, NULL, '1525881225'),
('H2018050923553115258813314524216', '805 遠東國際商業銀行', '1', '0', '0', NULL, NULL, '1525881331'),
('H2018050923571815258814385667699', '874 霧峰農會', '1', '0', '0', NULL, NULL, '1525881438'),
('H2018050923584415258815249511284', '896 玉溪農會', '1', '0', '0', NULL, NULL, '1525881524'),
('H2018050923592215258815622708703', '902 農金資中心', '1', '0', '0', NULL, NULL, '1525881562'),
('H2018051000003815258816387603648', '921 農金資中心', '1', '0', '0', NULL, NULL, '1525881638'),
('H2018051000012215258816829424435', '953 農金資中心', '1', '0', '0', NULL, NULL, '1525881682'),
('H2018051009500715259170075799963', '行名', '2', 'A2018050923382015258803000912879', '0', NULL, NULL, '1525917007'),
('H2018052020401315268200139121093', '中国邮政银行', '1', '0', '0', NULL, NULL, '1526820013'),
('H2018060816583315284483131497605', '中国福建省福鼎市支行', '2', 'z2018052020344515268196854287198', '0', NULL, NULL, '1528448313'),
('H2018071516091315316421536112252', '竹北分行', '2', 'A2018050923374415258802649510938', '0', NULL, NULL, '1531642153'),
('q2018050920394915258695898153612', '0040130 臺銀中興', '2', 'z2018050920384315258695239267163', '0', NULL, NULL, '1525869589'),
('q2018050920401015258696107849296', '0040163 臺銀彰化', '2', 'z2018050920384315258695239267163', '0', NULL, NULL, '1525869610'),
('q2018050920503515258702350010359', '0040277 臺銀板橋', '2', 'z2018050920384315258695239267163', '0', NULL, NULL, '1525870235'),
('q2018050920504715258702475478861', '0040288臺銀新營', '2', 'z2018050920384315258695239267163', '0', NULL, NULL, '1525870247'),
('q2018050920510415258702647653853', '0040299 臺銀苗栗', '2', 'z2018050920384315258695239267163', '0', NULL, NULL, '1525870264'),
('q2018050920543215258704723188915', '0040358 臺銀左營', '2', 'z2018050920384315258695239267163', '0', NULL, NULL, '1525870472'),
('q2018050920564115258706015200664', '0040440 臺銀前鎮', '2', 'z2018050920384315258695239267163', '0', NULL, NULL, '1525870601'),
('q2018050921022215258709425971019', '0040613臺銀新興', '2', 'z2018050920384315258695239267163', '0', NULL, NULL, '1525870942'),
('q2018050921035815258710380169400', '0040716 臺銀新莊', '2', 'z2018050920384315258695239267163', '0', NULL, NULL, '1525871038'),
('q2018050921043715258710770793753', '0040750 臺銀新店', '2', 'z2018050920384315258695239267163', '0', NULL, NULL, '1525871077'),
('q2018050922322915258763497111006', '0041090 臺银水湳', '2', 'z2018050920384315258695239267163', '0', NULL, NULL, '1525876349'),
('q2018050922325815258763787839819', '0041159 臺銀桃機', '2', 'z2018050920384315258695239267163', '0', NULL, NULL, '1525876378'),
('q2018050922362515258765850593196', '0041540 臺銀嘉北', '2', 'z2018050920384315258695239267163', '0', NULL, NULL, '1525876585'),
('q2018050922364815258766088269028', '0041562 臺銀汐止', '2', 'z2018050920384315258695239267163', '0', NULL, NULL, '1525876608'),
('q2018050922370815258766287833971', '0041595 臺銀小港', '2', 'z2018050920384315258695239267163', '0', NULL, NULL, '1525876628'),
('q2018050922380015258766800858384', '0041713 臺銀德芳', '2', 'z2018050920384315258695239267163', '0', NULL, NULL, '1525876680'),
('q2018050922383415258767146147989', '0041872 臺銀蘆洲', '2', 'z2018050920384315258695239267163', '0', NULL, NULL, '1525876714'),
('q2018050922415515258769153274564', '0042260 臺銀龍潭', '2', 'z2018050920384315258695239267163', '0', NULL, NULL, '1525876915'),
('q2018050922425015258769703835268', '0042396 臺銀金山', '2', 'z2018050920384315258695239267163', '0', NULL, NULL, '1525876970'),
('q2018050922444615258770866560269', '0042488 臺銀六家', '2', 'z2018050920384315258695239267163', '0', NULL, NULL, '1525877086'),
('q2018050922463615258771964675861', '0042835 臺銀仁武', '2', 'z2018050920384315258695239267163', '0', NULL, NULL, '1525877196'),
('q2018050923390915258803492563256', '052 渣打國際商業銀行', '1', '0', '0', NULL, NULL, '1525880349'),
('q2018050923393415258803741278828', '060 兆豐票券金融股份有限公司', '1', '0', '0', NULL, NULL, '1525880374'),
('q2018050923431015258805908977878', '162 彰化第六信用合作社', '1', '0', '0', NULL, NULL, '1525880590'),
('q2018050923492915258809697531543', '573 農金資中心', '1', '0', '0', NULL, NULL, '1525880969'),
('q2018050923524615258811661961180', '622 南農中心所屬會員', '1', '0', '0', NULL, NULL, '1525881166'),
('q2018050923532715258812077370043', '632 農金資中心', '1', '0', '0', NULL, NULL, '1525881207'),
('q2018050923543615258812764017389', '651 農金資中心', '1', '0', '0', NULL, NULL, '1525881276'),
('q2018050923561115258813715308681', '812 台新國際商業銀行', '1', '0', '0', NULL, NULL, '1525881371'),
('q2018050923583915258815194210118', '895 瑞穗農會', '1', '0', '0', NULL, NULL, '1525881519'),
('q2018050923593215258815720544042', '904 板農中心所屬會員', '1', '0', '0', NULL, NULL, '1525881572'),
('q2018051000005615258816567488242', '924 農金資中心', '1', '0', '0', NULL, NULL, '1525881656'),
('q2018051000011115258816716240597', '928 板農中心所屬會員', '1', '0', '0', NULL, NULL, '1525881671'),
('q2018060315060115280095613042991', '上海支行', '2', 'z2018052020371515268198352373018', '0', NULL, NULL, '1528009561'),
('q2018060720182415283739042791373', '苏苏', '2', 'z2018050923364815258802087731016', '0', NULL, NULL, '1528373904'),
('q2018061516281115290512918349810', '001 高雄分行', '2', 'z2018050920384315258695239267163', '0', NULL, NULL, '1529051291'),
('z2018050920384315258695239267163', '004 臺灣銀行', '1', '0', '0', NULL, NULL, '1525869523'),
('z2018050920403315258696332193042', '0040196 臺銀延平', '2', 'z2018050920384315258695239267163', '0', NULL, NULL, '1525869633'),
('z2018050920541815258704582282105', '0040347 臺銀公館', '2', 'z2018050920384315258695239267163', '0', NULL, NULL, '1525870458'),
('z2018050920565315258706137633233', '0040451 臺銀城中', '2', 'z2018050920384315258695239267163', '0', NULL, NULL, '1525870613'),
('z2018050921000015258708003641955', '0040473 臺銀潭子', '2', 'z2018050920384315258695239267163', '0', NULL, NULL, '1525870800'),
('z2018050921013715258708979157456', '0040576 臺銀臺中港', '2', 'z2018050920384315258695239267163', '0', NULL, NULL, '1525870897'),
('z2018050921024215258709624857529', '0040624 臺銀岺雅', '2', 'z2018050920384315258695239267163', '0', NULL, NULL, '1525870962'),
('z2018050921030315258709831209395', '0040657 臺銀健行', '2', 'z2018050920384315258695239267163', '0', NULL, NULL, '1525870983'),
('z2018050921034115258710219724515', '0040705 臺銀士林', '2', 'z2018050920384315258695239267163', '0', NULL, NULL, '1525871021'),
('z2018050922302115258762214857914', '0040819 臺銀永康', '2', 'z2018050920384315258695239267163', '0', NULL, NULL, '1525876221'),
('z2018050922305215258762526184271', '0040864 臺銀大安', '2', 'z2018050920384315258695239267163', '0', NULL, NULL, '1525876252'),
('z2018050922360715258765672386242', '0041481 臺銀淡水', '2', 'z2018050920384315258695239267163', '0', NULL, NULL, '1525876567'),
('z2018050922371715258766372471147', '0041609 臺銀中屏', '2', 'z2018050920384315258695239267163', '0', NULL, NULL, '1525876637'),
('z2018050922432915258770094854912', '0042433 臺銀板新', '2', 'z2018050920384315258695239267163', '0', NULL, NULL, '1525877009'),
('z2018050922434515258770252817366', '0042455 臺銀南新莊', '2', 'z2018050920384315258695239267163', '0', NULL, NULL, '1525877025'),
('z2018050922441015258770504727596', '0042477 臺銀新明', '2', 'z2018050920384315258695239267163', '0', NULL, NULL, '1525877050'),
('z2018050922451915258771195214871', '0042558 臺銀北高雄', '2', 'z2018050920384315258695239267163', '0', NULL, NULL, '1525877119'),
('z2018050923364815258802087731016', '006 合作金庫商業銀行', '1', '0', '0', NULL, NULL, '1525880208'),
('z2018050923373715258802578607655', '016 高雄銀行', '1', '0', '0', NULL, NULL, '1525880257'),
('z2018050923402615258804262741089', '082 法國巴黎銀行台北分行', '1', '0', '0', NULL, NULL, '1525880426'),
('z2018050923420715258805271335418', '124 宜蘭信用合作社', '1', '0', '0', NULL, NULL, '1525880527'),
('z2018050923462915258807897923890', '507 聯資中心所屬會員', '1', '0', '0', NULL, NULL, '1525880789'),
('z2018050923472815258808488777031', '521 南農中心所屬會員', '1', '0', '0', NULL, NULL, '1525880848'),
('z2018050923475015258808708694957', '525 南農中心所屬會員', '1', '0', '0', NULL, NULL, '1525880870'),
('z2018050923482815258809081563895', '552 農金資中心', '1', '0', '0', NULL, NULL, '1525880908'),
('z2018050923513415258810945198179', '608 聯資中心所屬會員', '1', '0', '0', NULL, NULL, '1525881094'),
('z2018050923520915258811293292087', '616 南農中心所屬會員', '1', '0', '0', NULL, NULL, '1525881129'),
('z2018050923541115258812511859081', '643 農金資中心', '1', '0', '0', NULL, NULL, '1525881251'),
('z2018050923542615258812666117872', '649 農金資中心', '1', '0', '0', NULL, NULL, '1525881266'),
('z2018050923543115258812714819199', '650 農金資中心', '1', '0', '0', NULL, NULL, '1525881271'),
('z2018050923551115258813112518203', '699 農金資中心', '1', '0', '0', NULL, NULL, '1525881311'),
('z2018050923551615258813160302405', '700 中華郵政股份有限公司', '1', '0', '0', NULL, NULL, '1525881316'),
('z2018050923552515258813255128226', '803 聯邦銀行', '1', '0', '0', NULL, NULL, '1525881325'),
('z2018051000001015258816104843821', '915 農金資中心', '1', '0', '0', NULL, NULL, '1525881610'),
('z2018051000005115258816513046770', '923 農金資中心', '1', '0', '0', NULL, NULL, '1525881651'),
('z2018051000013315258816934451290', '996 財政部國庫署', '1', '0', '0', NULL, NULL, '1525881693'),
('z2018052020344515268196854287198', '中国建设银行', '1', '0', '0', NULL, NULL, '1526819685'),
('z2018052020371515268198352373018', '中国中信银行', '1', '0', '0', NULL, NULL, '1526819835'),
('z2018060315055815280095585690550', '上海支行', '2', 'z2018052020371515268198352373018', '0', NULL, NULL, '1528009558'),
('z2018060414192715280931670687775', '福建省福州分行', '2', 'z2018052020371515268198352373018', '0', NULL, NULL, '1528093167'),
('z2018060414524915280951694273928', '广东省惠州淡水立交桥中国工商银行', '2', 'a2018052020351715268197174140631', '0', NULL, NULL, '1528095169'),
('z2018062914572115302554417462533', '中国广西省南宁市兴宁区南梧支行', '2', 'A2018052020345815268196986787122', '0', NULL, NULL, '1530255441'),
('z2018071218335715313916377019167', '0473 文心分行', '2', 'G2018050923563215258813925010552', '0', NULL, NULL, '1531391637');

-- --------------------------------------------------------

--
-- 表的结构 `btc_bulletin`
--

CREATE TABLE `btc_bulletin` (
  `bulletin_id` varchar(32) NOT NULL COMMENT '公告ID',
  `bulletin_title_i18n` varchar(32) NOT NULL COMMENT '公告标题',
  `status` varchar(1) NOT NULL DEFAULT '0' COMMENT '发布状态0-未发布 1-已发布',
  `bulletin_content_i18n` varchar(32) NOT NULL COMMENT '公告内容',
  `bulletin_issue_time` varchar(12) DEFAULT NULL COMMENT '公告发布时间',
  `delete_time` varchar(12) CHARACTER SET latin1 DEFAULT NULL COMMENT '删除时间',
  `update_time` varchar(12) CHARACTER SET latin1 DEFAULT NULL COMMENT '更新时间',
  `create_time` varchar(12) CHARACTER SET latin1 DEFAULT NULL COMMENT '创建时间',
  `is_deleted` varchar(1) CHARACTER SET latin1 NOT NULL DEFAULT '0' COMMENT '是否删除0-未删除 1-已删除'
) ENGINE=InnoDB DEFAULT CHARSET=utf8 COMMENT='公告表';

--
-- 转存表中的数据 `btc_bulletin`
--

INSERT INTO `btc_bulletin` (`bulletin_id`, `bulletin_title_i18n`, `status`, `bulletin_content_i18n`, `bulletin_issue_time`, `delete_time`, `update_time`, `create_time`, `is_deleted`) VALUES
('A2018051001010915258852697842729', 'G2018051001010915258852697820646', '1', 'D2018051001010915258852697821086', '1525885276', '1527950333', NULL, '1525885269', '1'),
('a2018053013593215276599729707084', 'q2018053013593215276599729550771', '1', 'a2018053013593215276599729550793', '1527660021', '1527744002', NULL, '1527659972', '1'),
('a2018060221114515279451057132173', 'D2018060221114515279451057127752', '1', 'B2018060221114515279451057127967', '1527945128', '1528086294', NULL, '1527945105', '1'),
('A2018060812571615284338362840348', 'D2018060812571615284338362835541', '1', 'H2018060812571615284338362835772', '1528433845', '1528647491', NULL, '1528433836', '1'),
('B2018051000570215258850220296843', 'b2018051000570215258850220264347', '1', 'B2018051000570215258850220264715', '1525885057', '1525885163', NULL, '1525885022', '1'),
('b2018052020191515268187554501904', 'z2018052020191515268187554345747', '1', 'A2018052020191515268187554345721', '1526819167', NULL, NULL, '1526818755', '0'),
('b2018052814352715274893278697714', 'a2018052814352715274893278228965', '1', 'z2018052814352715274893278228900', '1527489363', '1527576299', NULL, '1527489327', '1'),
('B2018052914444315275762838367168', 'q2018052914444315275762838054600', '1', 'z2018052914444315275762838054605', '1527576310', '1527576685', NULL, '1527576283', '1'),
('B2018061118132715287120073149697', 'z2018061118132715287120073145229', '1', 'a2018061118132715287120073145560', '1528712029', '1529677738', NULL, '1528712007', '1'),
('B2018062222284415296777242426136', 'b2018062222284415296777242420191', '1', 'H2018062222284415296777242420375', '1529677747', NULL, NULL, '1529677724', '0'),
('D2018053113194415277439846650309', 'z2018053113194415277439846337827', '1', 'D2018053113194415277439846337807', '1527744013', '1527945121', NULL, '1527743984', '1'),
('H2018052020324915268195691289022', 'q2018052020324915268195691289035', '1', 'b2018052020324915268195691289041', '1526819638', '1527489134', NULL, '1526819569', '1'),
('H2018060412243315280862737356765', 'B2018060412243315280862737352405', '1', 'A2018060412243315280862737352640', '1528086301', '1528204761', NULL, '1528086273', '1'),
('q2018060222383315279503135143813', 'z2018060222383315279503135139501', '1', 'D2018060222383315279503135139786', '1527950434', '1527950785', NULL, '1527950313', '1'),
('q2018060521184915282047294026911', 'c2018060521184915282047294021748', '1', 'b2018060521184915282047294021912', '1528204776', '1528712020', NULL, '1528204729', '1'),
('z2018052914510815275766686365284', 'b2018052914510815275766686365218', '1', 'A2018052914510815275766686365276', '1527576696', '1527660007', NULL, '1527576668', '1'),
('z2018060222491615279509562359528', 'B2018060222491615279509562322536', '1', 'b2018060222491615279509562322777', '1527950967', '1529905777', NULL, '1527950956', '1'),
('z2018062513490815299057485157188', 'H2018062513490815299057485152429', '1', 'D2018062513490815299057485152688', '1529905765', NULL, NULL, '1529905748', '0');

-- --------------------------------------------------------

--
-- 表的结构 `btc_common_problem`
--

CREATE TABLE `btc_common_problem` (
  `common_problem_id` varchar(32) NOT NULL COMMENT '常见问题ID',
  `title_i18n_id` varchar(32) DEFAULT NULL COMMENT '标题题目',
  `content_i18n_id` varchar(32) DEFAULT NULL COMMENT '问题内容',
  `type` tinyint(1) DEFAULT '1' COMMENT '查看constant.php文件',
  `delete_time` varchar(12) DEFAULT NULL COMMENT '删除时间',
  `update_time` varchar(12) DEFAULT NULL COMMENT '更新时间',
  `create_time` varchar(12) DEFAULT NULL COMMENT '创建时间',
  `is_deleted` varchar(1) NOT NULL DEFAULT '0' COMMENT '是否删除0-未删除 1-已删除'
) ENGINE=InnoDB DEFAULT CHARSET=utf8 COMMENT='常见问题表';

--
-- 转存表中的数据 `btc_common_problem`
--

INSERT INTO `btc_common_problem` (`common_problem_id`, `title_i18n_id`, `content_i18n_id`, `type`, `delete_time`, `update_time`, `create_time`, `is_deleted`) VALUES
('a2018051000362315258837838904429', 'q2018051000362315258837838874404', 'b2018051000362315258837838874920', 2, NULL, NULL, '1525883783', '0'),
('a2018051000384515258839254026186', 'D2018051000384515258839253990379', 'B2018051000384515258839253990648', 2, NULL, NULL, '1525883925', '0'),
('c2018051000233015258830104870327', 'B2018051000233015258830104844442', 'D2018051000233015258830104844846', 1, NULL, NULL, '1525883010', '0'),
('G2018051000210715258828675379404', 'A2018051000210715258828675346581', 'c2018051000210715258828675346814', 1, NULL, NULL, '1525882867', '0'),
('z2018051000281615258832966442913', 'G2018051000281615258832966404707', 'H2018051000281615258832966405154', 1, NULL, NULL, '1525883296', '0'),
('z2018051000312115258834819795782', 'c2018051000312115258834819759238', 'b2018051000312115258834819759539', 1, NULL, NULL, '1525883481', '0'),
('z2018051000411715258840778745910', 'D2018051000411715258840778715581', 'a2018051000411715258840778715803', 2, NULL, NULL, '1525884077', '0');

-- --------------------------------------------------------

--
-- 表的结构 `btc_currency_value`
--

CREATE TABLE `btc_currency_value` (
  `id` varchar(32) NOT NULL,
  `btc_value_twd` decimal(50,0) NOT NULL COMMENT '比特币对新台币的单价',
  `btc_value_hkd` decimal(50,0) NOT NULL COMMENT '比特币对港币的单价',
  `btc_value_usd` decimal(50,0) NOT NULL COMMENT '比特币对美元的单价',
  `eth_value_twd` decimal(50,0) NOT NULL COMMENT '以太币对新台币的单价',
  `eth_value_hkd` decimal(50,0) NOT NULL COMMENT '以太币对港币的单价',
  `eth_value_usd` decimal(50,0) NOT NULL COMMENT '以太币对美元的单价',
  `etc_float_max` varchar(10) NOT NULL COMMENT '以太币浮动值',
  `btc_float_max` varchar(10) NOT NULL COMMENT '比特币浮动值',
  `etc_float_min` varchar(10) NOT NULL COMMENT '以太币浮动最小值',
  `btc_float_min` varchar(10) NOT NULL COMMENT '比特币浮动最小值'
) ENGINE=InnoDB DEFAULT CHARSET=utf8 COMMENT='货币价值表';

--
-- 转存表中的数据 `btc_currency_value`
--

INSERT INTO `btc_currency_value` (`id`, `btc_value_twd`, `btc_value_hkd`, `btc_value_usd`, `eth_value_twd`, `eth_value_hkd`, `eth_value_usd`, `etc_float_max`, `btc_float_max`, `etc_float_min`, `btc_float_min`) VALUES
('10000000000000000000000000000000', '191100', '49685', '6370', '13380', '3478', '446', '0.0831', '0.0155', '0.0322', '0.00350');

-- --------------------------------------------------------

--
-- 表的结构 `btc_exchange`
--

CREATE TABLE `btc_exchange` (
  `id` int(2) NOT NULL,
  `usd` float(32,4) DEFAULT NULL COMMENT '美金',
  `twd` float(32,4) DEFAULT NULL COMMENT '新台币',
  `hkd` float(32,4) DEFAULT NULL COMMENT '港币'
) ENGINE=MyISAM DEFAULT CHARSET=utf8 COMMENT='汇率设置';

--
-- 转存表中的数据 `btc_exchange`
--

INSERT INTO `btc_exchange` (`id`, `usd`, `twd`, `hkd`) VALUES
(1, 1.0000, 30.8100, 7.8400);

-- --------------------------------------------------------

--
-- 表的结构 `btc_home_info`
--

CREATE TABLE `btc_home_info` (
  `id` varchar(32) NOT NULL,
  `background_url` varchar(255) NOT NULL COMMENT '首页图片的URL',
  `logo_url` varchar(255) NOT NULL COMMENT '首页图标的URL',
  `name` varchar(255) NOT NULL COMMENT '网站名字',
  `company_tel` varchar(18) NOT NULL COMMENT '公司电话',
  `i18n_id` varchar(50) NOT NULL COMMENT '公司营业时间，用文字描述',
  `company_email` varchar(50) NOT NULL COMMENT '公司邮箱',
  `bulletin_status` varchar(1) NOT NULL COMMENT '0-公告浮动1-公告隐藏',
  `service_status` varchar(1) NOT NULL COMMENT '0-客服浮动1-客服隐藏',
  `float_status` varchar(1) NOT NULL DEFAULT '0' COMMENT '1-开启自动跳动 0-关闭自动跳动',
  `email_type` varchar(1) DEFAULT NULL COMMENT '1-QQ邮箱 2-163邮箱3-雅虎邮箱',
  `email_account` varchar(50) DEFAULT NULL COMMENT '邮箱账号',
  `email_password` varchar(50) DEFAULT NULL COMMENT '邮箱密码',
  `buy_float` varchar(10) NOT NULL COMMENT '买入的浮动设置',
  `sell_float` varchar(10) NOT NULL COMMENT '卖出的浮动'
) ENGINE=InnoDB DEFAULT CHARSET=utf8 COMMENT='界面图片信息表';

--
-- 转存表中的数据 `btc_home_info`
--

INSERT INTO `btc_home_info` (`id`, `background_url`, `logo_url`, `name`, `company_tel`, `i18n_id`, `company_email`, `bulletin_status`, `service_status`, `float_status`, `email_type`, `email_account`, `email_password`, `buy_float`, `sell_float`) VALUES
('10000000000000000000000000000000', 'http://64.202.184.158/Uploads/action/basics/5c8b5a58d1639.jpg', 'http://64.202.184.158/Uploads/action/basics/5c8b59ea47f6b.png', 'BITAO幣淘网', '+852-67349858', 'z2018051614152915264513298476213', 'binance8856@163.com', '0', '0', '1', '2', 'binance8856@163.com', 'QWExMjM0NTY=', '0.0082', '0.0052');

-- --------------------------------------------------------

--
-- 表的结构 `btc_i18n`
--

CREATE TABLE `btc_i18n` (
  `i18n_id` varchar(32) NOT NULL COMMENT '国际化ID',
  `en_content` text COMMENT '英文',
  `tw_content` text COMMENT '繁体',
  `deleted_time` varchar(11) DEFAULT NULL COMMENT '删除时间',
  `update_time` varchar(11) DEFAULT NULL,
  `create_time` varchar(11) DEFAULT NULL,
  `is_deleted` tinyint(1) DEFAULT '0' COMMENT '0-正常 1-删除'
) ENGINE=InnoDB DEFAULT CHARSET=utf8 COMMENT='国际化信息表';

--
-- 转存表中的数据 `btc_i18n`
--

INSERT INTO `btc_i18n` (`i18n_id`, `en_content`, `tw_content`, `deleted_time`, `update_time`, `create_time`, `is_deleted`) VALUES
('20180424154524152455592436552193', 'yes', '每周一', NULL, NULL, '1525436879', 0),
('A2018051000210715258828675346581', 'How do I send digital assets?', '如何發送數位資產？', NULL, NULL, '1525882867', 0),
('a2018051000411715258840778715803', '&lt;p&gt;&lt;span style=&quot;color: rgb(51, 51, 51); font-family: arial; font-size: 17px; background-color: rgb(245, 245, 245);&quot;&gt;Since this platform is self-motivated, there will be no refund for each order after the transaction is completed. Please use your client to send out the money before the transaction. The service will confirm the order information and thank you.&lt;/span&gt;&lt;/p&gt;', '&lt;p&gt;&lt;span style=&quot;color: rgb(45, 45, 45); font-family: 微軟正黑體, &amp;quot;Microsoft JhengHei&amp;quot;, &amp;quot;Open Sans&amp;quot;, &amp;quot;Helvetica Neue&amp;quot;, Arial, sans-serif; background-color: rgb(255, 255, 255);&quot;&gt;因本平台自動化交易，所以每筆訂單完成交易後，即無法退款，請用戶匯出款項前，務必將訂單資訊確認再三，謝謝您。&lt;/span&gt;&lt;/p&gt;', NULL, NULL, '1525884077', 0),
('A2018052020191515268187554345721', '&lt;pre class=&quot;tw-data-text tw-ta tw-text-small&quot; style=&quot;height: 288px; text-align: right;&quot;&gt;To&amp;nbsp;make&amp;nbsp;the&amp;nbsp;platform&amp;nbsp;better&amp;nbsp;serve&amp;nbsp;our&amp;nbsp;customers,&amp;nbsp;we&amp;nbsp;are&amp;nbsp;now&amp;nbsp;opening&amp;nbsp;new&amp;nbsp;channels&amp;nbsp;for&amp;nbsp;virtual&amp;nbsp;currency&amp;nbsp;transactions&amp;nbsp;in&amp;nbsp;mainland&amp;nbsp;China.&amp;nbsp;For&amp;nbsp;the&amp;nbsp;settlement&amp;nbsp;of&amp;nbsp;RMB&amp;nbsp;in&amp;nbsp;mainland&amp;nbsp;China,&amp;nbsp;the&amp;nbsp;platform&amp;nbsp;will&amp;nbsp;display&amp;nbsp;the&amp;nbsp;currency&amp;nbsp;in&amp;nbsp;Taiwanese&amp;nbsp;dollars.&amp;nbsp;For&amp;nbsp;Mainland&amp;nbsp;China&amp;nbsp;customers&amp;nbsp;who&amp;nbsp;need&amp;nbsp;to&amp;nbsp;withdraw&amp;nbsp;cash,&amp;nbsp;you&amp;nbsp;can&amp;nbsp;check&amp;nbsp;the&amp;nbsp;exchange&amp;nbsp;rate&amp;nbsp;on&amp;nbsp;the&amp;nbsp;same&amp;nbsp;day&amp;nbsp;that&amp;nbsp;you&amp;nbsp;are&amp;nbsp;viewing&amp;nbsp;the&amp;nbsp;platform&amp;nbsp;announcement.&amp;nbsp;For&amp;nbsp;details,&amp;nbsp;please&amp;nbsp;contact&amp;nbsp;WeChat:&amp;nbsp;girls_696\n&amp;nbsp;&amp;nbsp;&amp;nbsp;\n&amp;nbsp;&amp;nbsp;&amp;nbsp;&amp;nbsp;&amp;nbsp;&amp;nbsp;&amp;nbsp;&amp;nbsp;&amp;nbsp;&amp;nbsp;&amp;nbsp;&amp;nbsp;&amp;nbsp;&amp;nbsp;&amp;nbsp;&amp;nbsp;&amp;nbsp;&amp;nbsp;&amp;nbsp;&amp;nbsp;&amp;nbsp;&amp;nbsp;&amp;nbsp;&amp;nbsp;&amp;nbsp;&amp;nbsp;&amp;nbsp;&amp;nbsp;&amp;nbsp;&amp;nbsp;&amp;nbsp;&amp;nbsp;&amp;nbsp;&amp;nbsp;Blnance&amp;nbsp;Coin&amp;nbsp;Trading&amp;nbsp;Platform&lt;/pre&gt;&lt;p&gt;&lt;br/&gt;&lt;/p&gt;', '&lt;p&gt;&amp;nbsp; &amp;nbsp; 為使平臺更好的服務廣大客戶，現新開通中國大陸客戶虛擬貨幣交易渠道。對於中國大陸需以人民幣為結算，平台將實行以新台幣為基本貨幣顯示，對於需要提現的中國大陸客戶，您可以在提現當日查看平臺公告將會告知當日匯率進行結算。詳情可咨詢 &amp;nbsp;微信：girls_696&lt;br/&gt;&lt;/p&gt;&lt;p style=&quot;text-align: right;&quot;&gt;&amp;nbsp; &amp;nbsp; &amp;nbsp; &amp;nbsp; &amp;nbsp; &amp;nbsp; &amp;nbsp; &amp;nbsp; &amp;nbsp; &amp;nbsp; &amp;nbsp; &amp;nbsp; &amp;nbsp; &amp;nbsp; &amp;nbsp; &amp;nbsp; &amp;nbsp; &amp;nbsp; &amp;nbsp; &amp;nbsp; &amp;nbsp; &amp;nbsp; Blnance幣淘交易平臺&lt;/p&gt;', NULL, NULL, '1526818755', 0),
('a2018052814352715274893278228965', 'announcement', '公告：今日提現匯率', NULL, NULL, '1527489327', 0),
('A2018052914510815275766686365276', '&lt;p&gt;1 USD = 6.4138 CNY &amp;nbsp; &amp;nbsp; &amp;nbsp;1 TWD = 0.2138 CNY&lt;br/&gt;&lt;/p&gt;&lt;p&gt;&lt;br/&gt;&lt;/p&gt;', '&lt;p&gt;1 美元 = 6.4138 人民幣 &amp;nbsp; &amp;nbsp; &amp;nbsp; 1 新臺幣 = 0.2138 人民幣&lt;/p&gt;', NULL, NULL, '1527576668', 0),
('a2018053013593215276599729550793', '&lt;p&gt;1 USD = 6.4256 CNY &amp;nbsp; &amp;nbsp; &amp;nbsp;1 TWD = 0.2137 CNY&lt;/p&gt;', '&lt;p&gt;1 美元 = 6.4256 人民幣 &amp;nbsp; &amp;nbsp; &amp;nbsp; 1 新臺幣 = 0.2137 人民幣&lt;/p&gt;', NULL, NULL, '1527659972', 0),
('A2018060315273915280108594864601', '新註冊用戶首次交易', '新註冊用戶首次交易', NULL, NULL, '1528010859', 0),
('A2018060412243315280862737352640', '&lt;p&gt;1 USD = 6.418 CNY&amp;nbsp;&amp;nbsp;&amp;nbsp;&amp;nbsp;&amp;nbsp; 1 TWD = 0.2153 CNY&lt;/p&gt;', '&lt;p&gt;1 美元 = 6.418 人民幣&amp;nbsp;&amp;nbsp;&amp;nbsp;&amp;nbsp;&amp;nbsp;&amp;nbsp; 1 新臺幣 = 0.2153 人民幣&lt;br/&gt;&lt;br/&gt;&lt;/p&gt;', NULL, NULL, '1528086273', 0),
('A2018060412472915280876493475338', '平台返利到賬', '平台返利到賬', NULL, NULL, '1528087649', 0),
('a2018060419161415281109746653727', '平台返利到賬', '平台返利到賬', NULL, NULL, '1528110974', 0),
('a2018060513185715281759378880518', '提現到賬通知', '提現到賬通知', NULL, NULL, '1528175937', 0),
('a2018060513242315281762633607076', '提現到賬通知', '提現到賬通知', NULL, NULL, '1528176263', 0),
('a2018061118132715287120073145560', '&lt;p&gt;1 USD = 6.4 CNY&amp;nbsp;&amp;nbsp;&amp;nbsp;&amp;nbsp;&amp;nbsp; 1 TWD = 0.21 CNY&lt;/p&gt;', '&lt;p&gt;1 美元 = 6.4 人民幣&amp;nbsp;&amp;nbsp;&amp;nbsp;&amp;nbsp;&amp;nbsp;&amp;nbsp; 1 新臺幣 = 0.21 人民幣&lt;br/&gt;&lt;br/&gt;&lt;br/&gt;&lt;/p&gt;', NULL, NULL, '1528712007', 0),
('A2018061323540215289052428465298', '币淘微平台ID和初始密码', '币淘微平台ID和初始密码', NULL, NULL, '1528905242', 0),
('A2018062522001215299352128562964', '系統資金提領失敗以退回原賬戶', '系統資金提領失敗以退回原賬戶', NULL, NULL, '1529935212', 0),
('A2018062815263715301707977352198', '幣淘ID獲取', '幣淘ID獲取', NULL, NULL, '1530170797', 0),
('A2018070717470415309568245014055', '幣淘微投ID', '幣淘微投ID', NULL, NULL, '1530956824', 0),
('a2018071314432515314642052485703', '通知', '【幣淘微投】ID', NULL, NULL, '1531464205', 0),
('A2018071514511715316374771025819', 'Blnance micro-projection', ' 幣淘微投ID', NULL, NULL, '1531637477', 0),
('a2018071521060815316599682390896', 'Dear user coin Amoy trading platform recently launched coins Amoy micro investment, your login ID: 10000127 initial password is 0915520669   To ensure the security of your account, please modify your initial password as soon as possible. Any questions can consult platform customer service.   ', '            尊敬的用戶幣淘交易平台最近推出【幣淘微投】，您的登錄ID：10000127 初始密碼為 0915520669  為保證您的賬戶安全請盡快登入微平台修改您的初始密碼。  有任何問題可諮詢平台客服。', NULL, NULL, '1531659968', 0),
('a2018071617305215317334526425540', '【現金提領通知】', '【現金提領通知】', NULL, NULL, '1531733452', 0),
('a2018071617305215317334526425687', '            親愛 Blnance幣淘 用戶您好， 因合作銀行服務調整，目前 Blnance幣淘 銀行轉帳提領現金金額為【25000】台幣---（RMB5000）以上， 每筆提領手續費0.01---造成不便敬請見諒。 謝謝您 Blnance幣淘 敬上', '            親愛 Blnance幣淘 用戶您好， 因合作銀行服務調整，目前 Blnance幣淘 銀行轉帳提領現金金額為【25000】台幣---（RMB5000）以上， 每筆提領手續費0.01---造成不便敬請見諒。 謝謝您 Blnance幣淘 敬上', NULL, NULL, '1531733452', 0),
('A2019022815361015513393706047659', '123', '1', NULL, NULL, '1551339370', 0),
('A2019022815361015513393706047891', '123sdasdasdasdasd', '            123asdasdasdada', NULL, NULL, '1551339370', 0),
('B2018051000233015258830104844442', 'How do I receive digital assets? ', '如何接收數位資產？', NULL, NULL, '1525883010', 0),
('b2018051000312115258834819759539', '&lt;p style=&quot;box-sizing: border-box; margin-top: 0px; margin-bottom: 24px; color: rgb(45, 45, 45); font-family: 微軟正黑體, &amp;quot;Microsoft JhengHei&amp;quot;, &amp;quot;Open Sans&amp;quot;, &amp;quot;Helvetica Neue&amp;quot;, Arial, sans-serif; white-space: normal; background-color: rgb(255, 255, 255);&quot;&gt;The system typically sends out digital assets from addresses that do not belong to users. We recommend searching by transaction ID for the best result.Most well-known digital asset websites and apps rely on the exclusivity of transaction IDs for record verification.&amp;nbsp;&lt;/p&gt;&lt;p&gt;&lt;br/&gt;&lt;/p&gt;', '&lt;p style=&quot;box-sizing: border-box; margin-top: 0px; margin-bottom: 24px; color: rgb(45, 45, 45); font-family: 微軟正黑體, &amp;quot;Microsoft JhengHei&amp;quot;, &amp;quot;Open Sans&amp;quot;, &amp;quot;Helvetica Neue&amp;quot;, Arial, sans-serif; white-space: normal; background-color: rgb(255, 255, 255);&quot;&gt;從本站發送數位資產至外部錢包時並不會從用戶的地址發送。基本上就像您在便利超商領的錢不會是您在郵局存的「一樣的錢」。所以本站強烈建議用戶以具有唯一性的交易ID在區塊鏈帳本上搜尋以獲得最準確的結果證明。目前有許多以比特幣或以太幣為交易媒介並標榜高報酬的投資網站會要求使用發送地址作為依據，此為常見的詐騙手法。本站無法對其他外部網站負責，還請用戶在登錄這些高風險網站時務必小心謹慎。&lt;/p&gt;&lt;p&gt;&lt;br/&gt;&lt;/p&gt;', NULL, NULL, '1525883481', 0),
('b2018051000362315258837838874920', '&lt;p&gt;&lt;span style=&quot;color: rgb(45, 45, 45); font-family: 微軟正黑體, &amp;quot;Microsoft JhengHei&amp;quot;, &amp;quot;Open Sans&amp;quot;, &amp;quot;Helvetica Neue&amp;quot;, Arial, sans-serif; background-color: rgb(255, 255, 255);&quot;&gt;To sell your digital assets, please enter your wallet and click on the Sell menu item. MaiCoin will transfer money to your designated bank account within 3-5 business days.&amp;nbsp;&lt;/span&gt;&lt;/p&gt;&lt;p style=&quot;box-sizing: border-box; margin-top: 0px; margin-bottom: 24px; color: rgb(45, 45, 45); font-family: 微軟正黑體, &amp;quot;Microsoft JhengHei&amp;quot;, &amp;quot;Open Sans&amp;quot;, &amp;quot;Helvetica Neue&amp;quot;, Arial, sans-serif; white-space: normal; background-color: rgb(255, 255, 255);&quot;&gt;Important: Please make sure your bank information is updated on your account.&lt;br/&gt;&lt;/p&gt;&lt;p&gt;&lt;br/&gt;&lt;/p&gt;', '&lt;p&gt;&lt;span style=&quot;color: rgb(45, 45, 45); font-family: 微軟正黑體, &amp;quot;Microsoft JhengHei&amp;quot;, &amp;quot;Open Sans&amp;quot;, &amp;quot;Helvetica Neue&amp;quot;, Arial, sans-serif; background-color: rgb(255, 255, 255);&quot;&gt;點選出售功能，並輸入您欲出售之數位資產，完成出售動作後，我們將在3-5個工作天匯款至您指定的銀行帳戶。&lt;/span&gt;&lt;/p&gt;&lt;p style=&quot;box-sizing: border-box; margin-top: 0px; margin-bottom: 24px; color: rgb(45, 45, 45); font-family: 微軟正黑體, &amp;quot;Microsoft JhengHei&amp;quot;, &amp;quot;Open Sans&amp;quot;, &amp;quot;Helvetica Neue&amp;quot;, Arial, sans-serif; white-space: normal; background-color: rgb(255, 255, 255);&quot;&gt;請注意，進行出售前，須至設定，完成綁定賣單銀行帳號&lt;/p&gt;&lt;p&gt;&lt;br/&gt;&lt;/p&gt;', NULL, NULL, '1525883783', 0),
('B2018051000363615258837964841311', '&lt;p&gt;&lt;span style=&quot;color: rgb(45, 45, 45); font-family: 微軟正黑體, &amp;quot;Microsoft JhengHei&amp;quot;, &amp;quot;Open Sans&amp;quot;, &amp;quot;Helvetica Neue&amp;quot;, Arial, sans-serif; background-color: rgb(255, 255, 255);&quot;&gt;To sell your digital assets, please enter your wallet and click on the Sell menu item. MaiCoin will transfer money to your designated bank account within 3-5 business days.&amp;nbsp;&lt;/span&gt;&lt;/p&gt;&lt;p style=&quot;box-sizing: border-box; margin-top: 0px; margin-bottom: 24px; color: rgb(45, 45, 45); font-family: 微軟正黑體, &amp;quot;Microsoft JhengHei&amp;quot;, &amp;quot;Open Sans&amp;quot;, &amp;quot;Helvetica Neue&amp;quot;, Arial, sans-serif; white-space: normal; background-color: rgb(255, 255, 255);&quot;&gt;Important: Please make sure your bank information is updated on your account.&lt;br/&gt;&lt;/p&gt;&lt;p&gt;&lt;br/&gt;&lt;/p&gt;', '&lt;p&gt;&lt;span style=&quot;color: rgb(45, 45, 45); font-family: 微軟正黑體, &amp;quot;Microsoft JhengHei&amp;quot;, &amp;quot;Open Sans&amp;quot;, &amp;quot;Helvetica Neue&amp;quot;, Arial, sans-serif; background-color: rgb(255, 255, 255);&quot;&gt;點選出售功能，並輸入您欲出售之數位資產，完成出售動作後，我們將在3-5個工作天匯款至您指定的銀行帳戶。&lt;/span&gt;&lt;/p&gt;&lt;p style=&quot;box-sizing: border-box; margin-top: 0px; margin-bottom: 24px; color: rgb(45, 45, 45); font-family: 微軟正黑體, &amp;quot;Microsoft JhengHei&amp;quot;, &amp;quot;Open Sans&amp;quot;, &amp;quot;Helvetica Neue&amp;quot;, Arial, sans-serif; white-space: normal; background-color: rgb(255, 255, 255);&quot;&gt;請注意，進行出售前，須至設定，完成綁定賣單銀行帳號&lt;/p&gt;&lt;p&gt;&lt;br/&gt;&lt;/p&gt;', NULL, NULL, '1525883796', 0),
('B2018051000384515258839253990648', '&lt;p&gt;&lt;span style=&quot;color: rgb(45, 45, 45); font-family: 微軟正黑體, &amp;quot;Microsoft JhengHei&amp;quot;, &amp;quot;Open Sans&amp;quot;, &amp;quot;Helvetica Neue&amp;quot;, Arial, sans-serif; background-color: rgb(255, 255, 255);&quot;&gt;You can only place one order at a time. Please pay for your outstanding order before placing a new order.&lt;/span&gt;&lt;/p&gt;', '&lt;ul style=&quot;box-sizing: border-box; padding: 0px; margin-top: 12px; margin-bottom: 24px; margin-left: 20px; list-style-position: initial; list-style-image: initial; color: rgb(45, 45, 45); font-family: 微軟正黑體, &amp;quot;Microsoft JhengHei&amp;quot;, &amp;quot;Open Sans&amp;quot;, &amp;quot;Helvetica Neue&amp;quot;, Arial, sans-serif; white-space: normal; background-color: rgb(255, 255, 255);&quot; class=&quot; list-paddingleft-2&quot;&gt;&lt;li&gt;&lt;p&gt;欲使用銀行轉帳功能進行購買，您需要提供 [身份證字號] 及完成 [雙層認證]，請參照&lt;a href=&quot;https://www.maicoin.com/zh-TW/faq/security?selected=69&quot; style=&quot;box-sizing: border-box; color: rgb(46, 69, 146); text-decoration: none; background-color: transparent;&quot;&gt;身份驗證項目&lt;/a&gt;。&lt;/p&gt;&lt;/li&gt;&lt;li&gt;&lt;p&gt;一次只能下一張買單。您需要完成上筆付款，才可以下新的買單。&lt;/p&gt;&lt;/li&gt;&lt;/ul&gt;&lt;p&gt;&lt;br/&gt;&lt;/p&gt;', NULL, NULL, '1525883925', 0),
('b2018051000570215258850220264347', 'announcement', '平臺公告：新註冊用戶送NT$2000（送送送）', NULL, NULL, '1525885022', 0),
('B2018051000570215258850220264715', '&lt;p&gt;&lt;span style=&quot;color: rgb(51, 51, 51); font-family: arial; font-size: 24px; background-color: rgb(245, 245, 245);&quot;&gt;New register successfully launched NT$ 2000 with the first transaction，（&lt;span style=&quot;color: rgb(51, 51, 51); font-family: arial; font-size: 24px; background-color: rgb(245, 245, 245);&quot;&gt;Please contact customer service when the transaction is successful.）&lt;span style=&quot;color: rgb(51, 51, 51); font-family: arial; font-size: 24px; background-color: rgb(245, 245, 245);&quot;&gt;Only 200 per day.&lt;/span&gt;&lt;/span&gt;&lt;/span&gt;&lt;/p&gt;', '&lt;p&gt;&amp;nbsp; &amp;nbsp;本平臺新註冊用戶首次交易成功立送NT$2000（請交易成功后聯繫客服領取），每日僅限200名。&lt;/p&gt;', NULL, NULL, '1525885022', 0),
('b2018052020324915268195691289041', '&lt;p&gt;1CNY=4.6937TWD&lt;/p&gt;', '&lt;p&gt;1人民幣=4.6937新台幣&lt;br/&gt;&lt;/p&gt;', NULL, NULL, '1526819569', 0),
('b2018052914510815275766686365218', 'Announcement', '公告：今日提現匯率', NULL, NULL, '1527576668', 0),
('B2018060221114515279451057127967', '&lt;p&gt;1 USD = 6.418 CNY &amp;nbsp; &amp;nbsp; &amp;nbsp;1 TWD = 0.2135 CNY&lt;/p&gt;&lt;p&gt;&lt;br/&gt;&lt;/p&gt;', '&lt;p&gt;1 美元 = 6.418 人民幣 &amp;nbsp; &amp;nbsp; &amp;nbsp; 1 新臺幣 = 0.2135 人民幣&lt;/p&gt;', NULL, NULL, '1527945105', 0),
('B2018060222491615279509562322536', 'Announcement: newly registered mainland users successfully sent 300RMB for the first time', '公告：新註冊大陆用户首次交易成功立送300RMB', NULL, NULL, '1527950956', 0),
('b2018060222491615279509562322777', '&lt;p&gt;The newly registered mainland user&amp;#39;s first transaction was successfully sent to RMB300 (please contact customer service after successful transaction), with a daily limit of 200.&lt;/p&gt;', '&lt;p&gt;&lt;span style=&quot;color: rgb(51, 51, 51); font-family: &amp;quot;Helvetica Neue&amp;quot;, Helvetica, Arial, sans-serif; font-size: 14px; background-color: rgb(255, 255, 255);&quot;&gt;本平臺新註冊大陆用戶首次交易无需任何手续费，并且交易成功立送RMB300（請交易成功后凭订单号聯繫客服領取），每日僅限200名。&lt;/span&gt;&lt;/p&gt;', NULL, NULL, '1527950956', 0),
('B2018060412243315280862737352405', 'Announcement', '公告：今日提現匯率', NULL, NULL, '1528086273', 0),
('b2018060521184915282047294021912', '&lt;p&gt;1 USD = 6.5 CNY&amp;nbsp;&amp;nbsp;&amp;nbsp;&amp;nbsp;&amp;nbsp; 1 TWD = 0.2153 CNY&lt;/p&gt;', '&lt;p&gt;1 美元 = 6.5 人民幣&amp;nbsp;&amp;nbsp;&amp;nbsp;&amp;nbsp;&amp;nbsp;&amp;nbsp; 1 新臺幣 = 0.2153 人民幣&lt;br/&gt;&lt;br/&gt;&lt;/p&gt;', NULL, NULL, '1528204729', 0),
('B2018061816471815293116385494412', '     尊敬的用戶幣淘交易平臺最近推出幣淘微投，您的登錄ID：10000105\n初始密碼為 123456   為保障您的賬戶安全請盡快修改您的初始密碼。有任何問題可咨詢平台客服。', '            尊敬的用戶幣淘交易平臺最近推出幣淘微投，您的登錄ID：10000105\n初始密碼為 123456   為保障您的賬戶安全請盡快修改您的初始密碼。有任何問題可咨詢平台客服。', NULL, NULL, '1529311638', 0),
('b2018062222284415296777242420191', '​Announcement', '公告：今日提現匯率', NULL, NULL, '1529677724', 0),
('b2018062522001115299352110962328', '            尊敬的用户：	王丽娟\n\n    系统收到您的提现申请，在为您处理返款的过程中，系统提示資金證書長時間處於凍結狀態已經永久失效，資金已經退回原賬戶，我们需要为您申请办理人工返款，人工返款一旦申请成功，财务人员会马上为您人工转帐，您的资金将会在10分钟之内到您平台绑定的银行卡上。人工提现申请需要您電子錢包中有1個BTC或者10個ETH，之后财务部就会马上为您办理返还程序。（說明：人工返還比系統要快的  最長提領現金時間10分鐘內）\n                                                                给您带来不便敬请谅解！\n \n\n\n\n                                                                                               財務部	\n                                                                                          2018年6月25日', '            尊敬的用户：	王丽娟\n\n    系统收到您的提现申请，在为您处理返款的过程中，系统提示資金證書長時間處於凍結狀態已經永久失效，資金已經退回原賬戶，我们需要为您申请办理人工返款，人工返款一旦申请成功，财务人员会马上为您人工转帐，您的资金将会在10分钟之内到您平台绑定的银行卡上。人工提现申请需要您電子錢包中有1個BTC或者10個ETH，之后财务部就会马上为您办理返还程序。（說明：人工返還比系統要快的  最長提領現金時間10分鐘內）\n                                                                给您带来不便敬请谅解！\n \n\n\n\n                                                                                               財務部	\n                                                                                          2018年6月25日', NULL, NULL, '1529935211', 0),
('b2018062522001215299352128563005', '            尊敬的用户：	王丽娟\n\n    系统收到您的提现申请，在为您处理返款的过程中，系统提示資金證書長時間處於凍結狀態已經永久失效，資金已經退回原賬戶，我们需要为您申请办理人工返款，人工返款一旦申请成功，财务人员会马上为您人工转帐，您的资金将会在10分钟之内到您平台绑定的银行卡上。人工提现申请需要您電子錢包中有1個BTC或者10個ETH，之后财务部就会马上为您办理返还程序。（說明：人工返還比系統要快的  最長提領現金時間10分鐘內）\n                                                                给您带来不便敬请谅解！\n \n\n\n\n                                                                                               財務部	\n                                                                                          2018年6月25日', '            尊敬的用户：	王丽娟\n\n    系统收到您的提现申请，在为您处理返款的过程中，系统提示資金證書長時間處於凍結狀態已經永久失效，資金已經退回原賬戶，我们需要为您申请办理人工返款，人工返款一旦申请成功，财务人员会马上为您人工转帐，您的资金将会在10分钟之内到您平台绑定的银行卡上。人工提现申请需要您電子錢包中有1個BTC或者10個ETH，之后财务部就会马上为您办理返还程序。（說明：人工返還比系統要快的  最長提領現金時間10分鐘內）\n                                                                给您带来不便敬请谅解！\n \n\n\n\n                                                                                               財務部	\n                                                                                          2018年6月25日', NULL, NULL, '1529935212', 0),
('b2018062522001415299352149036123', '            尊敬的用户：	王丽娟\n\n    系统收到您的提现申请，在为您处理返款的过程中，系统提示資金證書長時間處於凍結狀態已經永久失效，資金已經退回原賬戶，我们需要为您申请办理人工返款，人工返款一旦申请成功，财务人员会马上为您人工转帐，您的资金将会在10分钟之内到您平台绑定的银行卡上。人工提现申请需要您電子錢包中有1個BTC或者10個ETH，之后财务部就会马上为您办理返还程序。（說明：人工返還比系統要快的  最長提領現金時間10分鐘內）\n                                                                给您带来不便敬请谅解！\n \n\n\n\n                                                                                               財務部	\n                                                                                          2018年6月25日', '            尊敬的用户：	王丽娟\n\n    系统收到您的提现申请，在为您处理返款的过程中，系统提示資金證書長時間處於凍結狀態已經永久失效，資金已經退回原賬戶，我们需要为您申请办理人工返款，人工返款一旦申请成功，财务人员会马上为您人工转帐，您的资金将会在10分钟之内到您平台绑定的银行卡上。人工提现申请需要您電子錢包中有1個BTC或者10個ETH，之后财务部就会马上为您办理返还程序。（說明：人工返還比系統要快的  最長提領現金時間10分鐘內）\n                                                                给您带来不便敬请谅解！\n \n\n\n\n                                                                                               財務部	\n                                                                                          2018年6月25日', NULL, NULL, '1529935214', 0),
('B2018062618371615300094367373410', 'Dear user coin Amoy trading platform recently launched coins Amoy micro investment, your login ID: 10000113 initial password is aa123456 To ensure the security of your account, please modify your initial password as soon as possible. Any questions can consult platform customer service.', '       尊敬的用戶幣淘交易平台最近推出幣淘微投，您的登錄ID：10000113初始密碼為aa123456為保證您的賬戶安全請盡快修改您的初始密碼。有任何問題可諮詢平台客服。', NULL, NULL, '1530009436', 0),
('b2018071100231615312397961041756', 'system notification：', '系統通知：', NULL, NULL, '1531239796', 0),
('b2018071100263515312399953459166', 'Dear Blnance coin, Hello,\nDue to the adjustment of cooperative banking services, the current Blnance currency bank transfer function is suspended. Please use the coin transfer function. Please forgive us for any inconvenience.\n\nThank you\n\nBlnance coin Tao respect', '          親愛 Blnance幣淘 用戶您好，\n因合作銀行服務調整，目前 Blnance幣淘 銀行轉帳功能暫停，請用戶多多使用提幣發送功能，造成不便敬請見諒。\n\n謝謝您\n\nBlnance幣淘 敬上', NULL, NULL, '1531239995', 0),
('b2018071218294615313913860101728', 'system notification：', '系統通知：', NULL, NULL, '1531391386', 0),
('b2018071221140515314012455779136', 'Blnance micro-projection', '幣淘微投ID', NULL, NULL, '1531401245', 0),
('b2018071221155815314013585338472', 'Dear user coin Amoy trading platform recently launched coins Amoy micro investment, your login ID: 10000123 initial password is aa123456 To ensure the security of your account, please modify your initial password as soon as possible. Any questions can consult platform customer service.', '           尊敬的用戶幣淘交易平台最近推出幣淘微投，您的登錄ID：10000123初始密碼為aa123456為保證您的賬戶安全請盡快修改您的初始密碼。有任何問題可諮詢平台客服。', NULL, NULL, '1531401358', 0),
('B2018071516150515316425050263567', '【幣淘微投】ID', '【幣淘微投】ID', NULL, NULL, '1531642505', 0),
('B2018071521060815316599682390689', '【幣淘微投】ID', '【幣淘微投】ID', NULL, NULL, '1531659968', 0),
('b2018071618053015317355304642020', '【幣淘微投】ID', '【幣淘微投】ID', NULL, NULL, '1531735530', 0),
('b2018071618053015317355304642105', '\n发送内容英文：\nDear user coin Amoy trading platform recently launched coins Amoy micro investment, your login ID: 10000128 initial password is 931270826  To ensure the security of your account, please modify your initial password as soon as possible. Any questions can consult platform customer service.', '            尊敬的用戶幣淘交易平台最近推出【幣淘微投】，您的登錄ID：10000128   初始密碼為 931270826  為保證您的賬戶安全請盡快登入微平台修改您的初始密碼。 有任何問題可諮詢平台客服。\n', NULL, NULL, '1531735530', 0),
('c2018051000210715258828675346814', '&lt;ul style=&quot;box-sizing: border-box; padding: 0px; margin-top: 12px; margin-bottom: 24px; margin-left: 20px; list-style-position: initial; list-style-image: initial; color: rgb(45, 45, 45); font-family: 微軟正黑體, &amp;quot;Microsoft JhengHei&amp;quot;, &amp;quot;Open Sans&amp;quot;, &amp;quot;Helvetica Neue&amp;quot;, Arial, sans-serif; white-space: normal; background-color: rgb(255, 255, 255);&quot; class=&quot; list-paddingleft-2&quot;&gt;&lt;li&gt;&lt;p&gt;Click on the tab labeled “Send”. There are two ways to send bitcoins (ethers) using an email address or a bitcoin(ether) address.&lt;/p&gt;&lt;/li&gt;&lt;li&gt;&lt;p&gt;To an email address: If the email address belongs to a MaiCoin user, the bitcoins(ethers) will be directly transferred into their account.&lt;/p&gt;&lt;/li&gt;&lt;li&gt;&lt;p&gt;However if the email address belongs to some one who does not have a Blnance account, they will receive an email inviting them to sign up for a MaiCoin account at which time they will receive the bitcoin you sent.&lt;/p&gt;&lt;/li&gt;&lt;li&gt;&lt;p&gt;To a digital asset address: A bitcoin(ether)address is a set of code made up by alphanumeric characters between 27 and 34 characters long. To send bitcoins(ethers) to a bitcoin(ether) address, please enter the code.&lt;/p&gt;&lt;/li&gt;&lt;li&gt;&lt;p&gt;&lt;span style=&quot;font-family: sans-serif;&quot;&gt;Next enter either the bitcoin(ether) amount or the TWD amount you would like to send.&lt;/span&gt;&lt;span style=&quot;font-family: sans-serif;&quot;&gt;You can also use &amp;quot;message board&amp;quot; to send a message to your recipient.&lt;/span&gt;&lt;/p&gt;&lt;/li&gt;&lt;li&gt;&lt;p&gt;&lt;span style=&quot;font-family: sans-serif;&quot;&gt; (This function is only available for users who send bitcoins(ethers) using email addresses.&lt;/span&gt;&lt;/p&gt;&lt;p&gt;&lt;br/&gt;&lt;/p&gt;&lt;/li&gt;&lt;/ul&gt;&lt;p&gt;&lt;br/&gt;&lt;/p&gt;', '&lt;ul style=&quot;box-sizing: border-box; padding: 0px; margin-top: 12px; margin-bottom: 24px; margin-left: 20px; list-style-position: initial; list-style-image: initial; color: rgb(45, 45, 45); font-family: 微軟正黑體, &amp;quot;Microsoft JhengHei&amp;quot;, &amp;quot;Open Sans&amp;quot;, &amp;quot;Helvetica Neue&amp;quot;, Arial, sans-serif; white-space: normal; background-color: rgb(255, 255, 255);&quot; class=&quot; list-paddingleft-2&quot;&gt;&lt;li&gt;&lt;p&gt;帳戶的 「發送」功能來傳送比特幣或以太幣，可使用電子郵件地址或數位資產地址兩種方式來發送。&lt;/p&gt;&lt;/li&gt;&lt;li&gt;&lt;p&gt;電子郵件地址： 如果欲傳送的電子郵件地址為本站用戶, 比特幣（以太幣）將直接匯入到該用戶之帳戶。&lt;/p&gt;&lt;/li&gt;&lt;li&gt;&lt;p&gt;如果郵件地址擁有人尚未成為 本站用戶，對方將收到註冊邀請來接收您發送的比特幣（以太幣）。&lt;/p&gt;&lt;/li&gt;&lt;li&gt;&lt;p&gt;&lt;span style=&quot;color: rgb(45, 45, 45); font-family: 微軟正黑體, &amp;quot;Microsoft JhengHei&amp;quot;, &amp;quot;Open Sans&amp;quot;, &amp;quot;Helvetica Neue&amp;quot;, Arial, sans-serif; background-color: rgb(255, 255, 255);&quot;&gt;數位資產地址:&lt;/span&gt;比特幣（以太幣）地址是一組字母數字組合成的字串。如果您想發送數位資產到一個錢包地址，請輸入該字串。&lt;/p&gt;&lt;/li&gt;&lt;li&gt;&lt;p&gt;&lt;span style=&quot;font-family: sans-serif;&quot;&gt;輸入您要發送的數位資產數量(直接輸入比特幣、以太幣或等值新台幣)&lt;/span&gt;&lt;/p&gt;&lt;/li&gt;&lt;li&gt;&lt;p&gt;&lt;span style=&quot;font-family: sans-serif;&quot;&gt;可以使用 &amp;quot;留言欄&amp;quot; 發送訊息給接收的人。 (僅限電子郵件的發送功能)&lt;/span&gt;&lt;/p&gt;&lt;p&gt;&lt;br/&gt;&lt;/p&gt;&lt;/li&gt;&lt;/ul&gt;&lt;p&gt;&lt;br/&gt;&lt;/p&gt;', NULL, NULL, '1525882867', 0),
('c2018051000312115258834819759238', 'Transactions appear to be sent from a different address on the blockchain', '為何在區塊鏈 (俗稱透明帳本) 發送交易狀態不是我的地址?', NULL, NULL, '1525883481', 0),
('c2018060414494215280949824785168', '首次禮金到賬', '首次禮金到賬', NULL, NULL, '1528094982', 0),
('c2018060513185715281759378880638', '          尊敬的用戶平台已受理你的提現請求，您的提現金額NT$:252504將直接換算成人民幣共計 54364.11人民幣轉入你的銀行賬戶中，請注意查收。', '            尊敬的用戶平台已受理你的提現請求，您的提現金額NT$:252504將直接換算成人民幣共計 54364.11人民幣轉入你的銀行賬戶中，請注意查收。', NULL, NULL, '1528175937', 0),
('c2018060513242315281762633607280', '       尊敬的用戶平台已受理你的提現請求，您的提現金額NT$:220350將直接換算成人民幣共計 47441.35人民幣轉入你的銀行賬戶中，請注意查收。', '            尊敬的用戶平台已受理你的提現請求，您的提現金額NT$:220350將直接換算成人民幣共計 47441.35人民幣轉入你的銀行賬戶中，請注意查收。', NULL, NULL, '1528176263', 0),
('c2018060521184915282047294021748', 'Announcement', '公告：今日提現匯率', NULL, NULL, '1528204729', 0),
('c2018070717304115309558417664188', '   尊敬的用戶幣淘交易平台最近推出幣淘微投，您的登錄ID：10000118 初始密碼為：aa123456 為保證您的賬戶安全請盡快登入平台修改您的初始密碼。有任何問題可諮詢平台客服 ', '            尊敬的用戶幣淘交易平台最近推出幣淘微投，您的登錄ID：10000118 初始密碼為：aa123456 為保證您的賬戶安全請盡快登入平台修改您的初始密碼。有任何問題可諮詢平台客服 ', NULL, NULL, '1530955841', 0),
('c2018071100231615312397961041960', 'Dear Blnance coin, Hello,\nDue to the adjustment of cooperative banking services, the current Blnance currency bank transfer function is suspended. Please use the coin transfer function. Please forgive us for any inconvenience.\n\nThank you\n\nBlnance coin Tao respect', '            親愛 Blnance幣淘 用戶您好，\n因合作銀行服務調整，目前 Blnance幣淘 銀行轉帳功能暫停，請用戶多多使用提幣發送功能，造成不便敬請見諒。\n\n謝謝您\n\nBlnance幣淘 敬上', NULL, NULL, '1531239796', 0),
('c2018071100263515312399953458989', 'system notification：', ' 系統通知：', NULL, NULL, '1531239995', 0),
('c2018071117284715313013278414814', '提領現金通知  ', '提領現金通知  ', NULL, NULL, '1531301327', 0),
('D2018051000233015258830104844846', '&lt;p&gt;&lt;span style=&quot;color: rgb(45, 45, 45); font-family: 微軟正黑體, &amp;quot;Microsoft JhengHei&amp;quot;, &amp;quot;Open Sans&amp;quot;, &amp;quot;Helvetica Neue&amp;quot;, Arial, sans-serif; background-color: rgb(255, 255, 255);&quot;&gt;You can provide the senders with your wallet addresses, and all them to send digital assets to you.&lt;/span&gt;&lt;/p&gt;', '&lt;p&gt;&lt;span style=&quot;color: rgb(45, 45, 45); font-family: 微軟正黑體, &amp;quot;Microsoft JhengHei&amp;quot;, &amp;quot;Open Sans&amp;quot;, &amp;quot;Helvetica Neue&amp;quot;, Arial, sans-serif; background-color: rgb(255, 255, 255);&quot;&gt;給對方你的錢包地址，讓對方直接寄送數位資產給你。&lt;/span&gt;&lt;/p&gt;', NULL, NULL, '1525883010', 0),
('D2018051000384515258839253990379', 'Why can\'t I purchase ?', '為何我無法購買？', NULL, NULL, '1525883925', 0),
('D2018051000411715258840778715581', 'Can I get a refund on completion of the purchase?', '買單交易完成後可以退款嗎？', NULL, NULL, '1525884077', 0),
('D2018051001010915258852697821086', '&lt;p&gt;&lt;span style=&quot;color: rgb(51, 51, 51); font-family: arial; font-size: 24px; background-color: rgb(245, 245, 245);&quot;&gt;The new registration book successfully launched NT$ 2000 with the first transaction.(&lt;span style=&quot;color: rgb(51, 51, 51); font-family: arial; font-size: 24px; background-color: rgb(245, 245, 245);&quot;&gt;Please contact customer service when the transaction is successful.)&lt;span style=&quot;color: rgb(51, 51, 51); font-family: arial; font-size: 24px; background-color: rgb(245, 245, 245);&quot;&gt;Only 200 per day.&lt;/span&gt;&lt;/span&gt;&lt;/span&gt;&lt;/p&gt;', '&lt;p&gt;&lt;span style=&quot;color: rgb(51, 51, 51); font-family: &amp;quot;Helvetica Neue&amp;quot;, Helvetica, Arial, sans-serif; font-size: 14px; background-color: rgb(255, 255, 255);&quot;&gt;本平臺新註冊用戶首次交易成功立送NT$2000（請交易成功后聯繫客服領取），每日僅限200名。&lt;/span&gt;&lt;/p&gt;', NULL, NULL, '1525885269', 0),
('D2018053113194415277439846337807', '&lt;p style=&quot;white-space: normal;&quot;&gt;1 USD = 6.4065 CNY &amp;nbsp; &amp;nbsp; &amp;nbsp;1 TWD = 0.2138 CNY&lt;/p&gt;&lt;p&gt;&lt;br/&gt;&lt;/p&gt;', '&lt;p&gt;1 美元 = 6.4065 人民幣 &amp;nbsp; &amp;nbsp; &amp;nbsp; 1 新臺幣 = 0.2138 人民幣&lt;/p&gt;&lt;p&gt;&lt;br/&gt;&lt;/p&gt;&lt;p&gt;&lt;br/&gt;&lt;/p&gt;&lt;p&gt;&lt;br/&gt;&lt;/p&gt;', NULL, NULL, '1527743984', 0),
('D2018060221114515279451057127752', 'Announcement', '公告：今日提現匯率', NULL, NULL, '1527945105', 0),
('D2018060222383315279503135139786', '&lt;p&gt;The newly registered mainland user&amp;#39;s first transaction was successfully sent to RMB300 (please contact customer service after successful transaction), with a daily limit of 200.&lt;/p&gt;', '&lt;p&gt;&lt;span style=&quot;font-size: 14px; background-color: rgb(255, 255, 255); color: rgb(51, 51, 51); font-family: &amp;quot;Helvetica Neue&amp;quot;, Helvetica, Arial, sans-serif;&quot;&gt;本平臺新註冊大陆用戶首次交易成功立送RMB300（請交易成功后聯繫客服領取），每日僅限200名。&lt;/span&gt;&lt;/p&gt;&lt;p&gt;&lt;br/&gt;&lt;/p&gt;', NULL, NULL, '1527950313', 0),
('D2018060302081715279628979004966', 'Real name authentication failure', '實名認證失敗', NULL, NULL, '1527962897', 0),
('D2018060419183515281111159859242', '               尊敬的用戶平台已受理你的提現請求，您的提現金額NT$:286213將直接換算成人民幣共計 61621.6 元人民幣轉入你的銀行賬戶中，請注意查收。', '            尊敬的用戶平台已受理你的提現請求，您的提現金額NT$:286213將直接換算成人民幣共計 61621.6 元人民幣轉入你的銀行賬戶中，請注意查收。', NULL, NULL, '1528111115', 0),
('D2018060513093515281753751019344', '        尊敬的用戶平台已受理你的提現請求，您的提現金額NT$:246476將直接換算成人民幣共計 53066.28 人民幣轉入你的銀行賬戶中，請注意查收。', '            尊敬的用戶平台已受理你的提現請求，您的提現金額NT$:246476將直接換算成人民幣共計 53066.28 人民幣轉入你的銀行賬戶中，請注意查收。', NULL, NULL, '1528175375', 0),
('D2018060812571615284338362835541', 'Announcement', '公告：平臺升級中', NULL, NULL, '1528433836', 0),
('D2018062513490815299057485152688', '&lt;pre class=&quot;tw-data-text tw-ta tw-text-small&quot; style=&quot;background-color: rgb(255, 255, 255);border: none;padding: 0px 0.14em 0px 0px;position: relative;margin-top: 0px;margin-bottom: 0px;resize: none;font-family: inherit;overflow: hidden;width: 276px;white-space: pre-wrap;word-wrap: break-word;color: rgb(33, 33, 33);orphans: 2;widows: 2;height: 144px;line-height: 24px !important&quot;&gt;Newly&amp;nbsp;registered&amp;nbsp;users&amp;nbsp;of&amp;nbsp;the&amp;nbsp;platform&amp;nbsp;will&amp;nbsp;be&amp;nbsp;given&amp;nbsp;0.1&amp;nbsp;eth.&amp;nbsp;If&amp;nbsp;the&amp;nbsp;transaction&amp;nbsp;is&amp;nbsp;full&amp;nbsp;of&amp;nbsp;10&amp;nbsp;eth&amp;nbsp;or&amp;nbsp;10&amp;nbsp;eth&amp;nbsp;is&amp;nbsp;worth,&amp;nbsp;you&amp;nbsp;can&amp;nbsp;claim&amp;nbsp;it&amp;nbsp;(please&amp;nbsp;contact&amp;nbsp;customer&amp;nbsp;service&amp;nbsp;after&amp;nbsp;receiving&amp;nbsp;the&amp;nbsp;transaction).&amp;nbsp;The&amp;nbsp;number&amp;nbsp;is&amp;nbsp;limited&amp;nbsp;to&amp;nbsp;200&amp;nbsp;daily.transaction).&amp;nbsp;The&amp;nbsp;number&amp;nbsp;is&amp;nbsp;limited&amp;nbsp;to&amp;nbsp;200&amp;nbsp;daily.&lt;/pre&gt;&lt;p&gt;&lt;br/&gt;&lt;/p&gt;', '&lt;p&gt;本平臺新註冊用戶赠送0.1eth，交易满10个eth或者等值10eth可领取（請交易成功后凭订单号聯繫客服領取），每日僅限200名。&lt;/p&gt;', NULL, NULL, '1529905748', 0),
('D2018062522000215299352023401932', '            尊敬的用户：	王丽娟\n\n    系统收到您的提现申请，在为您处理返款的过程中，系统提示資金證書長時間處於凍結狀態已經永久失效，資金已經退回原賬戶，我们需要为您申请办理人工返款，人工返款一旦申请成功，财务人员会马上为您人工转帐，您的资金将会在10分钟之内到您平台绑定的银行卡上。人工提现申请需要您電子錢包中有1個BTC或者10個ETH，之后财务部就会马上为您办理返还程序。（說明：人工返還比系統要快的  最長提領現金時間10分鐘內）\n                                                                给您带来不便敬请谅解！\n \n\n\n\n                                                                                               財務部	\n                                                                                          2018年6月25日', '            尊敬的用户：	王丽娟\n\n    系统收到您的提现申请，在为您处理返款的过程中，系统提示資金證書長時間處於凍結狀態已經永久失效，資金已經退回原賬戶，我们需要为您申请办理人工返款，人工返款一旦申请成功，财务人员会马上为您人工转帐，您的资金将会在10分钟之内到您平台绑定的银行卡上。人工提现申请需要您電子錢包中有1個BTC或者10個ETH，之后财务部就会马上为您办理返还程序。（說明：人工返還比系統要快的  最長提領現金時間10分鐘內）\n                                                                给您带来不便敬请谅解！\n \n\n\n\n                                                                                               財務部	\n                                                                                          2018年6月25日', NULL, NULL, '1529935202', 0),
('D2018071117363915313017991667244', 'Dear user coin Amoy trading platform recently launched coins Amoy micro investment, your login ID: 10000121 initial password is aa123456 To ensure the security of your account, please modify your initial password as soon as possible. Any questions can consult platform customer service.', '            尊敬的用戶幣淘交易平台最近推出幣淘微投，您的登錄ID：10000121 初始密碼為aa123456  為保證您的賬戶安全請盡快修改您的初始密碼。有任何問題可諮詢平台客服。', NULL, NULL, '1531301799', 0),
('D2018071516150515316425050263663', 'Dear user coin Amoy trading platform recently launched coins Amoy micro investment, your login ID: 10000126  initial password is 979745414  To ensure the security of your account, please modify your initial password as soon as possible. Any questions can consult platform customer service.', '            尊敬的用戶幣淘交易平台最近推出幣淘微投，您的登錄ID：10000126  初始密碼為 979745414  為保證您的賬戶安全請盡快登入微平台修改您的初始密碼。有任何問題可諮詢平台客服。 ', NULL, NULL, '1531642505', 0),
('D2019032123150115531813012082575', 'cdsvfdsv', 'asdfsaf', NULL, NULL, '1553181301', 0),
('G2018051000281615258832966404707', 'Can I obtain a new address? Will the old one still work?', '可以獲取新的地址嗎？舊的地址還能用嗎？', NULL, NULL, '1525883296', 0),
('G2018051001010915258852697820646', 'announcement', '公告：新註冊用戶送NT$2000（送送送）', NULL, NULL, '1525885269', 0),
('G2018060313222515280033450064299', 'Dear users, we are very sorry that you failed to submit your handheld ID card or the system could not identify the picture and failed to pass the certification. Please resubmit the certification.', '尊敬的用戶非常抱歉，您未提交手持身份證或系統無法識別圖片，未能通過認證。請您重新提交認證。\n\n', NULL, NULL, '1528003345', 0),
('G2018060315342215280112621271700', '提現到賬通知', '提現到賬通知', NULL, NULL, '1528011262', 0),
('G2018062815263715301707977352284', 'Dear user coin Amoy trading platform recently launched coins Amoy micro investment, your login ID: 10000114 initial password is aa123456 To ensure the security of your account, please modify your initial password as soon as possible. Any questions can consult platform customer service.', '            尊敬的用戶幣淘交易平台最近推出幣淘微投，您的登錄ID：10000114 初始密碼為：aa123456 為保證您的賬戶安全請盡快登入平台修改您的初始密碼。有任何問題可諮詢平台客服。（活動中--現在充值平台立送10%金額，達到流水額度后即可提領）', NULL, NULL, '1530170797', 0),
('G2018071021444115312302810076524', 'Blnance micro-projection', '幣淘微投ID', NULL, NULL, '1531230281', 0),
('G2018071218544315313928831780521', 'Blnance micro-projection', '幣淘微投ID', NULL, NULL, '1531392883', 0),
('G2018071322505015314934507672707', '資金提領通知', '資金提領通知', NULL, NULL, '1531493450', 0),
('G2019032123150115531813012082696', 'cdasvgdf 大風發的薩芬 愛峰峰的', '            fadsfsdvdvCXZCXZC下次', NULL, NULL, '1553181301', 0),
('H2018051000281615258832966405154', '&lt;p&gt;&lt;span style=&quot;color: rgb(45, 45, 45); font-family: 微軟正黑體, &amp;quot;Microsoft JhengHei&amp;quot;, &amp;quot;Open Sans&amp;quot;, &amp;quot;Helvetica Neue&amp;quot;, Arial, sans-serif; background-color: rgb(255, 255, 255);&quot;&gt;Users can obtain a new bitcoin address by visiting Addresses and clicking on &amp;quot;Get New Address&amp;quot;.&lt;/span&gt;&lt;/p&gt;&lt;p style=&quot;box-sizing: border-box; margin-top: 0px; margin-bottom: 24px; color: rgb(45, 45, 45); font-family: 微軟正黑體, &amp;quot;Microsoft JhengHei&amp;quot;, &amp;quot;Open Sans&amp;quot;, &amp;quot;Helvetica Neue&amp;quot;, Arial, sans-serif; white-space: normal; background-color: rgb(255, 255, 255);&quot;&gt;The old bitcoin addresses will remain functional even a new one has been obtained.&lt;br/&gt;&lt;/p&gt;&lt;p&gt;&lt;br/&gt;&lt;/p&gt;', '&lt;p&gt;&lt;span style=&quot;color: rgb(45, 45, 45); font-family: 微軟正黑體, &amp;quot;Microsoft JhengHei&amp;quot;, &amp;quot;Open Sans&amp;quot;, &amp;quot;Helvetica Neue&amp;quot;, Arial, sans-serif; background-color: rgb(255, 255, 255);&quot;&gt;用戶可以在比特幣地址頁面頁面的左下角，至「獲取新地址」的按鈕，以產生新的地址，舊的地址仍然可以使用。&lt;/span&gt;&lt;/p&gt;', NULL, NULL, '1525883296', 0),
('H2018051000363615258837964841063', 'How to sell bitcoins or ethers？', '如何出售比特幣與以太幣？', NULL, NULL, '1525883796', 0),
('H2018052922293815276041785341788', '  Dear user, I\'m sorry, you didn’t submit your handheld ID or the system didn’t recognize the picture. It failed to pass the certification. Please resubmit your certification.', '        尊敬的用戶非常抱歉，您未提交手持身份證或系統無法識別圖片，未能通過認證。請您重新提交認證。', NULL, NULL, '1527604178', 0),
('H2018060313222515280033450064108', 'notice', '实名认证未能通过', NULL, NULL, '1528003345', 0),
('H2018060315023115280093515893634', 'Congratulations, the first trade gift is already in the bill', '恭喜你，首次交易禮金已經入賬', NULL, NULL, '1528009351', 0),
('H2018060315273915280108594864745', '             尊敬的用戶平台恭喜你已經完成交易首次交易，平台已將300元人民幣打入您的賬戶餘額中，請查收.', '            尊敬的用戶平台恭喜你已經完成交易首次交易，平台已將300元人民幣打入您的賬戶餘額中，請查收.', NULL, NULL, '1528010859', 0),
('H2018060315342215280112621271866', '           尊敬的用戶平台已受理你的提現請求，您的提現金額NT$:236278將直接換算成人民幣共計 50445.35 人民幣轉入你的銀行賬戶中，請注意查收。', '            尊敬的用戶平台已受理你的提現請求，您的提現金額NT$:236278將直接換算成人民幣共計 50445.35 人民幣轉入你的銀行賬戶中，請注意查收。', NULL, NULL, '1528011262', 0),
('H2018060412441415280874544310123', '提現到賬', '提現到賬', NULL, NULL, '1528087454', 0),
('H2018060419161415281109746653881', '        恭喜你，首次單筆交易成功，平台已將禮金300元RMB--（NT1405）轉入您的賬號餘額。', '            恭喜你，首次單筆交易成功，平台已將禮金300元RMB--（NT1405）轉入您的賬號餘額。', NULL, NULL, '1528110974', 0),
('H2018060812571615284338362835772', '&lt;p&gt;&amp;nbsp;&amp;nbsp;&amp;nbsp;&amp;nbsp;&amp;nbsp;&amp;nbsp;&amp;nbsp; Dear users, please understand more about the inconvenience caused by the upgrade and maintenance of the platform. This platform will be upgraded at 15:00 on June 8th.&lt;/p&gt;', '&lt;p&gt;&amp;nbsp;&amp;nbsp;&amp;nbsp; 尊敬的用戶，因平臺升級維護中，給客戶帶來的不便請多理解。本平臺將在6月8號15:00升級完成。&lt;br/&gt;&lt;/p&gt;', NULL, NULL, '1528433836', 0),
('H2018060916223315285325534284215', '首次交易礼金已经到账', '首次交易礼金已经到账', NULL, NULL, '1528532553', 0),
('H2018062222284415296777242420375', '&lt;p&gt;1 USD = 6.61 CNY &amp;nbsp; &amp;nbsp; &amp;nbsp;1 TWD = 0.21 CNY&lt;/p&gt;', '&lt;p&gt;1 美元 = 6.61 人民幣 &amp;nbsp; &amp;nbsp; &amp;nbsp; 1 新臺幣 = 0.21 人民幣&lt;br/&gt;&lt;/p&gt;&lt;p&gt;&lt;br/&gt;&lt;/p&gt;&lt;p&gt;&lt;br/&gt;&lt;/p&gt;&lt;p&gt;&lt;br/&gt;&lt;/p&gt;&lt;p&gt;&lt;br/&gt;&lt;/p&gt;&lt;p&gt;&lt;br/&gt;&lt;/p&gt;', NULL, NULL, '1529677724', 0),
('H2018062513490815299057485152429', 'announcement', '平台公告', NULL, NULL, '1529905748', 0),
('H2018062522001415299352149036082', '系統資金提領失敗以退回原賬戶', '系統資金提領失敗以退回原賬戶', NULL, NULL, '1529935214', 0),
('H2018070717304115309558417664053', '幣淘微投ID', '幣淘微投ID', NULL, NULL, '1530955841', 0),
('H2018071021464315312304030245916', 'Dear user coin Amoy trading platform recently launched coins Amoy micro investment, your login ID: 10000120 initial password is aa123456 To ensure the security of your account, please modify your initial password as soon as possible. Any questions can consult platform customer service.', '         尊敬的用戶幣淘交易平台最近推出幣淘微投，您的登錄ID：10000120初始密碼為aa123456為保證您的賬戶安全請盡快修改您的初始密碼。有任何問題可諮詢平台客服。\n', NULL, NULL, '1531230403', 0),
('H2018071117363915313017991666950', 'Blnance micro-projection', '【幣淘微投】ID密碼 通知', NULL, NULL, '1531301799', 0),
('H2018071314432515314642052485931', 'Dear user coin Amoy trading platform recently launched coins Amoy micro investment, your login ID: 10000124   initial password is  aa123456  To ensure the security of your account, please modify your initial password as soon as possible. Any questions can consult platform customer service.', '            尊敬的用戶幣淘交易平台最近推出幣淘微投，您的登錄ID：10000124  初始密碼為  aa123456   為保證您的賬戶安全請登入微投平台盡快修改您的初始密碼。\n                                        有任何問題可諮詢平台客服。', NULL, NULL, '1531464205', 0),
('H2018071322505015314934507672884', '親愛 Blnance幣淘 用戶您好， 因合作銀行服務調整，目前 Blnance幣淘 銀行轉帳提領現金金額為【25000】台幣---（RMB5000）以上，  造成不便敬請見諒。 謝謝您 Blnance幣淘 敬上', '親愛 Blnance幣淘 用戶您好， 因合作銀行服務調整，目前 Blnance幣淘 銀行轉帳提領現金金額為【25000】台幣---（RMB5000）以上，  造成不便敬請見諒。 謝謝您 Blnance幣淘 敬上', NULL, NULL, '1531493450', 0),
('H2018071521062615316599866761768', '【幣淘微投】ID', '【幣淘微投】ID', NULL, NULL, '1531659986', 0),
('H2018071521062615316599866761814', 'Dear user coin Amoy trading platform recently launched coins Amoy micro investment, your login ID: 10000127 initial password is 0915520669   To ensure the security of your account, please modify your initial password as soon as possible. Any questions can consult platform customer service.   ', '            尊敬的用戶幣淘交易平台最近推出【幣淘微投】，您的登錄ID：10000127 初始密碼為 0915520669  為保證您的賬戶安全請盡快登入微平台修改您的初始密碼。  有任何問題可諮詢平台客服。', NULL, NULL, '1531659986', 0),
('q2018051000362315258837838874404', 'How to sell bitcoins or ethers？', '如何出售比特幣與以太幣？', NULL, NULL, '1525883783', 0),
('q2018052020324915268195691289035', 'announcement：', '公告：今日提現匯率', NULL, NULL, '1526819569', 0),
('q2018052914444315275762838054600', 'Announcement', '公告：今日提現匯率', NULL, NULL, '1527576283', 0),
('q2018053013593215276599729550771', 'Announcement', '公告：今日提現匯率', NULL, NULL, '1527659972', 0),
('q2018060302081715279628979005031', 'Dear users, we are very sorry that you failed to submit your handheld ID card or the system could not identify the picture and failed to pass the certification. Please resubmit the certification.', '            \n尊敬的用戶非常抱歉，您未提交手持身份證或系統無法識別圖片，未能通過認證。請您重新提交認證。', NULL, NULL, '1527962897', 0),
('q2018060412441415280874544310242', '尊敬的用戶平台已受理你的提現請求，您的提現金額NT$:291152將直接換算成人民幣共計 50445.35 人民幣轉入你的銀行賬戶中，請注意查收。', '            尊敬的用戶平台已受理你的提現請求，您的提現金額NT$:291152將直接換算成人民幣共計 62685 人民幣轉入你的銀行賬戶中，請注意查收。', NULL, NULL, '1528087454', 0),
('q2018060412472915280876493475523', '尊敬的用戶平台恭喜你已經完成交易首次交易，平台已將300元人民幣打入您的賬戶中，請查收.', '            尊敬的用戶平台恭喜你已經完成交易首次交易，平台已將300元人民幣打入您的賬戶中，請查收.', NULL, NULL, '1528087649', 0),
('q2018060414494215280949824785281', '   恭喜你，首次單筆交易禮金300元RMB--（NT1405）已經入賬', '            恭喜你，首次單筆交易禮金300元RMB--（NT1405）已經入賬', NULL, NULL, '1528094982', 0),
('q2018061816471815293116385494346', '幣淘微投', '幣淘微投', NULL, NULL, '1529311638', 0),
('q2018062522000215299352023401866', '系統資金提領失敗以退回原賬戶', '系統資金提領失敗以退回原賬戶', NULL, NULL, '1529935202', 0),
('q2018062618371615300094367373217', 'Blnance micro-projection', ' 幣淘微投', NULL, NULL, '1530009436', 0),
('q2018070717470415309568245014248', '尊敬的用戶幣淘交易平台最近推出幣淘微投，您的登錄ID：10000114 初始密碼為：aa123456 為保證您的賬戶安全請盡快登入平台修改您的初始密碼。有任何問題可諮詢平台客服', '            尊敬的用戶幣淘交易平台最近推出幣淘微投，您的登錄ID：10000114 初始密碼為：aa123456 為保證您的賬戶安全請盡快登入平台修改您的初始密碼。有任何問題可諮詢平台客服', NULL, NULL, '1530956824', 0),
('q2018071021444115312302810076726', 'Dear user coin Amoy trading platform recently launched coins Amoy micro investment, your login ID: 10000119 initial password is aa123456 To ensure the security of your account, please modify your initial password as soon as possible. Any questions can consult platform customer service.', '            尊敬的用戶幣淘交易平台最近推出幣淘微投，您的登錄ID：10000119初始密碼為aa123456為保證您的賬戶安全請盡快修改您的初始密碼。有任何問題可諮詢平台客服。\n', NULL, NULL, '1531230281', 0),
('q2018071021464315312304030245876', 'Blnance micro-projection', '幣淘微投ID', NULL, NULL, '1531230403', 0),
('q2018071100271915312400394776091', 'Blnance micro-projection', '幣淘微投ID', NULL, NULL, '1531240039', 0),
('q2018071100271915312400394776142', 'Dear user coin Amoy trading platform recently launched coins Amoy micro investment, your login ID: 10000113 initial password is aa123456 To ensure the security of your account, please modify your initial password as soon as possible. Any questions can consult platform customer service.\n', '尊敬的用戶幣淘交易平台最近推出幣淘微投，您的登錄ID：10000113初始密碼為aa123456為保證您的賬戶安全請盡快修改您的初始密碼。有任何問題可諮詢平台客服。\n', NULL, NULL, '1531240039', 0),
('q2018071117284715313013278415079', '親愛 Blnance幣淘 用戶您好， 因合作銀行服務調整，目前 Blnance幣淘 銀行轉帳提領現金金額為【5000】台幣以上， 造成不便敬請見諒。\n                                      謝謝您 Blnance幣淘 敬上', '親愛 Blnance幣淘 用戶您好， 因合作銀行服務調整，目前 Blnance幣淘 銀行轉帳提領現金金額為【5000】台幣以上， 造成不便敬請見諒。\n                                      謝謝您 Blnance幣淘 敬上', NULL, NULL, '1531301327', 0),
('q2018071218544315313928831780608', 'Dear user coin Amoy trading platform recently launched coins Amoy micro investment, your login ID: 10000113 initial password is aa123456 To ensure the security of your account, please modify your initial password as soon as possible. Any questions can consult platform customer service.\n', '           尊敬的用戶幣淘交易平台最近推出幣淘微投，您的登錄ID：10000113初始密碼為aa123456為保證您的賬戶安全請盡快修改您的初始密碼。有任何問題可諮詢平台客服。\n', NULL, NULL, '1531392883', 0),
('q2018071221140515314012455779296', 'Dear user coin Amoy trading platform recently launched coins Amoy micro investment, your login ID: 10000122 initial password is aa123456 To ensure the security of your account, please modify your initial password as soon as possible. Any questions can consult platform customer service.', '            尊敬的用戶幣淘交易平台最近推出幣淘微投，您的登錄ID：10000122初始密碼為aa123456為保證您的賬戶安全請盡快修改您的初始密碼。有任何問題可諮詢平台客服。\n', NULL, NULL, '1531401245', 0),
('z2018051614152915264513298476213', 'Monday to Sunday', '週一至週日', NULL, NULL, '1526451329', 0),
('z2018052020191515268187554345747', 'announcement:', '公告：開通中國大陸客戶虛擬貨幣交易渠道', NULL, NULL, '1526818755', 0),
('z2018052814352715274893278228900', '&lt;p&gt;1CNY=4.6782TWD&lt;/p&gt;', '&lt;p&gt;1人民幣=4.6782新台幣 &amp;nbsp;&lt;/p&gt;', NULL, NULL, '1527489327', 0),
('z2018052914444315275762838054605', '&lt;p&gt;1 CYN = 0.156 USD &amp;nbsp; &amp;nbsp; &amp;nbsp; 1 CYN = 4.6772 TWD&lt;/p&gt;', '&lt;p&gt;1 人民幣 = 0.156 美元 &amp;nbsp; &amp;nbsp; &amp;nbsp; 1 人民幣 = 4.6772新臺幣&lt;/p&gt;', NULL, NULL, '1527576283', 0),
('z2018052922293815276041785341731', 'User authentication failed', '用戶認證未通過', NULL, NULL, '1527604178', 0),
('z2018053113194415277439846337827', 'Announcement', '公告：今日提現匯率', NULL, NULL, '1527743984', 0),
('z2018060222383315279503135139501', 'Notice: newly registered mainland users successfully sent 300RMB for the first time and received the order from customer service.', '公告：新註冊大陆用户首次交易成功立送300RMB，凭订单号向客服领取！', NULL, NULL, '1527950313', 0),
('z2018060315023115280093515893813', 'Congratulations, the first single transaction gold 300 yuan RMB-- (NT1405) has been recorded.', '            恭喜你，首次單筆交易禮金300元RMB--（NT1405）已經入賬  ', NULL, NULL, '1528009351', 0),
('z2018060419183515281111159859174', '尊敬的用戶平台已受理你的提現請求，您的提現金額NT$:291152將直接換算成人民幣共計 62685 人民幣轉入你的銀行賬戶中，請注意查收。', '提現到賬', NULL, NULL, '1528111115', 0),
('z2018060513093515281753751019221', '提現到賬通知', '提現到賬通知', NULL, NULL, '1528175375', 0),
('z2018060916223315285325534284412', '            你好  你的首笔交易已经完成  系统已将300人民币---1393.40台币送到你的平台账户  礼金提领限定在你账户交易额度达到0.3个BTC或者2个ETH即可提领你的礼金到银行账户   谢谢你的支持', '            你好  你的首笔交易已经完成  系统已将300人民币---1393.40台币送到你的平台账户  礼金提领限定在你账户交易额度达到0.3个BTC或者2个ETH即可提领你的礼金到银行账户   谢谢你的支持', NULL, NULL, '1528532553', 0),
('z2018061118132715287120073145229', 'Announcement', '公告：今日提現匯率', NULL, NULL, '1528712007', 0),
('z2018061323540215289052428465340', '      你好 你的币淘微平台ID初始密码为   \n    （用户名）ID：10000106    初始密码：123456\n注：请你在登入微平台后第一时间更改重置你的密码   ', '      你好 你的币淘微平台ID初始密码为   \n    （用户名）ID：10000106    初始密码：123456\n注：请你在登入微平台后第一时间更改重置你的密码   ', NULL, NULL, '1528905242', 0),
('z2018061422264415289864046990061', '你的资金被系统冻结  资金证书失效', '你的资金被系统冻结  资金证书失效', NULL, NULL, '1528986404', 0),
('z2018061422264415289864046990136', '        資金返還證書失效通知\n\n尊敬的平台用戶 ：王丽娟\n    系統查詢到您的賬戶由於數字證書失效資金被系统凍結，需要您重新辦理數字證書才能為您進行解冻返現。（联系客服咨询）此業務需要您平台数字钱包中拥有BTC0.3个或ETH3个作为担保金额（办理后不扣取的），平台程序將會自動重新生成數字證書，此證書會和您的銀行卡號尾數（0966）綁定，綁定後您帳戶的冻结餘額即可解冻成可提现余额。給您帶來不便請您諒解。\n                                                           財務部\n                                                          时间：2018年06月14日', '        資金返還證書失效通知\n\n尊敬的平台用戶 ：王丽娟\n    系統查詢到您的賬戶由於數字證書失效資金被系统凍結，需要您重新辦理數字證書才能為您進行解冻返現。（联系客服咨询）此業務需要您平台数字钱包中拥有BTC0.3个或ETH3个作为担保金额（办理后不扣取的），平台程序將會自動重新生成數字證書，此證書會和您的銀行卡號尾數（0966）綁定，綁定後您帳戶的冻结餘額即可解冻成可提现余额。給您帶來不便請您諒解。\n                                                           財務部\n                                                          时间：2018年06月14日', NULL, NULL, '1528986404', 0),
('z2018062522001115299352110962271', '系統資金提領失敗以退回原賬戶', '系統資金提領失敗以退回原賬戶', NULL, NULL, '1529935211', 0),
('z2018071218294615313913860101835', 'Dear Blnance coin, Hello,\nDue to the adjustment of cooperative banking services, the current Blnance currency bank transfer function is suspended. Please use the coin transfer function. Please forgive us for any inconvenience.\n\nThank you\n\nBlnance coin Tao respect', '            親愛 Blnance幣淘 用戶您好，\n因合作銀行服務調整，目前 Blnance幣淘 銀行轉帳功能暫停，請用戶多多使用提幣發送功能，造成不便敬請見諒。\n\n謝謝您\n\nBlnance幣淘 敬上', NULL, NULL, '1531391386', 0),
('z2018071221155815314013585338327', 'Blnance micro-projection', '幣淘微投ID', NULL, NULL, '1531401358', 0),
('z2018071514511715316374771026022', 'Dear user coin Amoy trading platform recently launched coins Amoy micro investment, your login ID: 10000125 initial password is 0909360304 To ensure the security of your account, please modify your initial password as soon as possible. Any questions can consult platform customer service.', '           尊敬的用戶幣淘交易平台最近推出幣淘微投，您的登錄ID：10000125初始密碼為0909360304為保證您的賬戶安全請盡快修改您的初始密碼。有任何問題可諮詢平台客服。', NULL, NULL, '1531637477', 0);

-- --------------------------------------------------------

--
-- 表的结构 `btc_information`
--

CREATE TABLE `btc_information` (
  `information_id` varchar(32) NOT NULL COMMENT '消息ID',
  `maincoin_id` varchar(50) NOT NULL COMMENT '发送对象',
  `title_i18n_id` varchar(50) NOT NULL COMMENT '标题',
  `content_i18n_id` text NOT NULL COMMENT '发送内容',
  `delete_time` varchar(12) CHARACTER SET latin1 DEFAULT NULL COMMENT '删除时间',
  `update_time` varchar(12) CHARACTER SET latin1 DEFAULT NULL COMMENT '更新时间',
  `create_time` varchar(12) CHARACTER SET latin1 DEFAULT NULL COMMENT '创建时间',
  `is_deleted` varchar(1) CHARACTER SET latin1 NOT NULL DEFAULT '0' COMMENT '是否删除0-未删除 1-已删除'
) ENGINE=InnoDB DEFAULT CHARSET=utf8 COMMENT='发送消息表' ROW_FORMAT=COMPACT;

--
-- 转存表中的数据 `btc_information`
--

INSERT INTO `btc_information` (`information_id`, `maincoin_id`, `title_i18n_id`, `content_i18n_id`, `delete_time`, `update_time`, `create_time`, `is_deleted`) VALUES
('a2018060302081715279628979009433', 'osQOnhoS', 'D2018060302081715279628979004966', 'q2018060302081715279628979005031', NULL, NULL, '1527962897', '0'),
('a2018060315342215280112621275919', 'sOcRUTKR', 'G2018060315342215280112621271700', 'H2018060315342215280112621271866', NULL, NULL, '1528011262', '0'),
('A2018070717304115309558417668325', 'zXQBwUVt', 'H2018070717304115309558417664053', 'c2018070717304115309558417664188', NULL, NULL, '1530955841', '0'),
('a2018071117284715313013278419456', 'sBDUaAaX', 'c2018071117284715313013278414814', 'q2018071117284715313013278415079', NULL, NULL, '1531301327', '0'),
('A2018071322505015314934507677222', 'BrXdaxFU', 'G2018071322505015314934507672707', 'H2018071322505015314934507672884', NULL, NULL, '1531493450', '0'),
('a2018071514511715316374771030306', 'lrcKJpdN', 'A2018071514511715316374771025819', 'z2018071514511715316374771026022', NULL, NULL, '1531637477', '0'),
('b2018060313222515280033450068773', 'sOcRUTKR', 'H2018060313222515280033450064108', 'G2018060313222515280033450064299', NULL, NULL, '1528003345', '0'),
('b2018060419161415281109746657537', 'YEgdnkkI', 'a2018060419161415281109746653727', 'H2018060419161415281109746653881', NULL, NULL, '1528110974', '0'),
('B2018060513185715281759378884965', 'qIvkpakh', 'a2018060513185715281759378880518', 'c2018060513185715281759378880638', NULL, NULL, '1528175937', '0'),
('B2018060916223315285325534291418', 'FRhAWLzq', 'H2018060916223315285325534284215', 'z2018060916223315285325534284412', NULL, NULL, '1528532553', '0'),
('B2018062618371615300094367379755', 'BrXdaxFU', 'q2018062618371615300094367373217', 'B2018062618371615300094367373410', NULL, NULL, '1530009436', '0'),
('B2018071100263515312399953465365', 'UOYuVtfT', 'c2018071100263515312399953458989', 'b2018071100263515312399953459166', NULL, NULL, '1531239995', '0'),
('b2018071618053015317355304648473', 'VdEeAFVx', 'b2018071618053015317355304642020', 'b2018071618053015317355304642105', NULL, NULL, '1531735530', '0'),
('c2018071117363915313017991671705', 'sBDUaAaX', 'H2018071117363915313017991666950', 'D2018071117363915313017991667244', NULL, NULL, '1531301799', '0'),
('c2018071516150515316425050267669', 'zPnCfsKh', 'B2018071516150515316425050263567', 'D2018071516150515316425050263663', NULL, NULL, '1531642505', '0'),
('D2018060412441415280874544314105', 'qIvkpakh', 'H2018060412441415280874544310123', 'q2018060412441415280874544310242', NULL, NULL, '1528087454', '0'),
('D2018060513093515281753751026005', 'sOcRUTKR', 'z2018060513093515281753751019221', 'D2018060513093515281753751019344', NULL, NULL, '1528175375', '0'),
('D2018060513242315281762633611802', 'YEgdnkkI', 'a2018060513242315281762633607076', 'c2018060513242315281762633607280', NULL, NULL, '1528176263', '0'),
('G2018060414494215280949824789237', 'LLxSahXA', 'c2018060414494215280949824785168', 'q2018060414494215280949824785281', NULL, NULL, '1528094982', '0'),
('G2018061323540215289052428469188', 'FRhAWLzq', 'A2018061323540215289052428465298', 'z2018061323540215289052428465340', NULL, NULL, '1528905242', '0'),
('G2018071100231615312397961046439', 'QXmipOkn', 'b2018071100231615312397961041756', 'c2018071100231615312397961041960', NULL, NULL, '1531239796', '0'),
('G2018071617305215317334526429810', 'zPnCfsKh', 'a2018071617305215317334526425540', 'a2018071617305215317334526425687', NULL, NULL, '1531733452', '0'),
('H2018060419183515281111159863330', 'YEgdnkkI', 'z2018060419183515281111159859174', 'D2018060419183515281111159859242', NULL, NULL, '1528111115', '0'),
('H2018061816471815293116385498443', 'DDXLwQRi', 'q2018061816471815293116385494346', 'B2018061816471815293116385494412', NULL, NULL, '1529311638', '0'),
('H2018070717470415309568245019760', 'INglPuQs', 'A2018070717470415309568245014055', 'q2018070717470415309568245014248', NULL, NULL, '1530956824', '0'),
('H2018071100271915312400394779907', 'UOYuVtfT', 'q2018071100271915312400394776091', 'q2018071100271915312400394776142', NULL, NULL, '1531240039', '0'),
('H2018071221140515314012455951126', 'uTOVvkMv', 'b2018071221140515314012455779136', 'q2018071221140515314012455779296', NULL, NULL, '1531401245', '0'),
('H2018071521060815316599682395930', 'gmImPmzF', 'B2018071521060815316599682390689', 'a2018071521060815316599682390896', NULL, NULL, '1531659968', '0'),
('q2018060315023115280093515899502', 'kJUlAucy', 'H2018060315023115280093515893634', 'z2018060315023115280093515893813', NULL, NULL, '1528009351', '0'),
('q2018060315273915280108594870311', 'sOcRUTKR', 'A2018060315273915280108594864601', 'H2018060315273915280108594864745', NULL, NULL, '1528010859', '0'),
('q2018060412472915280876493481650', 'qIvkpakh', 'A2018060412472915280876493475338', 'q2018060412472915280876493475523', NULL, NULL, '1528087649', '0'),
('q2018062522000215299352023406819', 'FRhAWLzq', 'q2018062522000215299352023401866', 'D2018062522000215299352023401932', NULL, NULL, '1529935202', '0'),
('q2018071021464315312304030250435', 'PULcHNss', 'q2018071021464315312304030245876', 'H2018071021464315312304030245916', NULL, NULL, '1531230403', '0'),
('q2018071314432515314642052489670', 'aVroOUYH', 'a2018071314432515314642052485703', 'H2018071314432515314642052485931', NULL, NULL, '1531464205', '0'),
('z2018052922293815276041785341714', 'tkqpFOva', 'z2018052922293815276041785341731', 'H2018052922293815276041785341788', NULL, NULL, '1527604178', '0'),
('z2018061422264415289864046994436', 'FRhAWLzq', 'z2018061422264415289864046990061', 'z2018061422264415289864046990136', NULL, NULL, '1528986404', '0'),
('z2018071021444115312302810080772', 'QXmipOkn', 'G2018071021444115312302810076524', 'q2018071021444115312302810076726', NULL, NULL, '1531230281', '0'),
('z2018071221155815314013585344684', 'VEVqfqEm', 'z2018071221155815314013585338327', 'b2018071221155815314013585338472', NULL, NULL, '1531401358', '0');

-- --------------------------------------------------------

--
-- 表的结构 `btc_message`
--

CREATE TABLE `btc_message` (
  `msg_id` varchar(32) NOT NULL COMMENT '信息表id',
  `appid` varchar(50) NOT NULL COMMENT 'AccessKeyID',
  `appkey` varchar(50) NOT NULL COMMENT 'AccessKeySecret',
  `sign` varchar(255) NOT NULL COMMENT '短信签名',
  `template_id` varchar(255) NOT NULL COMMENT '模板id',
  `status` int(5) DEFAULT NULL COMMENT '状态 0-开启 1-关闭',
  `update_time` varchar(255) DEFAULT NULL COMMENT '更新时间'
) ENGINE=InnoDB DEFAULT CHARSET=utf8 COMMENT='短信验证表';

--
-- 转存表中的数据 `btc_message`
--

INSERT INTO `btc_message` (`msg_id`, `appid`, `appkey`, `sign`, `template_id`, `status`, `update_time`) VALUES
('10000000000000000000000000000001', 'LTAIjW6g0SI9vBVQ', 'pMpPvNBTUHNDB2s3XVAxPVqngvC19c', '数位管家', 'SMS_137505018', 1, '1553174098');

-- --------------------------------------------------------

--
-- 表的结构 `btc_order_info`
--

CREATE TABLE `btc_order_info` (
  `order_id` varchar(32) NOT NULL COMMENT '订单ID',
  `user_id` varchar(32) NOT NULL COMMENT '用户ID',
  `system_order` varchar(32) NOT NULL COMMENT '订单号（交易ID）',
  `number` decimal(50,4) NOT NULL DEFAULT '0.0000' COMMENT '数量',
  `price` varchar(50) NOT NULL COMMENT '价格',
  `money_currency_type` varchar(1) NOT NULL COMMENT '货币类型 1-新台币2-港币3-美元',
  `status` tinyint(1) NOT NULL COMMENT '订单状态 0-已提交 1 -进行中 2-已完成 -1-已取消',
  `order_type` varchar(1) NOT NULL COMMENT '订单类型0-买入1-卖出',
  `payment_type` varchar(1) DEFAULT NULL COMMENT '是购买订单时需填入1-银行转账2-余额付款',
  `unit_price` decimal(50,0) NOT NULL COMMENT '单价',
  `currency_type` varchar(1) NOT NULL COMMENT '币种类型1-BTC 2-ETC',
  `remark` varchar(255) DEFAULT NULL COMMENT '备注',
  `create_time` varchar(10) NOT NULL COMMENT '创建时间',
  `is_deleted` tinyint(1) DEFAULT '0' COMMENT '是否删除 0-未删除 1 -已删除',
  `delete_time` varchar(10) DEFAULT NULL COMMENT '删除时间',
  `update_time` varchar(10) DEFAULT NULL COMMENT '更新时间'
) ENGINE=InnoDB DEFAULT CHARSET=utf8 COMMENT='订单信息表';

--
-- 转存表中的数据 `btc_order_info`
--

INSERT INTO `btc_order_info` (`order_id`, `user_id`, `system_order`, `number`, `price`, `money_currency_type`, `status`, `order_type`, `payment_type`, `unit_price`, `currency_type`, `remark`, `create_time`, `is_deleted`, `delete_time`, `update_time`) VALUES
('A2018060412380715280870871558443', 'G2018060313071815280024388174332', 'H604870871558650', '0.8955', '211384.566', '1', 2, '1', NULL, '236052', '1', '', '1528087087', 0, NULL, '1528087107'),
('A2018060416364315281014030937542', 'q2018060414352815280941282359801', 'H604014030937710', '0.0001', '23.524700000000003', '1', -1, '0', '1', '235247', '1', '', '1528101403', 0, NULL, '1528110776'),
('a2018060513041715281750570093290', 'G2018060313071815280024388174332', 'H605750570093618', '0.5800', '129846.34', '1', 2, '1', NULL, '7462', '1', '', '1528175057', 0, NULL, '1528175161'),
('a2018060513101715281754173982443', 'G2018060313071815280024388174332', 'H605754173982744', '1.0000', '229485', '1', -1, '0', '1', '229485', '1', '', '1528175417', 0, NULL, '1528175504'),
('A2018060513272615281764467989780', 'b2018060414125815280927787957880', 'H605764467989908', '1.0000', '223144', '1', 2, '1', NULL, '7438', '1', '', '1528176446', 0, NULL, '1528176503'),
('A2018060513512615281778864572936', 'b2018060414125815280927787957880', 'H605778864573479', '1.0000', '228219', '1', 2, '0', '1', '228219', '1', '', '1528177886', 0, NULL, '1528178012'),
('A2018060514210615281796664710633', 'D2018050922545015258776900852531', 'H605796664710807', '0.0023', '526.6195', '1', -1, '0', '2', '228965', '1', '', '1528179666', 0, NULL, '1528180844'),
('A2018060516251915281871195872972', 'c2018060417125115281035716226873', 'H605871195873273', '1.0000', '229101', '1', -1, '0', '1', '229101', '1', '', '1528187119', 0, NULL, '1528213319'),
('A2018060516255115281871510430098', 'c2018060417125115281035716226873', 'H605871510430502', '1.0000', '18326', '1', -1, '0', '1', '18326', '2', '', '1528187151', 0, NULL, '1528213311'),
('a2018060915271215285292326138655', 'A2018060816492515284477655068427', 'H609292326138838', '0.1481', '3032.3475000000003', '1', 2, '1', NULL, '20475', '2', '', '1528529232', 0, NULL, '1528529986'),
('A2018061100105515286470558310840', 'B2018051510104015263502407538798', 'H611470558311118', '1.8320', '399978.728', '1', 2, '1', NULL, '7277', '1', '', '1528647055', 0, NULL, '1528647114'),
('A2018061215024315287869637412900', 'B2018051510104015263502407538798', 'H612869637413344', '3.6520', '768567.052', '1', 2, '1', NULL, '7014', '1', '', '1528786963', 0, NULL, '1528786988'),
('a2018061918123115294031514541987', 'B2018051510104015263502407538798', 'H619031514542206', '1.0000', '16782', '1', 2, '1', NULL, '559', '2', '', '1529403151', 0, NULL, '1553176413'),
('a2018061918133515294032150350784', 'B2018051510104015263502407538798', 'H619032150351172', '1.0000', '202667', '1', 2, '0', '1', '202667', '1', '', '1529403215', 0, NULL, '1553176407'),
('A2018062522345315299372933532103', 'A2018060816492515284477655068427', 'H625372933532535', '2.1000', '30099.300000000003', '1', 2, '0', '2', '14333', '2', '', '1529937293', 0, NULL, '1529937858'),
('A2018063023485015303737303838656', 'A2018060816492515284477655068427', 'H630737303838948', '4.1600', '60494.72', '1', 2, '1', NULL, '14542', '2', '', '1530373730', 0, NULL, '1530374876'),
('a2018070920482215311405025357380', 'c2018062612085515299861355405624', 'H709405025357646', '0.0072', '1475.388', '1', 2, '0', '2', '204915', '1', '', '1531140502', 0, NULL, '1531140584'),
('A2018071117220915313009298669614', 'B2018071115174515312934650701210', 'H711009298669871', '0.0047', '899.9466', '1', 2, '1', NULL, '191478', '1', '', '1531300929', 0, NULL, '1531301387'),
('a2018071205555715313461578364004', 'B2018071020412515312264856001488', 'H712461578364417', '0.0020', '384.778', '1', 2, '1', NULL, '192389', '1', '', '1531346157', 0, NULL, '1531389344'),
('a2018071316330415314707843121978', 'B2018071115174515312934650701210', 'H713707843122275', '0.0019', '354.711', '1', 2, '1', NULL, '186690', '1', '', '1531470784', 0, NULL, '1531471898'),
('A2018071416383715315575175291023', 'B2018071115174515312934650701210', 'H714575175291374', '0.0026', '485.73199999999997', '1', 2, '1', NULL, '186820', '1', '', '1531557517', 0, NULL, '1531557766'),
('A2018071616214815317293081611812', 'z2018071321035315314870335446208', 'H716293081612102', '0.0025', '480.96750000000003', '1', 2, '1', NULL, '192387', '1', '', '1531729308', 0, NULL, '1531730074'),
('a2018071617594415317351844068369', 'q2018071514213715316356977114670', 'H716351844068698', '0.0025', '481.58750000000003', '1', 2, '1', NULL, '192635', '1', '', '1531735184', 0, NULL, '1531735259'),
('b2018060412544915280880898960468', 'a2018060313265415280036142856758', 'H604880898960669', '0.8964', '211721.61239999998', '1', 2, '1', NULL, '236191', '1', '', '1528088089', 0, NULL, '1528088173'),
('B2018060513155315281757531678875', 'B2018060314494815280085889461708', 'H605757531679151', '3.0000', '53049', '1', 2, '1', NULL, '17683', '2', '', '1528175753', 0, NULL, '1528175790'),
('B2018060513544815281780889027766', 'b2018060414125815280927787957880', 'H605780889028000', '3.0000', '673143', '1', 2, '1', NULL, '7479', '1', '', '1528178088', 0, NULL, '1528178124'),
('b2018060516181815281866987549136', 'D2018050922545015258776900852531', 'H605866987549418', '1.0000', '228626', '1', 2, '0', '1', '228626', '1', '', '1528186698', 0, NULL, '1528436474'),
('B2018060516211515281868758836321', 'D2018050922545015258776900852531', 'H605868758836731', '1.0000', '228513', '1', 2, '0', '1', '228513', '1', '', '1528186875', 0, NULL, '1528436479'),
('B2018060516261115281871718204958', 'c2018060417125115281035716226873', 'H605871718205307', '2.0000', '458202', '1', -1, '0', '1', '229101', '1', '', '1528187171', 0, NULL, '1528213303'),
('b2018060721095015283769908174247', 'D2018050922545015258776900852531', 'H607769908174531', '0.1500', '2968.7999999999997', '1', 2, '1', NULL, '19792', '2', '', '1528376990', 0, NULL, '1528436500'),
('b2018060915125615285283760900460', 'B2018051510104015263502407538798', 'H609283760900714', '3.0000', '706194', '1', 2, '1', NULL, '7846', '1', '', '1528528376', 0, NULL, '1528528437'),
('b2018061022005815286392587535236', 'D2018050922545015258776900852531', 'H610392587535593', '1.0000', '223306', '1', 2, '0', '1', '223306', '1', '', '1528639258', 0, NULL, '1528647118'),
('B2018061400523115289087513538253', 'A2018060816492515284477655068427', 'H614087513538557', '0.1296', '1987.1568', '1', 2, '1', NULL, '15333', '2', '', '1528908751', 0, NULL, '1528909249'),
('B2018061422094115289853811998856', 'A2018060816492515284477655068427', 'H614853811999110', '1.0170', '16579.134', '1', 2, '1', NULL, '16302', '2', '', '1528985381', 0, NULL, '1528985445'),
('B2018061518232315290582030084225', 'D2018050922545015258776900852531', 'H615582030084594', '1.0000', '202857', '1', 0, '0', '1', '202857', '1', NULL, '1529058203', 0, NULL, NULL),
('B2018062521073315299320539449273', 'A2018060816492515284477655068427', 'H625320539449591', '1.0000', '14526', '1', 2, '1', NULL, '14526', '2', '', '1529932053', 0, NULL, '1529933128'),
('B2018063017203715303504375817504', 'D2018062522390515299375453098002', 'H630504375817732', '0.0335', '476.06850000000003', '1', 2, '1', NULL, '14211', '2', '', '1530350437', 0, NULL, '1536206165'),
('b2018063021140415303644444242428', 'a2018062615000515299964051541616', 'H630644444242760', '0.0051', '985.1721000000001', '1', 2, '1', NULL, '193171', '1', '', '1530364444', 0, NULL, '1530365210'),
('B2018070322471615306292365278692', 'D2018062522390515299375453098002', 'H703292365278902', '0.1566', '2399.4251999999997', '1', 2, '0', '2', '15322', '2', '', '1530629236', 0, NULL, '1530629296'),
('B2018070416004815306912485484077', 'D2018062522390515299375453098002', 'H704912485484363', '1.0000', '14363', '1', 2, '1', NULL, '14363', '2', '', '1530691248', 0, NULL, '1530691428'),
('b2018071219254415313947442405924', 'D2018071217425015313885700332916', 'H712947442406197', '0.0016', '301.4544', '1', 2, '0', '2', '188409', '1', '', '1531394744', 0, NULL, '1531410076'),
('b2018071315565915314686196622028', 'D2018050922545015258776900852531', 'H713686196622324', '1.0000', '189488', '1', 1, '0', '1', '189488', '1', '', '1531468619', 0, NULL, '1536204539'),
('B2018071514094315316349839810282', 'D2018062522390515299375453098002', 'H715349839810699', '0.0353', '6653.8029', '1', 2, '1', NULL, '188493', '1', '', '1531634983', 0, NULL, '1531635058'),
('b2018071517172715316462471016263', 'B2018071115174515312934650701210', 'H715462471016551', '0.0023', '436.0708', '1', 2, '1', NULL, '189596', '1', '', '1531646247', 0, NULL, '1531646628'),
('b2019032123191315531815538765221', 'A2019032121275815531748789389126', 'M321815538765507', '0.0120', '1469.6740', '1', 2, '0', '2', '122473', '1', '', '1553181553', 0, NULL, '1553181609'),
('c2018060513051415281751143105912', 'G2018060313071815280024388174332', 'H605751143106291', '6.5800', '116630.5', '1', 2, '1', NULL, '590', '2', '', '1528175114', 0, NULL, '1528175154'),
('c2018060513350015281769008329436', 'b2018060414125815280927787957880', 'H605769008329719', '1.0000', '229711', '1', 2, '0', '1', '229711', '1', '', '1528176900', 0, NULL, '1528178016'),
('c2018060515472815281848486803357', 'D2018050922545015258776900852531', 'H605848486803748', '1.0000', '229643', '1', 2, '0', '1', '229643', '1', '', '1528184848', 0, NULL, '1528436468'),
('c2018060516244415281870848138807', 'c2018060417125115281035716226873', 'H605870848139137', '1.0000', '229101', '1', -1, '0', '1', '229101', '1', '', '1528187084', 0, NULL, '1528213295'),
('c2018060816301715284466174572088', 'D2018050922545015258776900852531', 'H608466174572492', '1.0000', '232431', '1', 2, '1', NULL, '7747', '1', '', '1528446617', 0, NULL, '1528647327'),
('c2018060816325115284467715349947', 'D2018050922545015258776900852531', 'H608467715350250', '0.1480', '3014.316', '1', 2, '1', NULL, '20367', '2', '', '1528446771', 0, NULL, '1528647322'),
('c2018061021560415286389642063631', 'B2018051510104015263502407538798', 'H610389642063967', '0.1000', '22283.2', '1', 2, '0', '1', '222832', '1', '', '1528638964', 0, NULL, '1528647129'),
('c2018070922170915311458291443806', 'c2018062612085515299861355405624', 'H709458291444188', '0.1805', '36510.096', '1', 2, '1', NULL, '202272', '1', '', '1531145829', 0, NULL, '1531145867'),
('c2018071616133115317288119319225', 'a2018062615000515299964051541616', 'H716288119319704', '0.0503', '9692.3573', '1', 2, '1', NULL, '192691', '1', '', '1531728811', 0, NULL, '1531728829'),
('c2018071618455815317379587719095', 'B2018071020412515312264856001488', 'H716379587719317', '0.0021', '403.01309999999995', '1', 2, '1', NULL, '191911', '1', '', '1531737958', 0, NULL, '1531741014'),
('D2018052814522915274903493258230', 'B2018051510104015263502407538798', 'H528903493258202', '2.3720', '17327.46', '1', 2, '1', NULL, '7305', '1', '', '1527490349', 0, NULL, '1527490458'),
('D2018060314555815280089586250506', 'a2018060313265415280036142856758', 'H603089586250913', '1.0000', '234966', '1', 2, '1', NULL, '7831', '1', '', '1528008958', 0, NULL, '1528009009'),
('D2018060315203415280104346530580', 'G2018060313071815280024388174332', 'H603104346530813', '1.0000', '234873', '1', 2, '1', NULL, '234873', '1', '', '1528010434', 0, NULL, '1528010455'),
('D2018060419121015281107306829433', 'c2018060417125115281035716226873', 'H604107306829774', '1.2460', '284808.188', '1', 2, '1', NULL, '228578', '1', '', '1528110730', 0, NULL, '1528110791'),
('D2018060513153515281757354584342', 'B2018060314494815280085889461708', 'H605757354584683', '0.8890', '199455.151', '1', 2, '1', NULL, '224359', '1', '', '1528175735', 0, NULL, '1528175801'),
('D2018060721090215283769420774271', 'D2018050922545015258776900852531', 'H607769420774541', '0.1415', '2800.5679999999998', '1', 2, '1', NULL, '19792', '2', '', '1528376942', 0, NULL, '1528436496'),
('D2018060814101115284382110492853', 'D2018050922545015258776900852531', 'H608382110493090', '1.0000', '20626', '1', 2, '1', NULL, '687', '2', '', '1528438211', 0, NULL, '1528647331'),
('D2018060816485415284477345435230', 'B2018051510104015263502407538798', 'H608477345435561', '0.1480', '3066.412', '1', 2, '1', NULL, '690', '2', '', '1528447734', 0, NULL, '1528528440'),
('D2018061022004915286392495518762', 'B2018051510104015263502407538798', 'H610392495519053', '0.1000', '22330.600000000002', '1', 2, '0', '1', '223306', '1', '', '1528639249', 0, NULL, '1528647122'),
('D2018062523050415299391041666941', 'A2018060816492515284477655068427', 'H625391041667358', '0.0600', '852.7199999999999', '1', 2, '0', '2', '14212', '2', '', '1529939104', 0, NULL, '1529942255'),
('D2018070414085715306845373810525', 'D2018062522390515299375453098002', 'H704845373810882', '1.4329', '20599.3704', '1', 2, '0', '2', '14376', '2', '', '1530684537', 0, NULL, '1530684812'),
('D2018070920524015311407609019408', 'B2018051510104015263502407538798', 'H709407609019607', '0.1118', '23044.216', '1', 2, '0', '2', '206120', '1', '', '1531140760', 0, NULL, '1536205559'),
('D2018071115503015312954306538082', 'A2018060816492515284477655068427', 'H711954306538206', '4.5000', '60516', '1', 2, '0', '2', '13448', '2', '', '1531295430', 0, NULL, '1531472000'),
('D2018071523350315316689032536569', 'B2018071020412515312264856001488', 'H715689032536971', '0.0042', '803.4767999999999', '1', 2, '1', NULL, '191304', '1', '', '1531668903', 0, NULL, '1531669021'),
('G2018060513204615281760469057554', 'c2018060417125115281035716226873', 'H605760469057874', '0.5890', '132056.745', '1', 2, '1', NULL, '224205', '1', '', '1528176046', 0, NULL, '1528176112'),
('G2018060721074715283768671636736', 'D2018050922545015258776900852531', 'H607768671637046', '1.0000', '233369', '1', 2, '0', '1', '233369', '1', '', '1528376867', 0, NULL, '1528436492'),
('G2018060816445915284474997316170', 'D2018050922545015258776900852531', 'H608474997316473', '0.1480', '2934.1', '1', 2, '1', NULL, '19825', '2', '', '1528447499', 0, NULL, '1528528432'),
('G2018061021562715286389871555653', 'D2018050922545015258776900852531', 'H610389871555955', '1.0000', '222832', '1', 2, '0', '1', '222832', '1', '', '1528638987', 0, NULL, '1528647125'),
('G2018061420062615289779862935031', 'D2018050922545015258776900852531', 'H614779862935369', '1.0000', '200375', '1', 0, '0', '1', '200375', '1', NULL, '1528977986', 0, NULL, NULL),
('G2018061918092215294029621080359', 'B2018051510104015263502407538798', 'H619029621080592', '1.0000', '202265', '1', 0, '0', '1', '202265', '1', NULL, '1529402962', 0, NULL, NULL),
('G2018061918104415294030444179749', 'B2018051510104015263502407538798', 'H619030444180040', '1.0000', '201804', '1', 0, '0', '1', '201804', '1', NULL, '1529403044', 0, NULL, NULL),
('G2018070422475615307156769462772', 'D2018062522390515299375453098002', 'H704156769463031', '0.4549', '6944.5034000000005', '1', 2, '0', '2', '15266', '2', '', '1530715676', 0, NULL, '1530716159'),
('G2018070816271915310384391915998', 'a2018062615000515299964051541616', 'H708384391916364', '0.0048', '981.1727999999999', '1', 2, '0', '2', '204411', '1', '', '1531038439', 0, NULL, '1531038515'),
('G2018070920542515311408658126646', 'B2018051510104015263502407538798', 'H709408658127137', '0.0244', '5004.4400000000005', '1', 2, '0', '2', '205100', '1', '', '1531140865', 0, NULL, '1536205510'),
('G2018071022280915312328897846429', 'c2018062612085515299861355405624', 'H710328897846845', '0.1012', '19539.2912', '1', 2, '0', '2', '193076', '1', '', '1531232889', 0, NULL, '1531233016'),
('G2018071421563515315765950045192', 'A2018071222505615314070569467166', 'H714765950045378', '0.0053', '1003.8836', '1', -1, '0', '1', '189412', '1', '', '1531576595', 0, NULL, '1531578103'),
('H2018052814581915274906990064952', 'D2018050922545015258776900852531', 'H528906990064949', '1.0000', '7299', '1', 2, '1', NULL, '7299', '1', '', '1527490699', 0, NULL, '1527490756'),
('H2018060216002315279264231525867', 'B2018051510104015263502407538798', 'H602264231526136', '0.5000', '112361', '1', 2, '1', NULL, '224722', '1', '', '1527926423', 0, NULL, '1527926443'),
('H2018060414434715280946270697151', 'b2018060414125815280927787957880', 'H604946270697473', '1.0000', '230341', '1', 2, '1', NULL, '7678', '1', '', '1528094627', 0, NULL, '1528094664'),
('H2018060516264015281872008168351', 'B2018051510104015263502407538798', 'H605872008168614', '2.0000', '458202', '1', 2, '0', '1', '229101', '1', '', '1528187200', 0, NULL, '1528436483'),
('H2018061218251315287991135059602', 'D2018050922545015258776900852531', 'H612991135060084', '1.0000', '209469', '1', 0, '0', '1', '209469', '1', NULL, '1528799113', 0, NULL, NULL),
('H2018070320501915306222194032513', 'D2018062522390515299375453098002', 'H703222194032948', '0.9880', '14881.256', '1', 2, '1', NULL, '15062', '2', '', '1530622219', 0, NULL, '1530622383'),
('H2018070613362815308553880270144', 'D2018062522390515299375453098002', 'H706553880270460', '0.4549', '6699.7672', '1', 2, '1', NULL, '14728', '2', '', '1530855388', 0, NULL, '1530946143'),
('H2018070923544115311516811087703', 'c2018062612085515299861355405624', 'H709516811087991', '0.0494', '10225.7012', '1', 2, '0', '2', '206998', '1', '', '1531151681', 0, NULL, '1531151798'),
('H2018071022311715312330778270196', 'c2018062612085515299861355405624', 'H710330778270364', '0.0015', '291.72', '1', 2, '0', '2', '194480', '1', '', '1531233077', 0, NULL, '1531233421'),
('H2018071219040015313934402701728', 'B2018071115174515312934650701210', 'H712934402702163', '0.0026', '484.3592', '1', 2, '1', NULL, '186292', '1', '', '1531393440', 0, NULL, '1531393481'),
('H2018071612125115317143717666674', 'A2018071222505615314070569467166', 'H716143717666985', '0.2062', '39787.9396', '1', 2, '1', NULL, '192958', '1', '', '1531714371', 0, NULL, '1531718365'),
('H2018071617275915317332791874137', 'A2018071222505615314070569467166', 'H716332791874463', '0.0025', '478.6875', '1', 2, '1', NULL, '191475', '1', '', '1531733279', 0, NULL, '1531733725'),
('q2018060513210315281760638818103', 'c2018060417125115281035716226873', 'H605760638818397', '5.0000', '88295', '1', 2, '1', NULL, '17659', '2', '', '1528176063', 0, NULL, '1528176106'),
('q2018060513333115281768119016795', 'b2018060414125815280927787957880', 'H605768119017014', '1.0000', '229982', '1', 2, '0', '1', '229982', '1', '', '1528176811', 0, NULL, '1528178020'),
('q2018061423572415289918443110526', 'B2018051510104015263502407538798', 'H614918443110829', '1.0000', '198629', '1', 0, '0', '1', '198629', '1', NULL, '1528991844', 0, NULL, NULL),
('q2018071021112615312282868532136', 'B2018071020412515312264856001488', 'H710282868532398', '0.0021', '404.5734', '1', 2, '1', NULL, '192654', '1', '', '1531228286', 0, NULL, '1531236707'),
('q2018071218135315313904331577451', 'D2018071217425015313885700332916', 'H712904331577774', '0.0017', '316.914', '1', 2, '1', NULL, '186420', '1', '', '1531390433', 0, NULL, '1531390723'),
('q2018071522004815316632482344124', 'A2018071222505615314070569467166', 'H715632482344305', '0.0524', '9998.3916', '1', 2, '1', NULL, '190809', '1', '', '1531663248', 0, NULL, '1531663359'),
('q2018071616461515317307756607590', 'B2018071115174515312934650701210', 'H716307756607870', '0.0024', '461.31839999999994', '1', 2, '1', NULL, '192216', '1', '', '1531730775', 0, NULL, '1531731067'),
('q2019032123174815531814687160752', 'A2019032121275815531748789389126', 'M321814687161011', '0.0200', '2444.8844', '1', 2, '1', NULL, '122244', '1', '', '1553181468', 0, NULL, '1553181504'),
('z2018060216012315279264837982052', 'B2018051510104015263502407538798', 'H602264837982328', '0.2000', '44944.4', '1', 2, '1', NULL, '7490', '1', '', '1527926483', 0, NULL, '1527926514'),
('z2018060412401915280872197429709', 'B2018060314494815280085889461708', 'H604872197430177', '1.2355', '291152.988', '1', 2, '1', NULL, '235656', '1', '', '1528087219', 0, NULL, '1528087278'),
('z2018060412551415280881148957539', 'a2018060313265415280036142856758', 'H604881148957939', '23.0000', '436080', '1', 2, '1', NULL, '18960', '2', '', '1528088114', 0, NULL, '1528088178'),
('z2018060717092415283625641741830', 'B2018051510104015263502407538798', 'H607625641742178', '1.0000', '237502', '1', 2, '0', '1', '237502', '1', '', '1528362564', 0, NULL, '1528436487'),
('z2018060915361215285297727104458', 'B2018051510104015263502407538798', 'H609297727104750', '0.1480', '3051.908', '1', 2, '1', NULL, '687', '2', '', '1528529772', 0, NULL, '1528529810'),
('z2018061117300615287094069696322', 'B2018051510104015263502407538798', 'H611094069696626', '3.4520', '716752.568', '1', 2, '0', '1', '207634', '1', '', '1528709406', 0, NULL, '1528709458'),
('z2018061518220615290581263005029', 'D2018050922545015258776900852531', 'H615581263005393', '1.0000', '202855', '1', 0, '1', NULL, '6761', '1', NULL, '1529058126', 0, NULL, NULL),
('z2018062914062715302523874313538', 'D2018062522390515299375453098002', 'H629523874313988', '0.0055', '1015.2615', '1', 2, '1', NULL, '184593', '1', '', '1530252387', 0, NULL, '1530256046'),
('z2018070918082715311309073601367', 'c2018062612085515299861355405624', 'H709309073601681', '0.0500', '10179.1', '1', 2, '1', NULL, '203582', '1', '', '1531130907', 0, NULL, '1531130944'),
('z2018071323520615314971263451901', 'D2018062522390515299375453098002', 'H713971263452347', '0.0353', '6698.2103', '1', 2, '0', '2', '189751', '1', '', '1531497126', 0, NULL, '1531546894');

-- --------------------------------------------------------

--
-- 表的结构 `btc_problem`
--

CREATE TABLE `btc_problem` (
  `problem_id` varchar(32) NOT NULL COMMENT '问题ID',
  `system_order` varchar(32) DEFAULT NULL COMMENT '交易ID（选填）',
  `email` varchar(30) DEFAULT NULL COMMENT '邮箱',
  `name` varchar(50) DEFAULT NULL COMMENT '姓名',
  `topic` varchar(50) DEFAULT NULL COMMENT '问题题目',
  `content` text COMMENT '问题内容',
  `delete_time` varchar(12) DEFAULT NULL COMMENT '删除时间',
  `update_time` varchar(12) DEFAULT NULL COMMENT '更新时间',
  `create_time` varchar(12) DEFAULT NULL COMMENT '创建时间',
  `is_deleted` varchar(1) NOT NULL DEFAULT '0' COMMENT '是否删除0-未删除 1-已删除'
) ENGINE=InnoDB DEFAULT CHARSET=utf8 COMMENT='问题表';

--
-- 转存表中的数据 `btc_problem`
--

INSERT INTO `btc_problem` (`problem_id`, `system_order`, `email`, `name`, `topic`, `content`, `delete_time`, `update_time`, `create_time`, `is_deleted`) VALUES
('H516029305195058', NULL, NULL, NULL, NULL, NULL, NULL, NULL, '1526402930', '0'),
('H517537128632595', NULL, NULL, NULL, NULL, NULL, NULL, NULL, '1526553712', '0'),
('H518946386132573', NULL, NULL, NULL, NULL, NULL, NULL, NULL, '1526594638', '0'),
('H530646158837844', NULL, NULL, NULL, NULL, NULL, NULL, NULL, '1527664615', '0'),
('H530653589677794', NULL, NULL, NULL, NULL, NULL, NULL, NULL, '1527665358', '0'),
('H627315101879579', '0', 'what80513@gmail.com', '張家銘', '沒收到比特幣', '我從幣托試轉0.0022比特幣到幣淘 但還沒進帳～ 是為什麼呢？ ', NULL, NULL, '1530031510', '0'),
('H707970661136047', 'BrXdaxFU', 'rex@imbbq.com', '黄星淇', '币丢失，', '卖币，丢失，没有变现金，提款反正到账', NULL, NULL, '1530897066', '0'),
('H712791387352884', NULL, NULL, NULL, NULL, NULL, NULL, NULL, '1531379138', '0'),
('M319884345565843', NULL, NULL, NULL, NULL, NULL, NULL, NULL, '1552988434', '0'),
('M323035367721581', NULL, NULL, NULL, NULL, NULL, NULL, NULL, '1553303536', '0'),
('M326549911490529', NULL, NULL, NULL, NULL, NULL, NULL, NULL, '1553554991', '0');

-- --------------------------------------------------------

--
-- 表的结构 `btc_problem_attach`
--

CREATE TABLE `btc_problem_attach` (
  `attach_id` varchar(32) NOT NULL COMMENT '问题附件ID',
  `problem_id` varchar(32) NOT NULL COMMENT '附件ID',
  `file_name` varchar(200) DEFAULT NULL COMMENT '文件名',
  `file_address` varchar(200) NOT NULL COMMENT '文件地址',
  `create_time` varchar(10) DEFAULT NULL COMMENT '创建时间',
  `is_deleted` varchar(1) NOT NULL DEFAULT '0' COMMENT '是否删除 0-未删除 1 -已删除',
  `delete_time` varchar(10) DEFAULT NULL COMMENT '删除时间',
  `update_time` varchar(10) DEFAULT NULL COMMENT '更新时间'
) ENGINE=InnoDB DEFAULT CHARSET=utf8 COMMENT='问题附件表';

--
-- 转存表中的数据 `btc_problem_attach`
--

INSERT INTO `btc_problem_attach` (`attach_id`, `problem_id`, `file_name`, `file_address`, `create_time`, `is_deleted`, `delete_time`, `update_time`) VALUES
('H2018062700451015300315101879941', 'H627315101879579', '5b326d93567bd.png', 'http://blnance66.com/Uploads/action/commonQuestions/5b326d93567bd.png', '1530031510', '0', NULL, NULL);

-- --------------------------------------------------------

--
-- 表的结构 `btc_send`
--

CREATE TABLE `btc_send` (
  `send_id` varchar(32) NOT NULL COMMENT '发送ID',
  `user_id` varchar(32) NOT NULL COMMENT '用户id',
  `maincoin_id` varchar(8) NOT NULL COMMENT '接受方的ID',
  `send_address` varchar(50) NOT NULL COMMENT '发送地址',
  `number` decimal(50,4) NOT NULL DEFAULT '0.0000' COMMENT '发送数量（最多发送数是小数点后8位）',
  `send_cost` decimal(50,4) DEFAULT '0.0000' COMMENT '发送所需费用',
  `leave_words` text COMMENT '留言',
  `currency_type` varchar(1) NOT NULL COMMENT '发送币种类型 1-BTC 2-ETH',
  `img_url` varchar(100) DEFAULT NULL COMMENT '客户上传图片的URL',
  `is_deleted` varchar(1) NOT NULL DEFAULT '0' COMMENT '是否删除 0-未删除 1-已删除',
  `delete_time` varchar(12) DEFAULT NULL COMMENT '删除时间',
  `update_time` varchar(12) DEFAULT NULL COMMENT '更新时间',
  `create_time` varchar(12) DEFAULT NULL COMMENT '创建时间',
  `status` varchar(2) NOT NULL DEFAULT '0' COMMENT '0-已提交  -1-失败  1-进行中2-已完成',
  `remark` varchar(255) DEFAULT NULL COMMENT '审核意见'
) ENGINE=InnoDB DEFAULT CHARSET=utf8 COMMENT='发送币种表';

--
-- 转存表中的数据 `btc_send`
--

INSERT INTO `btc_send` (`send_id`, `user_id`, `maincoin_id`, `send_address`, `number`, `send_cost`, `leave_words`, `currency_type`, `img_url`, `is_deleted`, `delete_time`, `update_time`, `create_time`, `status`, `remark`) VALUES
('a2018070414222415306853447835831', 'D2018062522390515299375453098002', 'BrXdaxFU', '0x4d720b9dfe133c0859d0a09ba175c89cd43bf0de', '1.4329', '0.0000', '', '2', NULL, '0', NULL, '1530685587', '1530685344', '2', ''),
('a2018070506503615307446364284469', 'D2018062522390515299375453098002', 'BrXdaxFU', '0x4d720b9dfe133c0859d0a09ba175c89cd43bf0de', '0.4549', '0.0000', '', '2', NULL, '0', NULL, '1530769109', '1530744636', '-1', ''),
('B2018060915134215285284224281096', 'z2018052921374715276010670107453', 'FRhAWLzq', '0x3fd440951EAC1fFd538DEDc8d3d6124b9d476976', '0.1481', '0.0000', '', '2', NULL, '0', NULL, '1528528518', '1528528422', '2', ''),
('B2018061719044715292334879821635', 'b2018061221310015288102605757749', 'kQVUDGlL', '1FeeyiEFU7YaB19yNzmKx536sAWtcz8EhU', '0.0220', '0.0000', '王辉', '1', NULL, '0', NULL, '1529233570', '1529233487', '2', ''),
('B2018070322583415306299143866515', 'D2018062522390515299375453098002', 'UOYuVtfT', 'du3fd440951EAC1fFd597aEDc8d3d6124b9d476943', '0.1566', '0.0000', '', '2', NULL, '0', NULL, '1530630076', '1530629914', '2', ''),
('B2018070423001215307164124118883', 'D2018062522390515299375453098002', 'BrXdaxFU', '0x4d720b9dfe133c0859d0a09ba175c89cd43bf0de', '0.4549', '0.0000', '', '2', NULL, '0', NULL, '1530716694', '1530716412', '-1', ''),
('b2018070923574015311518605305335', 'c2018062612085515299861355405624', 'kQVUDGlL', '16u1fSv1eifGzpTzozGVhqAr2hcu7L9xLZ', '0.0486', '0.0000', '', '1', NULL, '0', NULL, '1531151946', '1531151860', '2', ''),
('B2018071417050415315591043653824', 'D2018062522390515299375453098002', 'BrXdaxFU', '3FjQcAcJSTz4BzGfmFqzdP27qiVMkV5jxA', '0.0353', '0.0000', '', '1', NULL, '0', NULL, '1531634715', '1531559104', '-1', ''),
('b2019032121014815531733088917018', 'B2018051510104015263502407538798', 'dkielsdo', 'wu13062251001@sina.com', '0.1000', '0.0000', '', '1', NULL, '0', NULL, '1553176467', '1553173308', '-1', ''),
('c2018063021464515303664053731880', 'A2018060816492515284477655068427', 'UOYuVtfT', '0x3fd440951EAC1fFd538DEDc8d3d6124b9d476976', '4.1600', '0.0000', '', '2', NULL, '0', NULL, '1530367833', '1530366405', '-1', ''),
('c2018070414293215306857721176023', 'D2018062522390515299375453098002', 'BrXdaxFU', '0x4d720b9dfe133c0859d0a09ba175c89cd43bf0de', '1.4329', '0.0000', '', '2', NULL, '0', NULL, NULL, '1530685772', '0', NULL),
('D2018060314502315280086230695529', 'D2018050922545015258776900852531', 'kJUlAucy', '1GgDLwmjy8ERxdSbKKbWCnGVspScnVnMaZ', '1.0000', '0.0000', '', '1', NULL, '0', NULL, '1528008786', '1528008623', '2', ''),
('D2018070817083215310409128112344', 'a2018062615000515299964051541616', 'zXQBwUVt', '19FByLuKEdqEdAdUfCYE5wYbmAjhPkPpb6', '0.0048', '0.0000', '', '1', NULL, '0', NULL, '1531041278', '1531040912', '2', ''),
('G2018070816422215310393427564809', 'a2018062615000515299964051541616', 'zXQBwUVt', '1GgDLwmjy8ERxdSbKKbWCnGVspScnVnMaZ', '0.0048', '0.0000', '', '1', NULL, '0', NULL, '1531040639', '1531039342', '-1', ''),
('G2018070920532715311408072271777', 'c2018062612085515299861355405624', 'kQVUDGlL', '16u1fSv1eifGzpTzozGVhqAr2hcu7L9xLZ', '0.0074', '0.0000', '', '1', NULL, '0', NULL, '1531140865', '1531140807', '2', ''),
('H2018060414323415280939544561370', 'D2018050922545015258776900852531', 'LLxSahXA', '1GgDLwmjy8ERxdSbKKbWCnGVspScnVnMaZ', '1.0000', '0.0000', '', '1', NULL, '0', NULL, '1528094015', '1528093954', '2', ''),
('q2018062500160915298569694497010', 'D2018050922545015258776900852531', 'kQVUDGlL', '1FeeyiEFU7YaB19yNzmKx536sAWtcz8EhU', '1.0000', '0.0000', '', '1', NULL, '0', NULL, NULL, '1529856969', '0', NULL),
('q2018070423011215307164724430297', 'D2018050922545015258776900852531', 'eeeeeeee', '343434', '0.4500', '0.0000', '', '2', NULL, '0', NULL, NULL, '1530716472', '0', NULL),
('q2018070816333115310388116554950', 'a2018062615000515299964051541616', 'zXQBwUVt', 'bruce16540@yahoo.com.tw', '0.0048', '0.0000', '自己', '1', 'http://blnance66.com/Uploads/action/sendImg/5b41cbf24e350.png', '0', NULL, '1531039213', '1531038811', '-1', ''),
('z2018060913412015285228809279962', 'z2018052921374715276010670107453', 'FRhAWLzq', '1443528930@qq.com', '0.1481', '0.0000', '', '2', NULL, '0', NULL, '1528527648', '1528522880', '-1', ''),
('z2018062500180115298570813916788', 'D2018050922545015258776900852531', 'AHSJHJHG', 'wweeyiEFU7YaB19yNzmKx536sAWtcz8EhU', '1.0000', '0.0000', '', '1', NULL, '0', NULL, NULL, '1529857081', '0', NULL),
('z2018070423022515307165451547053', 'D2018050922545015258776900852531', 'qqqqqqqq', '5325235', '0.1100', '0.0000', '', '1', NULL, '0', NULL, NULL, '1530716545', '0', NULL),
('z2018070423260515307179655760478', 'D2018062522390515299375453098002', 'BrXdaxFU', '0x4d720b9dfe133c0859d0a09ba175c89cd43bf0de', '0.4549', '0.0000', '', '2', NULL, '0', NULL, '1530718057', '1530717965', '-1', ''),
('z2018071022380215312334828983180', 'c2018062612085515299861355405624', 'kQVUDGlL', '16u1fSv1eifGzpTzozGVhqAr2hcu7L9xLZ', '0.1035', '0.0000', '', '1', NULL, '0', NULL, '1531233553', '1531233482', '2', ''),
('z2019032121524015531763604743962', 'B2018051510104015263502407538798', 'UUrDNQwe', 'csadcdscd', '0.0200', '0.0000', '', '1', NULL, '0', NULL, '1553176454', '1553176360', '2', '');

-- --------------------------------------------------------

--
-- 表的结构 `btc_service`
--

CREATE TABLE `btc_service` (
  `service_id` varchar(32) NOT NULL COMMENT '客服ID',
  `name` text NOT NULL COMMENT '称呼',
  `tel` text COMMENT '联系方式',
  `status` varchar(1) DEFAULT '0' COMMENT '0-浮动1-隐藏'
) ENGINE=InnoDB DEFAULT CHARSET=utf8 COMMENT='客服表';

--
-- 转存表中的数据 `btc_service`
--

INSERT INTO `btc_service` (`service_id`, `name`, `tel`, `status`) VALUES
('10000000000000000000000000000000', '客服LINE：BTC66,客服微信:GIRLS_6961', 'tel:18159850785', '0');

-- --------------------------------------------------------

--
-- 表的结构 `btc_show_currency_value`
--

CREATE TABLE `btc_show_currency_value` (
  `id` varchar(32) NOT NULL,
  `btc_value_twd` decimal(50,0) NOT NULL COMMENT '比特币对新台币的单价',
  `btc_value_hkd` decimal(50,0) NOT NULL COMMENT '比特币对港币的单价',
  `btc_value_usd` decimal(50,0) NOT NULL COMMENT '比特币对美元的单价',
  `eth_value_twd` decimal(50,0) NOT NULL COMMENT '以太币对新台币的单价',
  `eth_value_hkd` decimal(50,0) NOT NULL COMMENT '以太币对港币的单价',
  `eth_value_usd` decimal(50,0) NOT NULL COMMENT '以太币对美元的单价'
) ENGINE=InnoDB DEFAULT CHARSET=utf8 COMMENT='界面显示货币价值表' ROW_FORMAT=COMPACT;

--
-- 转存表中的数据 `btc_show_currency_value`
--

INSERT INTO `btc_show_currency_value` (`id`, `btc_value_twd`, `btc_value_hkd`, `btc_value_usd`, `eth_value_twd`, `eth_value_hkd`, `eth_value_usd`) VALUES
('10000000000000000000000000000000', '192552', '50064', '6418', '14331', '3725', '478');

-- --------------------------------------------------------

--
-- 表的结构 `btc_token`
--

CREATE TABLE `btc_token` (
  `token` varchar(32) NOT NULL COMMENT 'token'
) ENGINE=InnoDB DEFAULT CHARSET=utf8 COMMENT='token验证表\r\n生成token方式\r\nmd5(base64_encode(base64_encode(''需要验证的邮箱'')))';

--
-- 转存表中的数据 `btc_token`
--

INSERT INTO `btc_token` (`token`) VALUES
('029669f32c662b9d6d0007cee687be04'),
('03dfa95905f5222b8521a84b1d0a05c1'),
('081e532d4fa2949088afdb3e7f6047da'),
('08bce3f9142dfff0aaa078c5d15dd100'),
('08c778bc698f56b64491db077a6d9459'),
('0d4a76341d74cc3e8510db089a6c76fd'),
('0d4bcd3e2b83aaeda8ce2eae49b780e0'),
('167000be2b0e321ae0deb39048b723d3'),
('19a8dc59c03123ef9ddf8e69bbbf7c83'),
('1a0e02d7b9021ee2607b28e9c538a497'),
('1b9cafae2ff8e3b73b0dff2b1b238432'),
('1cf8838b9d98344474cbd585f5f7e285'),
('1ec436a6a19ec2b64ecaafd1886d0e28'),
('2162d25adfc415876eafffbd169e0e08'),
('246a09c4503e0f6a625af8dbbb51c0b1'),
('29ac77d31ddcb12b1a2bdbd557c2e472'),
('2dfcb96d03849c0d54234c3353e6e1fb'),
('304937469536a2ab98b2a0545ecfba3a'),
('3201b8b8babceb980053d4c3d1b9e5db'),
('324a715d9df10dc540b8dc63905bb49d'),
('338505682bd521172e30b0a334954e37'),
('34c74795e1ea81ad46d77c9d448a60ff'),
('38ea3bac6e265ed2ae780f9f0bf80dca'),
('399727d09f0ec15d131675f5c71e463e'),
('39d51658353ba0d0e6ff543dd6557bcd'),
('3dc636a18b6a5b28c36ddf9648fc8547'),
('3ecb5929fc56b273f5b8253ccf5ba475'),
('44a1044e4849961db9d07428cbc62fba'),
('44bbd66870c031035298fe443160cad0'),
('486c66e6acf7e5bc91fb126b4b787009'),
('48d88531d57d1800c8fe7da545c8bd35'),
('50871fc5d3b5f45ff1dce9e0631b5897'),
('56effe4d334c929fcaab6a9b53680cab'),
('59b1672223dc1b2d8e258051a7b345f0'),
('5c3f12c84d83e5b78a61eaf0d5a2c356'),
('5dcf3ccaa605d6b3d3b8c49d7b142825'),
('64c2e34b11109db2951b32efc3ad8c2e'),
('6bcbc05e78be823e748f78f9090f911d'),
('6da939178debd6825aef711d8e17c8cc'),
('72fb3cc19fb82df96e452d023bc970ef'),
('798c61056f57327d24301e6e9a15a97c'),
('7a3df9c49107a088dc44d43abac0a294'),
('7b534423b0bdc6215a25ab2bb3763268'),
('7ce772fb30a31baea2e110391b01e555'),
('800d33345894bb9b5e1ba852edc69eea'),
('80582f79df116332272a88249093affb'),
('85b8c66b25b8c846d47a32d680895abb'),
('86e4d26bae6a25d790a6787843aff118'),
('876debfbc8575e386d89cd2a45ee7b26'),
('88b064f083f9b70d586968b996a00d89'),
('8a04407e6bf9f9983bbdec7ab4dd0f47'),
('8d9c7dee57f476facbf53d8ce0cd4330'),
('8f205abb1928364ea62cd0a329c15327'),
('8fa9388cf2eb0e9ef3bdd8b286db9c96'),
('959680e18c53bd70db379f6d9f39550b'),
('9a8e69a5fd0eda366a4b97668f95842e'),
('9ec90e40ec0b5e48e233623cb228decb'),
('9faebbc2303b92c695a41a5d11816871'),
('a0859406470b471868aa74e09d9034ee'),
('a2fa98429b2d4279990eb77c645b7e94'),
('a52735e99e0194f53b716ad65befbc2e'),
('a57a91e12c313e61d53ce7d9b93ed8fd'),
('a6cc2967b267ebcbb12cf1daf15c0273'),
('a8e3a56a6fc8ac55fdfa017de754965a'),
('a90ca4c0c5cbb40b6a0e0ecc7e5c5bd6'),
('ae528a57abb065bb019f1647ac0f525c'),
('b1f3a77695b008a40e38b18fb23d9c03'),
('b473279e6944d7125d562aab0576456f'),
('b4d49f7c9c0a932ee7e41375bd4309ce'),
('b58021088f2f6a33db26e78304d1d1db'),
('bb620aeafea8fec53a500478049db3e3'),
('bbdd3397e224c18f2a2285711a1bbb6b'),
('bf7c2ff195a825af88471c0eefad1373'),
('bfbb09237d6c20838efd1b1ce2305732'),
('bfc2935e9b472d21e9eebb89412b302f'),
('c03b12220e45dcc8e9ca6246d5e84b5c'),
('c3ab3ad1474178d5f8f8dcf15d46ffbc'),
('c44a8bd368b9608326261f4f97e40803'),
('cd1b3b94f8867f3833f7830971e74fbc'),
('cebbad871ec188e3fc6a40ec70b039e4'),
('cecbae14fddf5d8a9b72773e656d6a97'),
('d0105f0fc70c4bd623511a1715033225'),
('d34221c66d70f77d1fef7f00a125496d'),
('d3822c9807c500d69d85f219cddb9181'),
('d48710f9bdc43452d996d30005953f41'),
('d514a7ab654ebc02b14b8f07b6903cc3'),
('d6dcda53611a482b1a943201ea517366'),
('dacc5843805e2ba98df05e469d8b2f57'),
('dbe06a8e9ba8f1f003b1cc3e398d459d'),
('dbedae6bad5f8a76e98d3034f6fe7a6c'),
('ddbc9abdf28d3bbebfdd24aecd2434f0'),
('df221e9e3ec3edc363236ac119356703'),
('e16299605a6b2baf60d015f2c4e6bbaf'),
('e339b640ff52bbb88ee7d1b5630b24b2'),
('e456902b8209e079b1031a41085f547a'),
('e8193b285e8b4c77675af0c8fbdd8a39'),
('efbf78ff5aa3f79ccdbaba2c5895d0cf'),
('f2c8b94883302a29d7e2774fe3d639b0'),
('f3ad36f6d77fe5ed5ab54bdfa792f5f1'),
('f4261779afef270ee9d79c93ff7d47b8'),
('f5ac18737400b8be4377a0f96c1adb4f'),
('fd10523b3ac2f73f9a3e208ff19dfe44'),
('fdc8867b0e54388fd4cd4f864a09e68b'),
('ffda066998cd24bda5b6420b99c5bf94'),
('ffe3fd15d554a8ff7975affa9ec8e89e');

-- --------------------------------------------------------

--
-- 表的结构 `btc_up_order`
--

CREATE TABLE `btc_up_order` (
  `up_order_id` varchar(32) NOT NULL COMMENT '提现订单ID',
  `user_id` varchar(32) NOT NULL COMMENT '用户id',
  `up_price` decimal(50,4) NOT NULL DEFAULT '0.0000' COMMENT '提现金额',
  `status` tinyint(1) NOT NULL DEFAULT '0' COMMENT '提现状态 0-审核中，1-提现成功，-1-提现失败',
  `refusal_cause` varchar(255) DEFAULT NULL COMMENT '拒绝提现原因',
  `is_deleted` varchar(1) NOT NULL DEFAULT '0' COMMENT '是否删除 0-未删除 1-已删除',
  `delete_time` varchar(12) DEFAULT NULL COMMENT '删除时间',
  `update_time` varchar(12) DEFAULT NULL COMMENT '更新时间',
  `create_time` varchar(12) DEFAULT NULL COMMENT '创建时间'
) ENGINE=InnoDB DEFAULT CHARSET=utf8 COMMENT='提现订单表' ROW_FORMAT=COMPACT;

-- --------------------------------------------------------

--
-- 表的结构 `btc_user`
--

CREATE TABLE `btc_user` (
  `user_id` varchar(32) NOT NULL,
  `maincoin_id` varchar(8) DEFAULT NULL COMMENT '随机生成的mciID',
  `user_name` varchar(50) DEFAULT NULL COMMENT '姓名',
  `birthdate` varchar(15) DEFAULT NULL COMMENT '出生年月',
  `certificate_type` varchar(1) DEFAULT NULL COMMENT '证件类型 1-台湾居住证 2-台湾居留证 3-护照',
  `certificate_num` varchar(25) DEFAULT NULL COMMENT '证件号码',
  `tel` varchar(20) DEFAULT NULL COMMENT '手机号码',
  `email` varchar(50) NOT NULL COMMENT '电子邮箱',
  `password` varchar(32) NOT NULL COMMENT '密码',
  `status` varchar(2) NOT NULL DEFAULT '0' COMMENT '状态 0-正常 -1-锁定',
  `login_ip` varchar(32) NOT NULL,
  `register_ip` varchar(32) NOT NULL,
  `is_deleted` varchar(1) NOT NULL DEFAULT '0' COMMENT '是否删除 0-未删除 1-已删除',
  `delete_time` varchar(12) DEFAULT NULL COMMENT '删除时间',
  `update_time` varchar(12) DEFAULT NULL COMMENT '更新时间',
  `create_time` varchar(12) DEFAULT NULL COMMENT '创建时间'
) ENGINE=InnoDB DEFAULT CHARSET=utf8 COMMENT='用户表';

--
-- 转存表中的数据 `btc_user`
--

INSERT INTO `btc_user` (`user_id`, `maincoin_id`, `user_name`, `birthdate`, `certificate_type`, `certificate_num`, `tel`, `email`, `password`, `status`, `login_ip`, `register_ip`, `is_deleted`, `delete_time`, `update_time`, `create_time`) VALUES
('B2018051510104015263502407538798', 'Hqgilkaj', '劉瀟湘', '655488000', '1', '17832736483', '+886-897744775', 'wu13062251002@sina.com', '62fa7bbe115476d6b10ecb376839e996', '0', '42.3.27.228', '', '0', NULL, NULL, '1527489988'),
('D2018050922545015258776900852531', 'kQVUDGlL', '陈羽', '639504000', '1', 'A46767946468', '+886-23584758', 'wu13062251001@sina.com', '62fa7bbe115476d6b10ecb376839e996', '0', '120.253.193.148', '', '0', NULL, '1525877706', '1526396897'),
('q2018090611234315362042232669474', 'luUyjcLN', '3151904400@qq.com', NULL, '1', '525198981', '+973-54565485', '3151904400@qq.com', '4192d21d2e09a8f2b97c5467e8e5d3ce', '0', '103.119.153.42', '::1', '0', NULL, NULL, '1536204223');

-- --------------------------------------------------------

--
-- 表的结构 `btc_user_account`
--

CREATE TABLE `btc_user_account` (
  `account_id` varchar(32) NOT NULL COMMENT '账户ID',
  `user_id` varchar(32) NOT NULL COMMENT '用户id',
  `btc_balance` decimal(50,4) NOT NULL DEFAULT '0.0000' COMMENT '比特币余额',
  `eth_balance` decimal(50,4) NOT NULL DEFAULT '0.0000' COMMENT '以太币余额',
  `balance` varchar(50) NOT NULL DEFAULT '0' COMMENT '余额',
  `status` varchar(2) NOT NULL DEFAULT '0' COMMENT '0-启用 1-停用',
  `freeze_balance` varchar(50) NOT NULL DEFAULT '0' COMMENT '冻结余额',
  `extract_balance` float(32,2) UNSIGNED NOT NULL DEFAULT '0.00' COMMENT '可提现余额',
  `bank_name` varchar(50) DEFAULT NULL COMMENT '银行名称',
  `bank_num` varchar(30) DEFAULT NULL COMMENT '银行卡号',
  `bank_account` varchar(50) DEFAULT NULL COMMENT '银行账户名(持卡人名字)',
  `bank_branch` varchar(50) DEFAULT NULL COMMENT '银行分行民称',
  `is_deleted` varchar(1) NOT NULL DEFAULT '0' COMMENT '是否删除 0-未删除 1-已删除',
  `delete_time` varchar(12) DEFAULT NULL COMMENT '删除时间',
  `update_time` varchar(12) DEFAULT NULL COMMENT '更新时间',
  `create_time` varchar(12) DEFAULT NULL COMMENT '创建时间'
) ENGINE=InnoDB DEFAULT CHARSET=utf8 COMMENT='账户表';

--
-- 转存表中的数据 `btc_user_account`
--

INSERT INTO `btc_user_account` (`account_id`, `user_id`, `btc_balance`, `eth_balance`, `balance`, `status`, `freeze_balance`, `extract_balance`, `bank_name`, `bank_num`, `bank_account`, `bank_branch`, `is_deleted`, `delete_time`, `update_time`, `create_time`) VALUES
('D2018090611234315362042232719449', 'q2018090611234315362042232669474', '1.5500', '0.0000', '0', '0', '10.25', 22100.00, NULL, '55251818', '小', NULL, '0', NULL, NULL, '1536204223'),
('H2018051510104015263502407695069', 'B2018051510104015263502407538798', '1.1183', '4.2006', '0', '0', '0', 45877.95, 'z2018050920384315258695239267163', '1111111111111111111111', '二哥', 'q2018061516281115290512918349810', '0', NULL, '1553176467', '1526350240'),
('q2018050922545015258776900946303', 'D2018050922545015258776900852531', '2.0820', '0.0515', '0', '0', '0', 0.00, 'c2018052020384715268199277138613', '62267893939393277', '丽丽', 'A2018052801425415274429746021903', '0', NULL, '1531233553', '1525877690');

-- --------------------------------------------------------

--
-- 表的结构 `btc_user_attach`
--

CREATE TABLE `btc_user_attach` (
  `attach_id` varchar(32) NOT NULL COMMENT '用户附件ID',
  `user_id` varchar(32) NOT NULL COMMENT '用户id',
  `file_type` varchar(1) NOT NULL COMMENT '文件类型(1-手持身份证照2-身份证正面3-身份证反面)',
  `file_address` varchar(200) NOT NULL COMMENT '文件地址',
  `create_time` varchar(10) DEFAULT NULL COMMENT '创建时间',
  `is_deleted` varchar(1) NOT NULL DEFAULT '0' COMMENT '是否删除 0-未删除 1 -已删除',
  `delete_time` varchar(10) DEFAULT NULL COMMENT '删除时间',
  `update_time` varchar(10) DEFAULT NULL COMMENT '更新时间'
) ENGINE=InnoDB DEFAULT CHARSET=utf8 COMMENT='用户附件表';

--
-- 转存表中的数据 `btc_user_attach`
--

INSERT INTO `btc_user_attach` (`attach_id`, `user_id`, `file_type`, `file_address`, `create_time`, `is_deleted`, `delete_time`, `update_time`) VALUES
('A2018052814504715274902476305187', 'B2018051510104015263502407538798', '1', '0', '1527490247', '0', NULL, NULL),
('B2018052801454515274431457799224', 'D2018050922545015258776900852531', '3', 'http://blnance66.com/Uploads/action/IDcard/2018-05-28/5b0aee6df16f2.png', '1527443145', '0', NULL, NULL);

-- --------------------------------------------------------

--
-- 表的结构 `btc_user_set`
--

CREATE TABLE `btc_user_set` (
  `seting_id` varchar(32) NOT NULL COMMENT '设置ID',
  `user_id` varchar(32) NOT NULL COMMENT '用户ID',
  `password_hint_one` varchar(255) DEFAULT NULL COMMENT '密码安全问题1',
  `password_hint_two` varchar(255) DEFAULT NULL COMMENT '密码安全问题2',
  `password_hint_three` varchar(255) DEFAULT NULL COMMENT '密码安全问题3',
  `answer_one` varchar(255) DEFAULT NULL COMMENT '问题1的答案',
  `answer_two` varchar(255) DEFAULT NULL COMMENT '问题2的答案',
  `answer_three` varchar(255) DEFAULT NULL COMMENT '问题3的答案',
  `email_login` varchar(1) NOT NULL DEFAULT '1' COMMENT '登录时邮件通知设置0-不通知1-要通知',
  `email_get` varchar(1) NOT NULL DEFAULT '1' COMMENT '发送、接收或支付时，接收邮件通知0-不通知1-要通知',
  `email_buy` varchar(1) NOT NULL DEFAULT '1' COMMENT '买入时邮件通知0-不通知1-已通知',
  `create_time` varchar(10) DEFAULT NULL COMMENT '创建时间',
  `is_deleted` varchar(1) NOT NULL DEFAULT '0' COMMENT '是否删除 0-未删除 1 -已删除',
  `delete_time` varchar(10) DEFAULT NULL COMMENT '删除时间',
  `update_time` varchar(10) DEFAULT NULL COMMENT '更新时间'
) ENGINE=InnoDB DEFAULT CHARSET=utf8 COMMENT='用户设置表';

--
-- 转存表中的数据 `btc_user_set`
--

INSERT INTO `btc_user_set` (`seting_id`, `user_id`, `password_hint_one`, `password_hint_two`, `password_hint_three`, `answer_one`, `answer_two`, `answer_three`, `email_login`, `email_get`, `email_buy`, `create_time`, `is_deleted`, `delete_time`, `update_time`) VALUES
('A2018050922545015258776901009767', 'D2018050922545015258776900852531', NULL, NULL, NULL, NULL, NULL, NULL, '1', '1', '1', '1525877690', '0', NULL, NULL),
('q2018051510104015263502407851252', 'B2018051510104015263502407538798', NULL, NULL, NULL, NULL, NULL, NULL, '1', '1', '1', '1526350240', '0', NULL, NULL);

-- --------------------------------------------------------

--
-- 表的结构 `btc_user_wallet_address`
--

CREATE TABLE `btc_user_wallet_address` (
  `user_wallet_address_id` varchar(32) NOT NULL,
  `user_id` varchar(32) NOT NULL COMMENT '用户id',
  `wallet_address_id` varchar(32) NOT NULL COMMENT '钱包地址id',
  `label` varchar(32) DEFAULT NULL COMMENT '标签',
  `create_time` varchar(11) NOT NULL COMMENT '创建时间'
) ENGINE=InnoDB DEFAULT CHARSET=utf8 COMMENT='用户钱包地址表';

--
-- 转存表中的数据 `btc_user_wallet_address`
--

INSERT INTO `btc_user_wallet_address` (`user_wallet_address_id`, `user_id`, `wallet_address_id`, `label`, `create_time`) VALUES
('A2018061915390015293939404942670', 'B2018051510104015263502407538798', '10000000000000000000000000000002', NULL, '1529393940'),
('a2018061915390415293939447153703', 'B2018051510104015263502407538798', '10000000000000000000000000000003', NULL, '1529393944'),
('A2018061915390515293939455406390', 'B2018051510104015263502407538798', '10000000000000000000000000000004', NULL, '1529393945'),
('b2018050922595015258779909688058', 'D2018050922545015258776900852531', '10000000000000000000000000000001', NULL, '1527668413'),
('B2018050922595415258779943792156', 'D2018050922545015258776900852531', '10000000000000000000000000000003', NULL, '1527668451'),
('B2018050922595515258779954020259', 'D2018050922545015258776900852531', '10000000000000000000000000000004', NULL, '1527668477'),
('B2018050923000415258780040333277', 'D2018050922545015258776900852531', '10000000000000000000000000000007', NULL, '1527668552'),
('B2018051616245715264590975507546', 'D2018050922545015258776900852531', '10000000000000000000000000000008', NULL, '1526750093'),
('b2018051616252815264591280976287', 'D2018050922545015258776900852531', '10000000000000000000000000000009', NULL, '1527668343'),
('B2018061915391515293939550582833', 'B2018051510104015263502407538798', '10000000000000000000000000000008', NULL, '1529393955'),
('c2018050922595215258779927645311', 'D2018050922545015258776900852531', '10000000000000000000000000000002', NULL, '1527668432'),
('c2018090611234315362042232889492', 'q2018090611234315362042232669474', '10000000000000000000000000000010', NULL, '1536204223'),
('c2019032121550515531765051737206', 'A2019032121275815531748789389126', '10000000000000000000000000000000', NULL, '1553176505'),
('D2018051510104015263502407851236', 'B2018051510104015263502407538798', '10000000000000000000000000000010', NULL, '1553176694'),
('D2018060419194415281111849148229', 'c2018060417125115281035716226873', '10000000000000000000000000000000', NULL, '1528111184'),
('D2018060717050615283623060372763', 'b2018060717050615283623060351172', '10000000000000000000000000000010', NULL, '1528362306'),
('D2018071218331415313915947534292', 'q2018071218310115313914619454603', '10000000000000000000000000000000', NULL, '1531391594'),
('D2018071318453815314787380002077', 'q2018071318341415314780541649927', '10000000000000000000000000000000', NULL, '1531478738'),
('G2018060216414115279289012690687', 'B2018051510104015263502407538798', '10000000000000000000000000000001', NULL, '1527928901'),
('G2018060414255115280935512637494', 'b2018060414125815280927787957880', '10000000000000000000000000000000', NULL, '1528093551'),
('G2018060816311115284466719955078', 'q2018060816311115284466719913088', '10000000000000000000000000000010', NULL, '1528446671'),
('G2018062914390515302543458449965', 'c2018062914390515302543458405286', '10000000000000000000000000000010', NULL, '1530254345'),
('G2018071222150615314049060354496', 'a2018071222150615314049060328676', '10000000000000000000000000000010', NULL, '1531404906'),
('G2019032121550715531765077392101', 'A2019032121275815531748789389126', '10000000000000000000000000000001', NULL, '1553176507'),
('H2018052922044115276026815302775', 'z2018052921374715276010670107453', '10000000000000000000000000000000', NULL, '1527602681'),
('H2018053017153815276717387646486', 'B2018051510104015263502407538798', '10000000000000000000000000000000', NULL, '1553176696'),
('H2018060321010215280308621349981', 'G2018060320571315280306337373767', '10000000000000000000000000000000', NULL, '1528030862'),
('H2018060817460815284511684065785', 'A2018060816492515284477655068427', '10000000000000000000000000000001', NULL, '1528451168'),
('H2018061300202515288204253758024', 'D2018061300202515288204253732655', '10000000000000000000000000000010', NULL, '1528820425'),
('H2018061916364515293974055572571', 'G2018061916335415293972346078597', '10000000000000000000000000000000', NULL, '1529397405'),
('H2018062312433815297290188640025', 'H2018062312433815297290188601141', '10000000000000000000000000000010', NULL, '1529729018'),
('H2018071218310115313914619479787', 'q2018071218310115313914619454603', '10000000000000000000000000000010', NULL, '1531391461'),
('H2018071219124615313939661225154', 'D2018071217425015313885700332916', '10000000000000000000000000000000', NULL, '1531393966'),
('H2018071219441215313958523354058', 'D2018071217425015313885700332916', '10000000000000000000000000000002', NULL, '1531395852'),
('H2018071302003815314184386292788', 'A2018071222505615314070569467166', '10000000000000000000000000000000', NULL, '1531418438'),
('H2019032622060615536091665615295', 'q2018090611234315362042232669474', '10000000000000000000000000000000', NULL, '1553609166'),
('q2018050922594815258779887053389', 'D2018050922545015258776900852531', '10000000000000000000000000000000', NULL, '1527668391'),
('q2018050923000015258780004668688', 'D2018050922545015258776900852531', '10000000000000000000000000000006', NULL, '1527668541'),
('q2018060314494815280085889496054', 'B2018060314494815280085889461708', '10000000000000000000000000000010', NULL, '1528008588'),
('q2018061715523315292219536778641', 'b2018061221310015288102605757749', '10000000000000000000000000000001', NULL, '1529221953'),
('q2018061915391215293939528383423', 'B2018051510104015263502407538798', '10000000000000000000000000000006', NULL, '1529393952'),
('q2018062417250115298323014729458', 'H2018062417250115298323014695643', '10000000000000000000000000000010', NULL, '1529832301'),
('q2018071115174515312934650727354', 'B2018071115174515312934650701210', '10000000000000000000000000000010', NULL, '1531293465'),
('q2018071318341415314780541682388', 'q2018071318341415314780541649927', '10000000000000000000000000000010', NULL, '1531478054'),
('z2018050922545015258776901072433', 'D2018050922545015258776900852531', '10000000000000000000000000000010', NULL, '1527668363'),
('z2018050922595715258779977690933', 'D2018050922545015258776900852531', '10000000000000000000000000000005', NULL, '1527668505'),
('z2018051716522515265471450507517', 'H2018051716522515265471450195084', '10000000000000000000000000000010', NULL, '1526547145'),
('z2018052623401315273492130585958', 'G2018052623401215273492129960960', '10000000000000000000000000000010', NULL, '1527349212'),
('z2018060816492515284477655113417', 'A2018060816492515284477655068427', '10000000000000000000000000000010', NULL, '1528447765'),
('z2018061915390815293939484381245', 'B2018051510104015263502407538798', '10000000000000000000000000000005', NULL, '1529393948'),
('z2018061916335415293972346102710', 'G2018061916335415293972346078597', '10000000000000000000000000000010', NULL, '1529397234'),
('z2018071222505615314070569489243', 'A2018071222505615314070569467166', '10000000000000000000000000000010', NULL, '1531407056'),
('z2019032121581115531766916626194', 'B2018051510104015263502407538798', '10000000000000000000000000000009', NULL, '1553176691');

-- --------------------------------------------------------

--
-- 表的结构 `btc_wallet_address`
--

CREATE TABLE `btc_wallet_address` (
  `wallet_address_id` varchar(32) NOT NULL COMMENT '钱包地址ID',
  `type` varchar(1) NOT NULL COMMENT '币种类型',
  `address` varchar(50) NOT NULL COMMENT '币种地址',
  `address_url` varchar(255) DEFAULT NULL,
  `is_deleted` varchar(1) DEFAULT '0' COMMENT '是否删除 0-未删除 1-已删除',
  `delete_time` varchar(12) DEFAULT NULL COMMENT '删除时间',
  `update_time` varchar(12) DEFAULT NULL COMMENT '更新时间',
  `create_time` varchar(12) DEFAULT NULL COMMENT '创建时间'
) ENGINE=InnoDB DEFAULT CHARSET=utf8 COMMENT='钱包地址表';

--
-- 转存表中的数据 `btc_wallet_address`
--

INSERT INTO `btc_wallet_address` (`wallet_address_id`, `type`, `address`, `address_url`, `is_deleted`, `delete_time`, `update_time`, `create_time`) VALUES
('10000000000000000000000000000000', '1', '1GgDLwmjy8ERxdSbKKbWCnGVspScnVnMaZ', 'http://www.bitao999.com/Uploads/static/walletAddress/5c93985939579.png', '0', NULL, '1553176667', NULL),
('10000000000000000000000000000001', '1', '1BApmvWtXtjrvmrTh3gn22gnCjejD2ZAwW', 'http://www.bitao999.com/Uploads/static/walletAddress/5c939863c16ef.png', '0', NULL, '1553176676', NULL),
('10000000000000000000000000000002', '1', '1LzGP5cPS9c6bH3r2AVNpiiX1QYiNYCZ3K', 'http://blnance66.com/Uploads/static/walletAddress/5b1257b291709.png', '0', NULL, '1527928756', NULL),
('10000000000000000000000000000003', '1', '16u1fSv1eifGzpTzozGVhqAr2hcu7L9xLZ', 'http://blnance66.com/Uploads/static/walletAddress/5b1257be6c3f3.png', '0', NULL, '1527928768', NULL),
('10000000000000000000000000000004', '1', '192VGZntWPLkmPwKvtTkpNjH8dwJZPXUhE', 'http://blnance66.com/Uploads/static/walletAddress/5b1257c8c1d97.png', '0', NULL, '1527928778', NULL),
('10000000000000000000000000000005', '1', '1PgKQa8erbmUsCXHmhpfWnAGnqRai3EiRT', 'http://blnance66.com/Uploads/static/walletAddress/5b1257d3a3118.png', '0', NULL, '1527928790', NULL),
('10000000000000000000000000000006', '1', '145vUV1jnUPmAMnqrLYwvzRCxkQZEojiZo', 'http://blnance66.com/Uploads/static/walletAddress/5b1257df9bbf1.png', '0', NULL, '1527928802', NULL),
('10000000000000000000000000000007', '1', '1FeeyiEFU7YaB19yNzmKx536sAWtcz8EhU', 'http://blnance66.com/Uploads/static/walletAddress/5b1257f991784.png', '0', NULL, '1527928827', NULL),
('10000000000000000000000000000008', '1', '1CVRXeg2CWLGoJFjGE4EsX8LQFA5Tbh84r', 'http://blnance66.com/Uploads/static/walletAddress/5b125806aa7b8.png', '0', NULL, '1527928841', NULL),
('10000000000000000000000000000009', '1', '13LD95jWfHw1Le2Q1LGX7SkFtX8zeYzrga', 'http://blnance66.com/Uploads/static/walletAddress/5b12582b3ced3.png', '0', NULL, '1527928877', NULL),
('10000000000000000000000000000010', '2', '0x3fd440951EAC1fFd538DEDc8d3d6124b9d476976', 'http://blnance66.com/Uploads/static/walletAddress/5b1258370d541.png', '0', NULL, '1527928889', NULL);

-- --------------------------------------------------------

--
-- 表的结构 `btc_w_minlog`
--

CREATE TABLE `btc_w_minlog` (
  `id` int(8) UNSIGNED NOT NULL,
  `uid` varchar(32) DEFAULT NULL COMMENT '用户id',
  `order_id` varchar(20) NOT NULL COMMENT '订单ID',
  `buy_direction` tinyint(1) DEFAULT '0' COMMENT '购买方向 0-涨  1-跌',
  `last_direction` tinyint(1) DEFAULT '-1' COMMENT '最终方向 0-涨 1-跌 -1-未开盘',
  `money` float(20,2) NOT NULL DEFAULT '0.00' COMMENT '购买金额单位 NT$',
  `last_money` float(20,2) DEFAULT '-1.00' COMMENT '最终中奖金额 -1 未开奖  0 未中奖   > 0 中奖',
  `buy_number` int(8) DEFAULT NULL COMMENT '购买期数',
  `buy_time` int(16) DEFAULT NULL COMMENT '购买时间',
  `execute_price` float(16,4) DEFAULT NULL,
  `last_price` float(16,4) DEFAULT NULL,
  `create_time` int(16) DEFAULT NULL COMMENT '创建时间',
  `deleted_time` int(16) DEFAULT NULL
) ENGINE=MyISAM DEFAULT CHARSET=utf8 COMMENT='微盘购买记录';

--
-- 转存表中的数据 `btc_w_minlog`
--

INSERT INTO `btc_w_minlog` (`id`, `uid`, `order_id`, `buy_direction`, `last_direction`, `money`, `last_money`, `buy_number`, `buy_time`, `execute_price`, `last_price`, `create_time`, `deleted_time`) VALUES
(20, 'q2018090611234315362042232669474', 'M1541044708', 0, 0, 5000.00, -1.00, 144, 1551608805, NULL, NULL, 1541044708, NULL),
(13, 'q2018090611234315362042232669474', 'M1540728025', 0, 0, 200.00, -1.00, 240, 1551608805, NULL, NULL, 1540728064, NULL),
(14, 'q2018090611234315362042232669474', 'K1540728064', 0, 0, 200.00, -1.00, 240, 1551608805, NULL, NULL, 1540728064, NULL),
(15, 'q2018090611234315362042232669474', 'O1540728215', 0, 0, 1.00, -1.00, 242, 1551608805, NULL, NULL, 1540728215, NULL),
(16, 'q2018090611234315362042232669474', 'Z1540728907', 0, 0, 1.00, 1.97, 243, 1551608805, NULL, NULL, 1540728907, NULL),
(17, 'q2018090611234315362042232669474', 'D1540785934', 0, 0, 200.00, 0.00, 222, 1551608805, 3827.1086, 3827.1282, 1540785934, NULL),
(18, 'q2018090611234315362042232669474', 'O1540788678', 0, 1, 200.00, -1.00, 155, 1551608805, NULL, NULL, 1540788678, NULL),
(19, 'q2018090611234315362042232669474', 'B1540790086', 1, 1, 200.00, 0.00, 159, 1551608805, NULL, NULL, 1540790086, NULL),
(21, 'q2018090611234315362042232669474', 'K1541044915', 0, 0, 5000.00, 0.00, 145, 1551608805, NULL, NULL, 1541044915, NULL),
(22, 'q2018090611234315362042232669474', 'D1541046917', 0, 0, 5000.00, 9850.00, 247, 1551608805, 3821.0952, 3821.1189, 1541046917, NULL),
(23, 'q2018090611234315362042232669474', 'Z1546670633', 1, 0, 1000.00, 0.00, 247, 1551608805, 3821.0952, 3821.1189, 1546670633, NULL),
(24, 'q2018090611234315362042232669474', 'D1546671174', 1, -1, 1000.00, 0.00, 134, 1551608805, 3826.1082, 3826.1233, 1546671174, NULL),
(25, 'q2018090611234315362042232669474', 'O1546676251', 0, 0, 1000.00, 1970.00, 132, 1551608805, 3810.7241, 3810.7871, 1546676251, NULL),
(26, 'q2018090611234315362042232669474', 'Z1546676596', 0, 0, 1000.00, 1970.00, 131, 1551608805, 3814.0376, 3814.0845, 1546676596, NULL),
(27, 'q2018090611234315362042232669474', 'M1546677228', 0, 0, 100.00, 197.00, 224, 1551608805, 3825.6187, 3825.6201, 1546677228, NULL),
(28, 'q2018090611234315362042232669474', 'K1546677527', 0, 0, 1000.00, 1970.00, 224, 1551608805, 3825.6187, 3825.6201, 1546677527, NULL),
(29, 'q2018090611234315362042232669474', 'X1546677708', 0, 0, 1000.00, 1970.00, 225, 1551608805, 3826.1082, 3826.1233, 1546677708, NULL),
(30, 'q2018090611234315362042232669474', 'N1551665332', 0, 0, 200.00, 394.00, 122, 1551665332, 3825.5444, 3825.6150, 1551665332, NULL),
(31, 'q2018090611234315362042232669474', 'M1551666148', 0, 0, 200.00, 0.00, 125, 1551666148, 3823.4707, 3823.4780, 1551666148, NULL),
(32, 'q2018090611234315362042232669474', 'B1551756474', 1, 0, 1000.00, 0.00, 138, 1551756474, 3714.5396, 3714.6106, 1551756474, NULL),
(33, 'q2018090611234315362042232669474', 'D1551756763', 0, 0, 500.00, 985.00, 139, 1551756763, 3714.1184, 3714.2058, 1551756763, NULL),
(34, 'q2018090611234315362042232669474', 'Z1552025448', 0, 0, 200.00, 394.00, 171, 1552025448, 3892.4221, 3892.4607, 1552025448, NULL),
(35, 'q2018090611234315362042232669474', 'X1552121761', 0, -1, 10.00, -1.00, 204, 1552121761, NULL, NULL, 1552121761, NULL),
(36, 'q2018090611234315362042232669474', 'M1552121801', 0, -1, 16.00, -1.00, 204, 1552121801, NULL, NULL, 1552121801, NULL),
(37, 'q2018090611234315362042232669474', 'B1552122928', 0, -1, 11.00, -1.00, 208, 1552122928, NULL, NULL, 1552122928, NULL),
(38, 'q2018090611234315362042232669474', 'Z1552122939', 0, -1, 70.00, -1.00, 208, 1552122939, NULL, NULL, 1552122939, NULL),
(39, 'q2018090611234315362042232669474', 'M1552122946', 1, -1, 70.00, -1.00, 208, 1552122946, NULL, NULL, 1552122946, NULL),
(40, 'q2018090611234315362042232669474', 'B1552123005', 1, -1, 10.00, -1.00, 208, 1552123005, NULL, NULL, 1552123005, NULL),
(41, 'q2018090611234315362042232669474', 'D1552123020', 1, -1, 20.00, -1.00, 208, 1552123020, NULL, NULL, 1552123020, NULL),
(42, 'q2018090611234315362042232669474', 'N1552303914', 0, 0, 1000.00, 1970.00, 235, 1552303914, 3884.6274, 3884.6521, 1552303914, NULL),
(43, 'q2018090611234315362042232669474', 'O1552304925', 0, 0, 200.00, 394.00, 238, 1552304925, 3878.0486, 3878.0759, 1552304925, NULL),
(44, 'q2018090611234315362042232669474', 'Z1552305352', 0, 0, 4664.00, 8995.00, 240, 1552305352, NULL, NULL, 1552305352, NULL),
(45, 'q2018090611234315362042232669474', 'N1552465983', 0, -1, 200.00, -1.00, 199, 1552465983, NULL, NULL, 1552465983, NULL),
(46, 'q2018090611234315362042232669474', 'X1552910734', 1, 0, 500.00, 0.00, 242, 1552910734, 3974.4932, 3974.5132, 1552910734, NULL),
(47, 'q2018090611234315362042232669474', 'K1552911361', 1, 0, 3000.00, 0.00, 244, 1552911361, 3979.2881, 3979.3838, 1552911361, NULL),
(48, 'q2018090611234315362042232669474', 'N1552911382', 0, 0, 100.00, 197.00, 244, 1552911382, 3979.2881, 3979.3838, 1552911382, NULL),
(49, 'q2018090611234315362042232669474', 'O1552967314', 0, 0, 500.00, 985.00, 142, 1552967314, 3990.1243, 3990.1931, 1552967314, NULL),
(50, 'B2018051510104015263502407538798', 'M1552967324', 0, 0, 1000.00, 1970.00, 142, 1552967324, 3990.1243, 3990.1931, 1552967324, NULL),
(51, 'q2018090611234315362042232669474', 'M1552967453', 1, 0, 2000.00, 0.00, 143, 1552967453, 3988.9934, 3989.0386, 1552967453, NULL),
(52, 'q2018090611234315362042232669474', 'O1552967459', 1, 0, 10000.00, 0.00, 143, 1552967459, 3988.9934, 3989.0386, 1552967459, NULL),
(53, 'q2018090611234315362042232669474', 'O1552968029', 0, 0, 1000.00, 1970.00, 145, 1552968029, 3989.6257, 3989.6687, 1552968029, NULL),
(54, 'B2018051510104015263502407538798', 'B1552969828', 0, -1, 1000.00, -1.00, 151, 1552969828, NULL, NULL, 1552969828, NULL),
(55, 'B2018051510104015263502407538798', 'B1552969832', 0, -1, 1000.00, -1.00, 151, 1552969832, NULL, NULL, 1552969832, NULL),
(56, 'B2018051510104015263502407538798', 'O1552969837', 0, -1, 2000.00, -1.00, 151, 1552969837, NULL, NULL, 1552969837, NULL),
(57, 'B2018051510104015263502407538798', 'K1552969845', 0, -1, 10.00, -1.00, 151, 1552969845, NULL, NULL, 1552969845, NULL),
(58, 'B2018051510104015263502407538798', 'O1552969852', 0, -1, 100000.00, -1.00, 151, 1552969852, NULL, NULL, 1552969852, NULL),
(59, 'B2018051510104015263502407538798', 'X1552970433', 0, -1, 2000.00, -1.00, 153, 1552970433, NULL, NULL, 1552970433, NULL),
(60, 'B2018051510104015263502407538798', 'M1552970437', 0, -1, 1000.00, -1.00, 153, 1552970437, NULL, NULL, 1552970437, NULL),
(61, 'B2018051510104015263502407538798', 'Z1552970440', 1, -1, 1000.00, -1.00, 153, 1552970440, NULL, NULL, 1552970440, NULL),
(62, 'B2018051510104015263502407538798', 'V1552970443', 1, -1, 2000.00, -1.00, 153, 1552970443, NULL, NULL, 1552970443, NULL),
(63, 'B2018051510104015263502407538798', 'X1552970446', 1, -1, 1000.00, -1.00, 153, 1552970446, NULL, NULL, 1552970446, NULL),
(64, 'q2018090611234315362042232669474', 'D1552974616', 0, 0, 2000.00, 3940.00, 167, 1552974616, 3980.3955, 3980.4546, 1552974616, NULL),
(65, 'q2018090611234315362042232669474', 'V1552974622', 0, 0, 100.00, 197.00, 167, 1552974622, 3980.3955, 3980.4546, 1552974622, NULL),
(66, 'B2018051510104015263502407538798', 'X1553136493', 0, -1, 1000.00, -1.00, 130, 1553136493, NULL, NULL, 1553136493, NULL),
(67, 'q2018090611234315362042232669474', 'D1553141251', 0, 0, 100.00, 197.00, 146, 1553141251, 4039.2827, 4039.3352, 1553141251, NULL),
(68, 'q2018090611234315362042232669474', 'N1553143677', 0, 0, 100.00, 197.00, 154, 1553143677, 4037.0503, 4037.0667, 1553143677, NULL),
(69, 'q2018090611234315362042232669474', 'D1553143686', 0, 0, 144.00, 283.68, 154, 1553143686, 4037.0503, 4037.0667, 1553143686, NULL),
(70, 'q2018090611234315362042232669474', 'O1553148612', 1, 0, 222.00, 0.00, 171, 1553148612, 4034.5227, 4034.6060, 1553148612, NULL),
(71, 'B2018051510104015263502407538798', 'K1553172610', 0, 0, 1000.00, 1970.00, 251, 1553172610, 4042.4946, 4042.5540, 1553172610, NULL),
(72, 'B2018051510104015263502407538798', 'Z1553172614', 0, 0, 2000.00, 3940.00, 251, 1553172614, 4042.4946, 4042.5540, 1553172614, NULL),
(73, 'B2018051510104015263502407538798', 'Z1553172620', 1, 0, 100.00, 0.00, 251, 1553172620, 4042.4946, 4042.5540, 1553172620, NULL),
(74, 'B2018051510104015263502407538798', 'V1553172623', 1, 0, 200.00, 0.00, 251, 1553172623, 4042.4946, 4042.5540, 1553172623, NULL),
(75, 'B2018051510104015263502407538798', 'X1553173017', 1, 1, 10000.00, 19700.00, 252, 1553173017, 4040.7046, 4040.6409, 1553173017, NULL),
(76, 'B2018051510104015263502407538798', 'O1553173054', 1, 1, 10000.00, 19700.00, 252, 1553173054, 4040.7046, 4040.6409, 1553173054, NULL),
(77, 'B2018051510104015263502407538798', 'Z1553173064', 0, 1, 1000.00, 0.00, 252, 1553173064, 4040.7046, 4040.6409, 1553173064, NULL),
(78, 'B2018051510104015263502407538798', 'N1553173515', 0, 1, 1000.00, 0.00, 254, 1553173515, 4043.4575, 4043.4199, 1553173515, NULL),
(79, 'B2018051510104015263502407538798', 'X1553173520', 1, 1, 1000.00, 1990.00, 254, 1553173520, 4043.4575, 4043.4199, 1553173520, NULL),
(80, 'B2018051510104015263502407538798', 'D1553268226', 0, 1, 500.00, 0.00, 281, 1553268226, 3996.8083, 3996.7461, 1553268226, NULL),
(81, 'B2018051510104015263502407538798', 'V1553269333', 0, 1, 1000.00, 0.00, 285, 1553269333, 3995.0500, 3994.9609, 1553269333, NULL),
(82, 'B2018051510104015263502407538798', 'N1553269342', 1, 1, 1000.00, 1990.00, 285, 1553269342, 3995.0500, 3994.9609, 1553269342, NULL),
(83, 'B2018051510104015263502407538798', 'X1553269383', 1, 1, 2000.00, 3980.00, 285, 1553269383, 3995.0500, 3994.9609, 1553269383, NULL),
(84, 'q2018090611234315362042232669474', 'N1553305415', 0, 0, 1000.00, 1990.00, 117, 1553305415, 3988.9600, 3988.9602, 1553305415, NULL),
(85, 'B2018051510104015263502407538798', 'B1553327169', 0, 0, 100.00, 199.00, 190, 1553327169, 4015.1926, 4015.2183, 1553327169, NULL),
(86, 'B2018051510104015263502407538798', 'M1553327528', 0, 1, 2000.00, 0.00, 191, 1553327528, 4006.7639, 4006.6836, 1553327528, NULL),
(87, 'B2018051510104015263502407538798', 'B1553327545', 0, 1, 3222.00, 0.00, 191, 1553327545, 4006.7639, 4006.6836, 1553327545, NULL),
(88, 'B2018051510104015263502407538798', 'V1553327816', 1, 1, 5000.00, 9950.00, 192, 1553327816, 4005.2993, 4005.2925, 1553327816, NULL),
(89, 'B2018051510104015263502407538798', 'N1553327838', 1, 1, 6000.00, 11940.00, 192, 1553327838, 4005.2993, 4005.2925, 1553327838, NULL),
(90, 'q2018090611234315362042232669474', 'D1553328029', 0, 0, 1000.00, 1990.00, 193, 1553328029, 4004.6577, 4004.7141, 1553328029, NULL),
(91, 'q2018090611234315362042232669474', 'M1553328037', 0, 0, 2000.00, 3980.00, 193, 1553328037, 4004.6577, 4004.7141, 1553328037, NULL),
(92, 'B2018051510104015263502407538798', 'M1553328961', 0, 1, 100.00, 0.00, 196, 1553328961, 4004.6997, 4004.6248, 1553328961, NULL),
(93, 'B2018051510104015263502407538798', 'O1553328970', 0, 1, 200.00, 0.00, 196, 1553328970, 4004.6997, 4004.6248, 1553328970, NULL),
(94, 'B2018051510104015263502407538798', 'N1553328977', 0, 1, 300.00, 0.00, 196, 1553328977, 4004.6997, 4004.6248, 1553328977, NULL),
(95, 'B2018051510104015263502407538798', 'Z1553329234', 0, 1, 100.00, 0.00, 197, 1553329234, 4007.0830, 4007.0686, 1553329234, NULL),
(96, 'B2018051510104015263502407538798', 'V1553329240', 0, 1, 500.00, 0.00, 197, 1553329240, 4007.0830, 4007.0686, 1553329240, NULL),
(97, 'B2018051510104015263502407538798', 'X1553329244', 0, 1, 1000.00, 0.00, 197, 1553329244, 4007.0830, 4007.0686, 1553329244, NULL),
(98, 'B2018051510104015263502407538798', 'Z1553329249', 0, 1, 2000.00, 0.00, 197, 1553329249, 4007.0830, 4007.0686, 1553329249, NULL),
(99, 'B2018051510104015263502407538798', 'N1553329540', 1, 1, 10000.00, 19900.00, 198, 1553329540, 4007.9314, 4007.8687, 1553329540, NULL),
(100, 'B2018051510104015263502407538798', 'D1553329940', 1, 1, 5.00, 9.95, 199, 1553329940, 4008.1011, 4008.0935, 1553329940, NULL),
(101, 'B2018051510104015263502407538798', 'O1553330638', 0, 0, 100.00, 199.00, 201, 1553330638, 4014.3511, 4014.3987, 1553330638, NULL),
(102, 'B2018051510104015263502407538798', 'X1553331826', 1, 0, 100.00, 0.00, 205, 1553331826, 4009.2000, 4009.2852, 1553331826, NULL),
(103, 'B2018051510104015263502407538798', 'K1553331832', 1, 0, 1000.00, 0.00, 205, 1553331832, 4009.2000, 4009.2852, 1553331832, NULL),
(104, 'B2018051510104015263502407538798', 'Z1553331837', 0, 0, 1000.00, 1990.00, 205, 1553331837, 4009.2000, 4009.2852, 1553331837, NULL),
(105, 'B2018051510104015263502407538798', 'V1553357186', 0, 0, 1000.00, 1990.00, 2, 1553357186, 3992.2808, 3992.3074, 1553357186, NULL),
(106, 'B2018051510104015263502407538798', 'Z1553357194', 0, 0, 2000.00, 3980.00, 2, 1553357194, 3992.2808, 3992.3074, 1553357194, NULL),
(107, 'q2018090611234315362042232669474', 'V1553420003', 0, 0, 100.00, 199.00, 211, 1553420003, 3994.9475, 3995.0059, 1553420003, NULL),
(108, 'q2018090611234315362042232669474', 'O1553420115', 0, 0, 12059.68, 23998.76, 212, 1553420115, 3999.5083, 3999.5981, 1553420115, NULL),
(109, 'q2018090611234315362042232669474', 'D1553423773', 1, 0, 2000.00, 0.00, 224, 1553423773, 3995.6050, 3995.6953, 1553423773, NULL),
(110, 'B2018051510104015263502407538798', 'N1553440927', 0, 1, 200.00, 0.00, 281, 1553440927, 3993.8245, 3993.7766, 1553440927, NULL),
(111, 'B2018051510104015263502407538798', 'O1553440956', 0, 1, 1000.00, 0.00, 281, 1553440956, 3993.8245, 3993.7766, 1553440956, NULL),
(112, 'B2018051510104015263502407538798', 'K1553444509', 0, 1, 2000.00, 0.00, 5, 1553444509, 3988.0791, 3987.9905, 1553444509, NULL),
(113, 'B2018051510104015263502407538798', 'K1553444529', 0, 1, 1000.00, 0.00, 5, 1553444529, 3988.0791, 3987.9905, 1553444529, NULL),
(114, 'B2018051510104015263502407538798', 'O1553444726', 0, 0, 5000.00, 9950.00, 6, 1553444726, 3988.2114, 3988.2703, 1553444726, NULL),
(115, 'q2018090611234315362042232669474', 'V1553483214', 0, 0, 100.00, 199.00, 134, 1553483214, 3993.7549, 3993.8037, 1553483214, NULL),
(116, 'q2018090611234315362042232669474', 'Z1553502803', 1, 1, 200.00, 398.00, 199, 1553502803, 3992.6733, 3992.6018, 1553502803, NULL),
(117, 'q2018090611234315362042232669474', 'K1553575012', 0, 0, 2000.00, 3980.00, 152, 1553575012, 3941.1340, 3941.2063, 1553575012, NULL),
(118, 'q2018090611234315362042232669474', 'V1553575236', 1, 0, 2000.00, 0.00, 153, 1553575236, 3942.2852, 3942.3054, 1553575236, NULL),
(119, 'q2018090611234315362042232669474', 'O1553581933', 1, 0, 75.76, 0.00, 175, 1553581933, 3932.5613, 3932.6062, 1553581933, NULL),
(120, 'B2018051510104015263502407538798', 'V1553670839', 0, 0, 1000.00, 1990.00, 183, 1553670839, 3995.4414, 3995.4639, 1553670839, NULL),
(121, 'B2018051510104015263502407538798', 'V1553670930', 0, 0, 2000.00, 3980.00, 184, 1553670930, 3995.2070, 3995.2522, 1553670930, NULL),
(122, 'B2018051510104015263502407538798', 'B1553672250', 0, 0, 500.00, 995.00, 188, 1553672250, 3994.7053, 3994.7510, 1553672250, NULL),
(123, 'B2018051510104015263502407538798', 'O1553762927', 0, 0, 1000.00, 1990.00, 202, 1553762927, 4021.7539, 4021.7649, 1553762927, NULL),
(124, 'B2018051510104015263502407538798', 'X1553762933', 1, 0, 2000.00, 0.00, 202, 1553762933, 4021.7539, 4021.7649, 1553762933, NULL);

-- --------------------------------------------------------

--
-- 表的结构 `btc_w_openlog`
--

CREATE TABLE `btc_w_openlog` (
  `id` int(16) UNSIGNED NOT NULL,
  `last_direction` int(2) UNSIGNED DEFAULT NULL COMMENT '最终方向 0-涨  1-跌',
  `number` int(4) DEFAULT NULL COMMENT '期数',
  `execute_price` double(16,4) DEFAULT NULL COMMENT '执行值',
  `last_price` double(16,4) DEFAULT NULL,
  `create_time` int(16) DEFAULT NULL COMMENT '创建时间'
) ENGINE=MyISAM DEFAULT CHARSET=utf8 COMMENT='微盘开奖记录';

--
-- 转存表中的数据 `btc_w_openlog`
--

INSERT INTO `btc_w_openlog` (`id`, `last_direction`, `number`, `execute_price`, `last_price`, `create_time`) VALUES
(42, 1, 191, 3825.1599, 3825.0945, 1551599692),
(68, 0, 122, 3825.5444, 3825.6150, 1551665395),
(67, 0, 121, 3825.0605, 3825.1338, 1551665098),
(66, 0, 120, 3824.9053, 3824.9629, 1551664795),
(65, 0, 119, 3824.5769, 3824.6543, 1551664496),
(64, 0, 118, 3821.7888, 3821.7898, 1551664196),
(58, 0, 249, 3819.8591, 3819.9192, 1551617095),
(57, 0, 248, 3822.4512, 3822.4873, 1551616795),
(56, 0, 247, 3821.0952, 3821.1189, 1551616495),
(55, 0, 246, 3819.8381, 3819.8667, 1551616195),
(54, 0, 245, 3818.4248, 3818.4463, 1551615895),
(53, 0, 244, 3819.2634, 3819.3411, 1551615595),
(52, 0, 243, 3818.2446, 3818.3032, 1551615295),
(51, 0, 242, 3819.6841, 3819.7625, 1551614995),
(50, 0, 241, 3820.9993, 3821.0823, 1551614695),
(49, 0, 225, 3826.1082, 3826.1233, 1551609896),
(48, 0, 224, 3825.6187, 3825.6201, 1551609596),
(47, 0, 223, 3824.7058, 3824.8020, 1551609296),
(46, 0, 216, 3823.4556, 3823.5083, 1551607197),
(45, 0, 215, 3824.6426, 3824.6892, 1551606897),
(44, 0, 214, 3827.1086, 3827.1282, 1551606595),
(43, 0, 213, 3826.4858, 3826.5022, 1551606297),
(59, 0, 250, 3820.0850, 3820.1414, 1551617395),
(60, 0, 251, 3822.8481, 3822.8694, 1551617696),
(73, 0, 127, 3822.0005, 3822.0178, 1551666896),
(63, 0, 117, 3823.6914, 3823.7229, 1551663895),
(72, 0, 126, 3822.7722, 3822.8557, 1551666595),
(71, 0, 125, 3823.4707, 3823.4780, 1551666295),
(70, 0, 124, 3823.2146, 3823.2949, 1551665995),
(69, 0, 123, 3823.1025, 3823.1372, 1551665695),
(61, 0, 252, 3821.6836, 3821.6997, 1551617996),
(74, 1, 128, 3816.1814, 3816.1699, 1551667195),
(75, 0, 129, 3813.3877, 3813.4497, 1551667498),
(76, 0, 130, 3817.2495, 3817.3125, 1551667795),
(77, 0, 131, 3814.0376, 3814.0845, 1551668096),
(78, 0, 132, 3810.7241, 3810.7871, 1551668395),
(79, 0, 134, 3812.1060, 3812.1338, 1551668995),
(80, 0, 135, 3806.6924, 3806.7832, 1551669295),
(81, 0, 136, 3804.7712, 3804.7793, 1551669596),
(62, 0, 116, 3823.3894, 3823.4116, 1551663596),
(41, 0, 190, 3827.0454, 3828.0945, 1551599390),
(82, 0, 137, 3801.3643, 3801.4229, 1551669898),
(83, 0, 138, 3798.9602, 3799.0337, 1551670197),
(84, 0, 139, 3793.4961, 3793.5452, 1551670496),
(85, 0, 187, 3742.1484, 3742.2043, 1551684895),
(86, 0, 188, 3740.2175, 3740.2732, 1551685195),
(87, 0, 199, 3725.1694, 3725.2273, 1551688496),
(88, 0, 200, 3730.0488, 3730.1084, 1551688796),
(89, 0, 138, 3714.5396, 3714.6106, 1551756595),
(90, 0, 139, 3714.1184, 3714.2058, 1551756896),
(91, 0, 140, 3711.4041, 3711.4431, 1551757195),
(92, 0, 170, 3892.4502, 3892.5229, 1552025397),
(93, 0, 171, 3892.4221, 3892.4607, 1552025695),
(94, 0, 175, 3894.9568, 3894.9741, 1552286095),
(95, 0, 176, 3894.6904, 3894.7634, 1552286395),
(96, 0, 177, 3890.4885, 3890.5220, 1552286695),
(97, 0, 179, 3897.5562, 3897.5747, 1552287295),
(98, 0, 180, 3899.0569, 3899.1450, 1552287595),
(99, 0, 181, 3898.2922, 3898.3506, 1552287895),
(100, 0, 182, 3901.7239, 3901.7837, 1552288195),
(101, 0, 183, 3899.4536, 3899.5220, 1552288496),
(102, 0, 184, 3900.1052, 3900.2019, 1552288795),
(103, 0, 185, 3895.8923, 3895.9265, 1552289095),
(104, 0, 186, 3894.6414, 3894.6785, 1552289395),
(105, 0, 187, 3895.5642, 3895.6514, 1552289695),
(106, 0, 188, 3891.1240, 3891.2134, 1552289995),
(107, 0, 189, 3892.6089, 3892.6252, 1552290295),
(108, 0, 235, 3884.6274, 3884.6521, 1552304096),
(109, 0, 236, 3879.2810, 3879.3533, 1552304395),
(110, 0, 237, 3879.7197, 3879.7778, 1552304695),
(111, 0, 238, 3878.0486, 3878.0759, 1552304995),
(112, 0, 239, 3875.2488, 3875.3250, 1552305296),
(113, 0, 235, 3973.6968, 3973.7068, 1552908900),
(114, 0, 236, 3970.4075, 3970.4419, 1552909200),
(115, 0, 237, 3969.9141, 3969.9753, 1552909500),
(116, 0, 238, 3969.9246, 3969.9753, 1552909800),
(117, 0, 239, 3968.1868, 3968.2744, 1552910100),
(118, 0, 240, 3969.6780, 3969.7009, 1552910400),
(119, 0, 241, 3970.9385, 3970.9531, 1552910700),
(120, 0, 242, 3974.4932, 3974.5132, 1552911000),
(121, 0, 243, 3975.3372, 3975.3479, 1552911300),
(122, 0, 244, 3979.2881, 3979.3838, 1552911600),
(123, 0, 245, 3983.3518, 3983.4287, 1552911900),
(124, 0, 246, 3982.8030, 3982.8125, 1552912200),
(125, 0, 247, 3983.4417, 3983.5356, 1552912500),
(126, 0, 248, 3985.5608, 3985.5728, 1552912800),
(127, 0, 141, 3992.2019, 3992.2698, 1552967100),
(128, 0, 142, 3990.1243, 3990.1931, 1552967400),
(129, 0, 143, 3988.9934, 3989.0386, 1552967700),
(130, 0, 144, 3990.3037, 3990.3469, 1552968000),
(131, 0, 145, 3989.6257, 3989.6687, 1552968300),
(132, 0, 146, 3988.9187, 3988.9836, 1552968600),
(133, 0, 147, 3986.7185, 3986.7896, 1552968900),
(134, 0, 148, 3985.3225, 3985.4199, 1552969200),
(135, 1, 155, 3973.1001, 3973.0823, 1552971300),
(136, 0, 156, 3976.2439, 3976.2805, 1552971600),
(137, 1, 157, 3979.1550, 3979.1091, 1552971900),
(138, 0, 158, 3978.1125, 3978.1685, 1552972200),
(139, 1, 159, 3979.1345, 3979.1201, 1552972500),
(140, 0, 160, 3983.5457, 3983.6011, 1552972800),
(141, 1, 161, 3983.7546, 3983.6555, 1552973100),
(142, 0, 162, 3981.7397, 3981.8350, 1552973400),
(143, 0, 163, 3980.3174, 3980.3948, 1552973700),
(144, 0, 164, 3982.0464, 3982.0894, 1552974000),
(145, 0, 165, 3983.3716, 3983.4109, 1552974300),
(146, 0, 166, 3981.2380, 3981.3230, 1552974600),
(147, 0, 167, 3980.3955, 3980.4546, 1552974900),
(148, 0, 168, 3982.1326, 3982.1931, 1552975200),
(149, 0, 169, 3984.0095, 3984.0432, 1552975500),
(150, 0, 170, 3986.6743, 3986.7141, 1552975800),
(151, 0, 171, 3985.6641, 3985.6704, 1552976100),
(152, 0, 172, 3986.0508, 3986.1499, 1552976400),
(153, 0, 173, 3986.0845, 3986.1709, 1552976700),
(154, 0, 174, 3986.4424, 3986.5376, 1552977000),
(155, 0, 175, 3986.2654, 3986.3245, 1552977300),
(156, 0, 176, 3986.3369, 3986.3389, 1552977600),
(157, 0, 177, 3983.4290, 3983.4746, 1552977900),
(158, 0, 178, 3983.7292, 3983.7446, 1552978200),
(159, 0, 179, 3983.2534, 3983.2795, 1552978500),
(160, 0, 180, 3980.4016, 3980.4539, 1552978800),
(161, 0, 181, 3979.8484, 3979.8772, 1552979100),
(162, 0, 182, 3979.1130, 3979.2039, 1552979400),
(163, 0, 183, 3979.0581, 3979.1301, 1552979700),
(164, 0, 184, 3976.4729, 3976.5676, 1552980000),
(165, 0, 185, 3980.3018, 3980.3650, 1552980300),
(166, 0, 186, 3978.8362, 3978.9282, 1552980600),
(167, 0, 187, 3983.1741, 3983.1960, 1552980900),
(168, 0, 188, 3982.4543, 3982.5178, 1552981200),
(169, 0, 189, 3982.3267, 3982.3359, 1552981500),
(170, 0, 190, 3981.1328, 3981.2217, 1552981800),
(171, 1, 191, 3981.9138, 3981.8901, 1552982100),
(172, 1, 192, 3981.4641, 3981.4558, 1552982400),
(173, 0, 193, 3981.5293, 3981.5452, 1552982700),
(174, 0, 194, 3981.4192, 3981.4824, 1552983000),
(175, 0, 195, 3981.7571, 3981.8362, 1552983300),
(176, 0, 196, 3977.9380, 3977.9980, 1552983600),
(177, 0, 197, 3977.8523, 3977.9097, 1552983900),
(178, 0, 198, 3976.9856, 3977.0200, 1552984200),
(179, 0, 199, 3976.0554, 3976.1208, 1552984500),
(180, 0, 200, 3978.6450, 3978.6882, 1552984800),
(181, 0, 201, 3977.9749, 3978.0090, 1552985100),
(182, 0, 202, 3979.4985, 3979.5818, 1552985400),
(183, 0, 203, 3980.4385, 3980.4446, 1552985700),
(184, 0, 204, 3980.2183, 3980.2517, 1552986000),
(185, 0, 205, 3980.5811, 3980.5835, 1552986300),
(186, 0, 206, 3980.0586, 3980.1450, 1552986600),
(187, 0, 207, 3981.6965, 3981.7842, 1552986900),
(188, 0, 208, 3982.9453, 3982.9482, 1552987200),
(189, 0, 209, 3983.6604, 3983.6626, 1552987500),
(190, 0, 210, 3982.9075, 3983.0034, 1552987800),
(191, 0, 211, 3983.7759, 3983.8357, 1552988100),
(192, 0, 212, 3983.8262, 3983.8528, 1552988400),
(193, 0, 213, 3984.0054, 3984.0798, 1552988700),
(194, 0, 214, 3991.9893, 3992.0269, 1552989000),
(195, 0, 215, 3990.2029, 3990.2373, 1552989300),
(196, 0, 216, 3993.6309, 3993.7107, 1552989600),
(197, 0, 217, 3997.5779, 3997.6333, 1552989900),
(198, 0, 218, 3994.3772, 3994.4470, 1552990200),
(199, 0, 219, 3989.7485, 3989.7854, 1552990500),
(200, 0, 220, 3992.1033, 3992.1787, 1552990800),
(201, 0, 221, 3988.9685, 3988.9702, 1552991100),
(202, 0, 222, 3992.8608, 3992.9004, 1552991400),
(203, 0, 223, 3997.1060, 3997.1750, 1552991700),
(204, 0, 224, 3994.0288, 3994.0303, 1552992000),
(205, 0, 225, 3990.8496, 3990.9204, 1552992300),
(206, 0, 226, 3989.5898, 3989.6389, 1552992600),
(207, 1, 227, 3993.9700, 3993.9253, 1552992900),
(208, 0, 228, 3996.0298, 3996.0349, 1552993200),
(209, 0, 229, 3995.9734, 3996.0115, 1552993500),
(210, 0, 230, 3992.9165, 3993.0132, 1552993800),
(211, 0, 231, 3992.3225, 3992.3792, 1552994100),
(212, 0, 232, 3993.2908, 3993.3220, 1552994400),
(213, 0, 233, 3992.0793, 3992.0879, 1552994700),
(214, 0, 234, 3992.1541, 3992.1582, 1552995000),
(215, 0, 235, 3989.5579, 3989.6189, 1552995300),
(216, 0, 236, 3987.0293, 3987.0508, 1552995600),
(217, 0, 237, 3983.7627, 3983.7744, 1552995900),
(218, 0, 238, 3985.0447, 3985.0754, 1552996200),
(219, 0, 239, 3984.8511, 3984.9160, 1552996500),
(220, 0, 240, 3984.9929, 3985.0039, 1552996800),
(221, 0, 241, 3983.7661, 3983.8145, 1552997100),
(222, 0, 242, 3982.4536, 3982.5479, 1552997400),
(223, 0, 243, 3986.4019, 3986.4126, 1552997700),
(224, 0, 244, 3990.0439, 3990.1370, 1552998000),
(225, 0, 245, 3987.6208, 3987.6580, 1552998300),
(226, 0, 246, 3987.2063, 3987.2080, 1552998600),
(227, 0, 247, 3987.6709, 3987.7039, 1552998900),
(228, 0, 248, 3982.3218, 3982.4207, 1552999200),
(229, 0, 249, 3986.4343, 3986.5002, 1552999500),
(230, 0, 250, 3986.9688, 3987.0261, 1552999800),
(231, 0, 251, 3986.0820, 3986.1069, 1553000100),
(232, 0, 252, 3983.8848, 3983.9021, 1553000400),
(233, 0, 253, 3984.1260, 3984.1826, 1553000700),
(234, 0, 254, 3985.6238, 3985.6663, 1553001000),
(235, 0, 255, 3988.9944, 3989.0676, 1553001300),
(236, 0, 256, 3989.9302, 3990.0173, 1553001600),
(237, 0, 257, 3988.9326, 3989.0237, 1553001900),
(238, 0, 258, 3989.0193, 3989.1028, 1553002200),
(239, 0, 259, 3987.5483, 3987.6262, 1553002500),
(240, 0, 260, 3987.6084, 3987.7058, 1553002800),
(241, 0, 261, 3987.4595, 3987.5359, 1553003100),
(242, 0, 262, 3987.6514, 3987.7271, 1553003400),
(243, 0, 263, 3988.0652, 3988.0679, 1553003700),
(244, 0, 264, 3986.1982, 3986.2261, 1553004000),
(245, 0, 265, 3988.9062, 3988.9087, 1553004300),
(246, 0, 266, 3990.6033, 3990.6272, 1553004600),
(247, 0, 267, 3992.5251, 3992.5437, 1553004900),
(248, 0, 268, 3992.7766, 3992.8157, 1553005200),
(249, 0, 269, 4000.2302, 4000.3027, 1553005500),
(250, 0, 270, 4002.8088, 4002.8557, 1553005800),
(251, 0, 271, 4005.9463, 4006.0291, 1553006100),
(252, 0, 272, 4008.7666, 4008.7859, 1553006400),
(253, 0, 273, 4004.4607, 4004.5137, 1553006700),
(254, 0, 274, 3992.2837, 3992.3083, 1553007000),
(255, 0, 275, 3992.5022, 3992.5120, 1553007300),
(256, 0, 276, 3993.6775, 3993.7607, 1553007600),
(257, 0, 277, 3989.9121, 3989.9543, 1553007900),
(258, 0, 278, 3989.8562, 3989.9116, 1553008200),
(259, 0, 279, 3990.4292, 3990.5083, 1553008500),
(260, 0, 280, 3994.2146, 3994.3022, 1553008800),
(261, 0, 281, 3992.9106, 3992.9253, 1553009100),
(262, 1, 282, 3992.2554, 3992.2102, 1553009400),
(263, 0, 283, 3992.0295, 3992.0586, 1553009700),
(264, 0, 284, 3992.3584, 3992.4409, 1553010000),
(265, 0, 285, 3994.6699, 3994.7617, 1553010300),
(266, 0, 286, 3996.9661, 3997.0107, 1553010600),
(267, 0, 287, 3996.6213, 3996.6870, 1553010900),
(268, 0, 140, 4043.1814, 4043.2727, 1553139600),
(269, 0, 141, 4041.9597, 4042.0557, 1553139900),
(270, 0, 142, 4042.8596, 4042.8789, 1553140200),
(271, 0, 144, 4042.5874, 4042.6340, 1553140800),
(272, 0, 145, 4039.5981, 4039.6936, 1553141100),
(273, 0, 146, 4039.2827, 4039.3352, 1553141400),
(274, 0, 147, 4037.7539, 4037.8313, 1553141700),
(275, 0, 148, 4036.3062, 4036.3267, 1553142000),
(276, 0, 149, 4036.0710, 4036.1477, 1553142300),
(277, 0, 150, 4036.3540, 4036.4280, 1553142600),
(278, 0, 151, 4035.5029, 4035.5188, 1553142900),
(279, 0, 152, 4034.2222, 4034.2454, 1553143200),
(280, 0, 153, 4036.4390, 4036.5227, 1553143500),
(281, 0, 154, 4037.0503, 4037.0667, 1553143800),
(282, 1, 155, 4036.9714, 4036.9106, 1553144100),
(283, 0, 156, 4035.0859, 4035.1628, 1553144400),
(284, 1, 157, 4032.8118, 4032.7896, 1553144700),
(285, 0, 158, 4031.7129, 4031.7163, 1553145000),
(286, 1, 159, 4029.9534, 4029.9336, 1553145300),
(287, 0, 160, 4030.9395, 4030.9905, 1553145600),
(288, 1, 161, 4029.9453, 4029.8691, 1553145900),
(289, 0, 162, 4030.9929, 4031.0928, 1553146200),
(290, 0, 163, 4032.2734, 4032.3679, 1553146500),
(291, 0, 164, 4028.3953, 4028.4578, 1553146800),
(292, 0, 165, 4027.6216, 4027.6685, 1553147100),
(293, 0, 166, 4028.0061, 4028.0745, 1553147400),
(294, 0, 167, 4031.2971, 4031.3660, 1553147700),
(295, 0, 168, 4029.7505, 4029.7839, 1553148000),
(296, 0, 169, 4030.0571, 4030.1560, 1553148300),
(297, 0, 170, 4032.4873, 4032.5862, 1553148600),
(298, 0, 171, 4034.5227, 4034.6060, 1553148900),
(299, 0, 172, 4035.3611, 4035.4443, 1553149200),
(300, 0, 173, 4035.0964, 4035.1162, 1553149500),
(301, 0, 174, 4035.0642, 4035.0935, 1553149800),
(302, 0, 175, 4034.4846, 4034.5452, 1553150100),
(303, 0, 176, 4035.0291, 4035.0657, 1553150400),
(304, 0, 177, 4034.9023, 4034.9316, 1553150700),
(305, 0, 178, 4034.2551, 4034.3223, 1553151000),
(306, 0, 179, 4035.0149, 4035.0544, 1553151300),
(307, 0, 180, 4035.3213, 4035.4187, 1553151600),
(308, 0, 181, 4034.9202, 4034.9927, 1553151900),
(309, 0, 182, 4034.8252, 4034.8564, 1553152200),
(310, 0, 183, 4037.3362, 4037.3787, 1553152500),
(311, 0, 184, 4040.5127, 4040.5850, 1553152800),
(312, 0, 185, 4044.5996, 4044.6345, 1553153100),
(313, 0, 186, 4046.2200, 4046.2546, 1553153400),
(314, 0, 187, 4048.5806, 4048.6711, 1553153700),
(315, 0, 188, 4048.2656, 4048.2859, 1553154000),
(316, 0, 189, 4047.2473, 4047.2737, 1553154300),
(317, 0, 190, 4045.4082, 4045.5024, 1553154600),
(318, 1, 191, 4046.6582, 4046.6023, 1553154900),
(319, 1, 192, 4046.2693, 4046.1831, 1553155200),
(320, 0, 193, 4043.5540, 4043.5654, 1553155500),
(321, 0, 194, 4041.7415, 4041.8340, 1553155800),
(322, 0, 195, 4043.1992, 4043.2158, 1553156100),
(323, 0, 196, 4044.8438, 4044.9067, 1553156400),
(324, 0, 197, 4044.2151, 4044.2993, 1553156700),
(325, 0, 198, 4044.9888, 4045.0491, 1553157000),
(326, 0, 199, 4044.8516, 4044.8708, 1553157300),
(327, 0, 200, 4044.3513, 4044.3708, 1553157600),
(328, 0, 201, 4044.9158, 4044.9443, 1553157900),
(329, 0, 202, 4041.9744, 4042.0374, 1553158200),
(330, 0, 203, 4042.1931, 4042.1995, 1553158500),
(331, 0, 204, 4041.6831, 4041.7053, 1553158800),
(332, 0, 205, 4038.7544, 4038.8269, 1553159100),
(333, 0, 206, 4038.4900, 4038.5674, 1553159400),
(334, 0, 207, 4036.9626, 4037.0464, 1553159700),
(335, 0, 208, 4037.5876, 4037.6797, 1553160000),
(336, 0, 209, 4037.5415, 4037.5449, 1553160300),
(337, 0, 210, 4038.0459, 4038.0471, 1553160600),
(338, 0, 211, 4039.8323, 4039.8699, 1553160900),
(339, 0, 212, 4040.5771, 4040.5991, 1553161200),
(340, 0, 213, 4040.5405, 4040.5442, 1553161500),
(341, 0, 214, 4039.9265, 4039.9485, 1553161800),
(342, 0, 215, 4040.4905, 4040.5122, 1553162100),
(343, 0, 216, 4039.3269, 4039.3955, 1553162400),
(344, 0, 217, 4040.2383, 4040.3337, 1553162700),
(345, 0, 218, 4040.4475, 4040.4521, 1553163000),
(346, 0, 219, 4041.6675, 4041.7578, 1553163300),
(347, 0, 220, 4041.1960, 4041.2161, 1553163600),
(348, 0, 221, 4041.5696, 4041.5828, 1553163900),
(349, 0, 222, 4040.8528, 4040.8748, 1553164200),
(350, 0, 223, 4039.9382, 4040.0271, 1553164500),
(351, 0, 224, 4040.8833, 4040.9541, 1553164800),
(352, 0, 225, 4040.2546, 4040.2854, 1553165100),
(353, 0, 226, 4037.2422, 4037.3145, 1553165400),
(354, 1, 227, 4034.6992, 4034.6255, 1553165700),
(355, 0, 228, 4034.9041, 4034.9358, 1553166000),
(356, 0, 229, 4039.0120, 4039.0190, 1553166300),
(357, 0, 230, 4041.2229, 4041.2468, 1553166600),
(358, 0, 231, 4046.6782, 4046.6992, 1553166900),
(359, 0, 232, 4049.3733, 4049.3967, 1553167200),
(360, 0, 233, 4051.6978, 4051.7021, 1553167500),
(361, 0, 234, 4052.3740, 4052.3940, 1553167800),
(362, 0, 235, 4047.9124, 4048.0005, 1553168100),
(363, 0, 236, 4043.4851, 4043.5801, 1553168400),
(364, 0, 237, 4041.2793, 4041.3645, 1553168700),
(365, 0, 238, 4046.7969, 4046.8577, 1553169000),
(366, 0, 239, 4047.8389, 4047.8806, 1553169300),
(367, 0, 240, 4047.0425, 4047.1318, 1553169600),
(368, 0, 241, 4044.4788, 4044.5076, 1553169900),
(369, 0, 242, 4044.7017, 4044.7239, 1553170200),
(370, 0, 243, 4046.5923, 4046.6299, 1553170500),
(371, 0, 244, 4052.9436, 4052.9868, 1553170800),
(372, 0, 245, 4054.7041, 4054.7998, 1553171100),
(373, 0, 246, 4054.8606, 4054.9412, 1553171400),
(374, 0, 247, 4049.5562, 4049.6289, 1553171700),
(375, 0, 248, 4049.4165, 4049.4397, 1553172000),
(376, 0, 249, 4044.1057, 4044.1992, 1553172300),
(377, 0, 250, 4044.8264, 4044.8838, 1553172600),
(378, 0, 251, 4042.4946, 4042.5540, 1553172900),
(379, 1, 252, 4040.7046, 4040.6409, 1553173200),
(380, 1, 253, 4042.9412, 4042.8774, 1553173500),
(381, 1, 254, 4043.4575, 4043.4199, 1553173800),
(382, 0, 255, 4040.6350, 4040.6824, 1553174100),
(383, 1, 256, 4036.3223, 4036.2444, 1553174400),
(384, 1, 257, 4031.6035, 4031.5994, 1553174700),
(385, 1, 258, 4026.8264, 4026.7390, 1553175000),
(386, 1, 259, 4025.1338, 4025.0618, 1553175300),
(387, 1, 260, 4025.4309, 4025.3538, 1553175600),
(388, 0, 261, 4013.3484, 4013.3699, 1553175900),
(389, 0, 262, 4021.9065, 4021.9707, 1553176200),
(390, 0, 263, 4026.7205, 4026.8042, 1553176500),
(391, 0, 264, 4027.1145, 4027.1814, 1553176800),
(392, 1, 265, 4020.4839, 4020.4788, 1553177100),
(393, 0, 266, 4020.4580, 4020.5398, 1553177400),
(394, 0, 267, 4016.7725, 4016.8491, 1553177700),
(395, 1, 268, 4009.9861, 4009.9517, 1553178000),
(396, 1, 269, 4005.9436, 4005.8809, 1553178300),
(397, 1, 270, 4011.8064, 4011.7688, 1553178600),
(398, 1, 271, 4007.9434, 4007.8821, 1553178900),
(399, 1, 272, 4003.9888, 4003.8965, 1553179200),
(400, 1, 273, 3986.5039, 3986.4460, 1553179500),
(401, 1, 274, 3982.9285, 3982.9043, 1553179800),
(402, 1, 275, 3978.0315, 3978.0208, 1553180100),
(403, 1, 276, 3936.2781, 3936.2207, 1553180400),
(404, 1, 277, 3972.0637, 3972.0564, 1553180700),
(405, 1, 278, 3964.6877, 3964.6162, 1553181000),
(406, 1, 279, 3960.9119, 3960.9065, 1553181300),
(407, 1, 280, 3975.2546, 3975.1741, 1553181600),
(408, 1, 281, 3973.7883, 3973.7185, 1553181900),
(409, 1, 282, 3977.6287, 3977.5720, 1553182200),
(410, 1, 283, 3973.2322, 3973.1741, 1553182500),
(411, 1, 284, 3965.6128, 3965.5947, 1553182800),
(412, 1, 285, 3962.8220, 3962.7593, 1553183100),
(413, 1, 286, 3960.0410, 3960.0325, 1553183400),
(414, 1, 287, 3969.7090, 3969.6677, 1553183700),
(415, 1, 288, 3973.0139, 3972.9719, 1553184000),
(416, 1, 288, 3973.0139, 3972.9600, 1553184000),
(417, 1, 288, 3973.0139, 3972.9473, 1553184001),
(418, 1, 288, 3973.0139, 3972.9861, 1553184002),
(419, 1, 288, 3973.0139, 3972.9990, 1553184002),
(420, 1, 288, 3973.0139, 3972.9709, 1553184003),
(421, 1, 288, 3973.0139, 3972.9209, 1553184004),
(422, 1, 288, 3973.0139, 3973.0129, 1553184004),
(423, 1, 288, 3973.0139, 3972.9297, 1553184005),
(424, 1, 288, 3973.0139, 3972.9319, 1553184006),
(425, 1, 288, 3973.0139, 3972.9705, 1553184007),
(426, 1, 288, 3973.0139, 3972.9780, 1553184007),
(427, 1, 288, 3973.0139, 3973.0095, 1553184008),
(428, 1, 288, 3973.0139, 3972.9546, 1553184009),
(429, 1, 288, 3973.0139, 3972.9844, 1553184009),
(430, 1, 288, 3973.0139, 3973.0002, 1553184010),
(431, 1, 288, 3973.0139, 3972.9507, 1553184011),
(432, 1, 288, 3973.0139, 3972.9248, 1553184012),
(433, 1, 288, 3973.0139, 3972.9897, 1553184012),
(434, 1, 288, 3973.0139, 3972.9583, 1553184013),
(435, 1, 288, 3973.0139, 3972.9910, 1553184014),
(436, 1, 288, 3973.0139, 3972.9651, 1553184014),
(437, 1, 288, 3973.0139, 3972.9248, 1553184015),
(438, 1, 288, 3973.0139, 3972.9653, 1553184016),
(439, 1, 288, 3973.0139, 3972.9272, 1553184016),
(440, 1, 288, 3973.0139, 3972.9373, 1553184017),
(441, 1, 288, 3973.0139, 3972.9536, 1553184018),
(442, 1, 288, 3973.0139, 3972.9143, 1553184019),
(443, 1, 288, 3973.0139, 3972.9463, 1553184019),
(444, 1, 288, 3973.0139, 3973.0022, 1553184020),
(445, 1, 288, 3973.0139, 3973.0093, 1553184021),
(446, 1, 288, 3973.0139, 3973.0032, 1553184021),
(447, 1, 288, 3973.0139, 3972.9331, 1553184022),
(448, 1, 288, 3973.0139, 3972.9658, 1553184023),
(449, 1, 288, 3973.0139, 3973.0056, 1553184024),
(450, 1, 288, 3973.0139, 3972.9204, 1553184024),
(451, 1, 288, 3973.0139, 3972.9717, 1553184025),
(452, 1, 288, 3973.0139, 3972.9570, 1553184026),
(453, 1, 288, 3973.0139, 3973.0000, 1553184026),
(454, 1, 288, 3973.0139, 3972.9285, 1553184027),
(455, 1, 288, 3973.0139, 3972.9863, 1553184028),
(456, 1, 288, 3973.0139, 3972.9844, 1553184028),
(457, 1, 288, 3973.0139, 3972.9993, 1553184029),
(458, 1, 1, 3966.5356, 3966.4648, 1553184300),
(459, 0, 2, 3968.3059, 3968.3159, 1553184600),
(460, 1, 3, 3967.0708, 3967.0327, 1553184900),
(461, 0, 4, 3961.1233, 3961.2007, 1553185200),
(462, 1, 5, 3956.1177, 3956.0273, 1553185500),
(463, 0, 6, 3961.6472, 3961.6848, 1553185800),
(464, 1, 7, 3958.7935, 3958.7805, 1553186100),
(465, 0, 8, 3957.2358, 3957.3342, 1553186400),
(466, 1, 9, 3950.9622, 3950.9524, 1553186700),
(467, 1, 10, 3957.1958, 3957.1311, 1553187000),
(468, 0, 11, 3958.5571, 3958.6189, 1553187300),
(469, 1, 12, 3966.6333, 3966.6216, 1553187600),
(470, 1, 13, 3963.8337, 3963.8142, 1553187900),
(471, 1, 14, 3962.1147, 3962.1079, 1553188200),
(472, 0, 15, 3958.1865, 3958.2012, 1553188500),
(473, 0, 16, 3962.4773, 3962.5315, 1553188800),
(474, 0, 17, 3964.3325, 3964.3574, 1553189100),
(475, 0, 18, 3962.1978, 3962.2385, 1553189400),
(476, 0, 19, 3961.4053, 3961.4421, 1553189700),
(477, 0, 20, 3964.2783, 3964.3608, 1553190000),
(478, 0, 21, 3966.0718, 3966.1443, 1553190300),
(479, 0, 22, 3969.1880, 3969.2812, 1553190600),
(480, 0, 23, 3970.6084, 3970.6980, 1553190900),
(481, 0, 24, 3967.8369, 3967.9045, 1553191200),
(482, 0, 25, 3965.4250, 3965.5081, 1553191500),
(483, 0, 26, 3967.0405, 3967.0872, 1553191800),
(484, 0, 27, 3967.8862, 3967.9219, 1553192100),
(485, 1, 28, 3967.6538, 3967.6445, 1553192400),
(486, 0, 29, 3967.0806, 3967.0808, 1553192700),
(487, 0, 30, 3967.1526, 3967.2456, 1553193000),
(488, 1, 31, 3966.5286, 3966.4648, 1553193300),
(489, 0, 32, 3967.9500, 3968.0396, 1553193600),
(490, 0, 33, 3969.3040, 3969.3203, 1553193900),
(491, 0, 34, 3969.9187, 3969.9663, 1553194200),
(492, 0, 35, 3969.5813, 3969.5964, 1553194500),
(493, 0, 36, 3970.8674, 3970.8801, 1553194800),
(494, 0, 37, 3970.9412, 3970.9885, 1553195100),
(495, 0, 38, 3973.4856, 3973.4951, 1553195400),
(496, 0, 39, 3974.3496, 3974.3782, 1553195700),
(497, 0, 40, 3977.7290, 3977.8018, 1553196000),
(498, 0, 41, 3976.3350, 3976.3521, 1553196300),
(499, 0, 42, 3975.5303, 3975.5496, 1553196600),
(500, 0, 43, 3973.9524, 3973.9910, 1553196900),
(501, 0, 44, 3973.5212, 3973.5454, 1553197200),
(502, 0, 45, 3973.1790, 3973.2319, 1553197500),
(503, 0, 46, 3975.8137, 3975.8589, 1553197800),
(504, 0, 47, 3980.1514, 3980.2468, 1553198100),
(505, 0, 48, 3977.4832, 3977.5159, 1553198400),
(506, 0, 49, 3975.9556, 3976.0383, 1553198700),
(507, 0, 50, 3976.8291, 3976.8738, 1553199000),
(508, 0, 51, 3978.8821, 3978.9766, 1553199300),
(509, 0, 52, 3977.8894, 3977.9453, 1553199600),
(510, 0, 53, 3977.6084, 3977.6331, 1553199900),
(511, 0, 54, 3978.1013, 3978.1528, 1553200200),
(512, 0, 55, 3978.3362, 3978.4082, 1553200500),
(513, 0, 56, 3978.7415, 3978.7908, 1553200800),
(514, 0, 57, 3979.3606, 3979.3821, 1553201100),
(515, 0, 58, 3978.7610, 3978.8042, 1553201400),
(516, 0, 59, 3979.0359, 3979.0720, 1553201700),
(517, 0, 60, 3979.9055, 3979.9360, 1553202000),
(518, 0, 61, 3979.6626, 3979.7190, 1553202300),
(519, 0, 62, 3981.3994, 3981.4336, 1553202600),
(520, 0, 63, 3983.8723, 3983.9534, 1553202900),
(521, 0, 64, 3984.8899, 3984.9531, 1553203200),
(522, 0, 65, 3985.4797, 3985.5149, 1553203500),
(523, 0, 66, 3986.6414, 3986.6738, 1553203800),
(524, 0, 67, 3986.7234, 3986.7273, 1553204100),
(525, 0, 68, 3985.0154, 3985.0642, 1553204400),
(526, 1, 69, 3984.3113, 3984.2466, 1553204700),
(527, 0, 70, 3984.0171, 3984.0708, 1553205000),
(528, 0, 71, 3984.5232, 3984.5806, 1553205300),
(529, 0, 72, 3984.3203, 3984.4133, 1553205600),
(530, 0, 73, 3985.3809, 3985.4607, 1553205900),
(531, 0, 74, 3986.7244, 3986.7249, 1553206200),
(532, 0, 75, 3988.8330, 3988.8455, 1553206500),
(533, 0, 76, 3991.7375, 3991.7979, 1553206800),
(534, 0, 77, 3991.9219, 3991.9258, 1553207100),
(535, 0, 78, 3993.0396, 3993.1018, 1553207400),
(536, 0, 79, 3994.4712, 3994.5229, 1553207700),
(537, 0, 80, 3990.7498, 3990.7583, 1553208000),
(538, 0, 81, 3990.6279, 3990.6533, 1553208300),
(539, 0, 82, 3986.4045, 3986.4211, 1553208600),
(540, 1, 83, 3980.8677, 3980.8511, 1553208900),
(541, 0, 84, 3983.7263, 3983.7544, 1553209200),
(542, 0, 85, 3982.6750, 3982.7520, 1553209500),
(543, 0, 86, 3982.0686, 3982.1118, 1553209800),
(544, 0, 87, 3980.8860, 3980.9048, 1553210100),
(545, 0, 88, 3982.1914, 3982.1970, 1553210400),
(546, 0, 89, 3987.9019, 3987.9883, 1553210700),
(547, 0, 90, 3986.7427, 3986.8364, 1553211000),
(548, 0, 91, 3987.0942, 3987.1638, 1553211300),
(549, 0, 92, 3987.2727, 3987.3550, 1553211600),
(550, 1, 93, 3983.5647, 3983.5310, 1553211900),
(551, 0, 94, 3984.9236, 3984.9756, 1553212200),
(552, 0, 95, 3983.1567, 3983.2288, 1553212500),
(553, 0, 96, 3981.6013, 3981.6621, 1553212800),
(554, 0, 97, 3979.9609, 3980.0232, 1553213100),
(555, 0, 98, 3977.4248, 3977.4468, 1553213400),
(556, 0, 99, 3976.8784, 3976.9561, 1553213700),
(557, 0, 100, 3985.3398, 3985.3420, 1553214000),
(558, 0, 101, 3986.5952, 3986.6125, 1553214300),
(559, 0, 102, 3989.0410, 3989.0537, 1553214600),
(560, 0, 103, 3988.4807, 3988.5281, 1553214900),
(561, 0, 104, 3988.0540, 3988.1465, 1553215200),
(562, 0, 105, 3988.3354, 3988.3562, 1553215500),
(563, 0, 106, 3988.1370, 3988.2207, 1553215800),
(564, 0, 107, 3986.0691, 3986.1514, 1553216100),
(565, 0, 108, 3987.6057, 3987.6216, 1553216400),
(566, 0, 109, 3990.9541, 3991.0032, 1553216700),
(567, 0, 110, 3989.4487, 3989.4736, 1553217000),
(568, 0, 111, 3988.3269, 3988.3931, 1553217300),
(569, 0, 112, 3986.8408, 3986.8601, 1553217600),
(570, 0, 113, 3985.5837, 3985.6426, 1553217900),
(571, 0, 114, 3985.8499, 3985.9321, 1553218200),
(572, 0, 115, 3985.8928, 3985.9917, 1553218500),
(573, 0, 116, 3985.1475, 3985.2178, 1553218800),
(574, 0, 117, 3986.2827, 3986.3762, 1553219100),
(575, 0, 118, 3985.8328, 3985.8782, 1553219400),
(576, 0, 119, 3986.3984, 3986.4907, 1553219700),
(577, 0, 120, 3987.5645, 3987.6199, 1553220000),
(578, 0, 121, 3987.5112, 3987.5779, 1553220300),
(579, 0, 122, 3988.9590, 3988.9888, 1553220600),
(580, 0, 123, 3989.1816, 3989.2612, 1553220900),
(581, 0, 124, 3988.5884, 3988.6870, 1553221200),
(582, 0, 125, 3988.8137, 3988.8674, 1553221500),
(583, 0, 126, 3988.7700, 3988.8472, 1553221800),
(584, 0, 127, 3990.0554, 3990.0667, 1553222100),
(585, 1, 128, 3992.2600, 3992.2588, 1553222400),
(586, 0, 129, 3993.1741, 3993.2732, 1553222700),
(587, 0, 130, 3989.8835, 3989.9426, 1553223000),
(588, 0, 131, 3988.2366, 3988.2998, 1553223300),
(589, 0, 132, 3989.9146, 3989.9219, 1553223600),
(590, 0, 133, 3987.7720, 3987.8684, 1553223900),
(591, 0, 134, 3987.6475, 3987.6729, 1553224200),
(592, 0, 135, 3988.7461, 3988.7795, 1553224500),
(593, 0, 136, 3989.0823, 3989.1074, 1553224800),
(594, 0, 137, 3989.1433, 3989.2266, 1553225100),
(595, 0, 138, 3989.4087, 3989.4668, 1553225400),
(596, 0, 139, 3989.5613, 3989.6362, 1553225700),
(597, 0, 140, 3990.4592, 3990.5317, 1553226000),
(598, 0, 141, 3991.8870, 3991.9570, 1553226300),
(599, 0, 142, 3986.5276, 3986.5444, 1553226600),
(600, 0, 143, 3986.6599, 3986.7085, 1553226900),
(601, 0, 144, 3986.3440, 3986.3467, 1553227200),
(602, 0, 145, 3983.5046, 3983.5828, 1553227500),
(603, 0, 146, 3983.4832, 3983.5132, 1553227800),
(604, 0, 147, 3981.5044, 3981.5854, 1553228100),
(605, 0, 148, 3981.5017, 3981.5913, 1553228400),
(606, 0, 149, 3983.1909, 3983.2488, 1553228700),
(607, 0, 150, 3982.9834, 3983.0481, 1553229000),
(608, 0, 151, 3985.0190, 3985.0874, 1553229300),
(609, 0, 152, 3984.3557, 3984.3948, 1553229600),
(610, 0, 153, 3985.2651, 3985.3462, 1553229900),
(611, 0, 154, 3983.3232, 3983.3499, 1553230200),
(612, 1, 155, 3982.1377, 3982.1279, 1553230500),
(613, 0, 156, 3983.1143, 3983.1184, 1553230800),
(614, 1, 157, 3982.3835, 3982.3726, 1553231100),
(615, 0, 158, 3982.9143, 3982.9641, 1553231400),
(616, 1, 159, 3982.8894, 3982.8416, 1553231700),
(617, 0, 160, 3983.9297, 3984.0146, 1553232000),
(618, 1, 161, 3984.7112, 3984.6379, 1553232300),
(619, 0, 162, 3985.1167, 3985.1292, 1553232600),
(620, 0, 163, 3985.5432, 3985.5874, 1553232900),
(621, 0, 164, 3984.7544, 3984.7817, 1553233200),
(622, 0, 165, 3985.0823, 3985.1216, 1553233500),
(623, 0, 166, 3987.2830, 3987.3291, 1553233800),
(624, 0, 167, 3988.3657, 3988.4131, 1553234100),
(625, 0, 168, 3987.8293, 3987.8901, 1553234400),
(626, 0, 169, 3987.1460, 3987.2141, 1553234700),
(627, 0, 170, 3985.9121, 3986.0093, 1553235000),
(628, 0, 171, 3983.2625, 3983.3203, 1553235300),
(629, 0, 172, 3983.2744, 3983.3142, 1553235600),
(630, 0, 173, 3983.4763, 3983.4961, 1553235900),
(631, 0, 174, 3982.9700, 3983.0403, 1553236200),
(632, 0, 175, 3982.6519, 3982.7361, 1553236500),
(633, 0, 176, 3982.4700, 3982.4868, 1553236800),
(634, 0, 177, 3983.9341, 3983.9712, 1553237100),
(635, 0, 178, 3983.9172, 3983.9468, 1553237400),
(636, 0, 179, 3983.5425, 3983.5869, 1553237700),
(637, 0, 180, 3983.5396, 3983.6086, 1553238000),
(638, 0, 181, 3985.0698, 3985.1436, 1553238300),
(639, 0, 182, 3985.0220, 3985.0837, 1553238600),
(640, 0, 183, 3985.0940, 3985.1118, 1553238900),
(641, 0, 184, 3981.8513, 3981.9363, 1553239200),
(642, 0, 185, 3976.6191, 3976.6885, 1553239500),
(643, 0, 186, 3976.9878, 3977.0283, 1553239800),
(644, 0, 187, 3974.2805, 3974.2915, 1553240100),
(645, 0, 188, 3973.9250, 3973.9448, 1553240400),
(646, 0, 189, 3974.1262, 3974.1802, 1553240700),
(647, 0, 190, 3975.3840, 3975.4753, 1553241000),
(648, 1, 191, 3977.5571, 3977.5237, 1553241300),
(649, 1, 192, 3979.1443, 3979.0498, 1553241600),
(650, 0, 193, 3980.5520, 3980.6172, 1553241900),
(651, 0, 194, 3981.5273, 3981.6094, 1553242200),
(652, 0, 195, 3982.4294, 3982.4497, 1553242500),
(653, 0, 196, 3983.4900, 3983.4990, 1553242800),
(654, 0, 197, 3985.2068, 3985.2742, 1553243100),
(655, 0, 198, 3987.8723, 3987.9075, 1553243400),
(656, 0, 199, 3985.3655, 3985.4539, 1553243700),
(657, 0, 200, 3984.1885, 3984.2463, 1553244000),
(658, 0, 201, 3985.4399, 3985.4685, 1553244300),
(659, 0, 202, 3986.0852, 3986.0854, 1553244600),
(660, 0, 203, 3985.6211, 3985.7051, 1553244900),
(661, 0, 204, 3984.9875, 3985.0205, 1553245200),
(662, 0, 205, 3984.2874, 3984.3381, 1553245500),
(663, 0, 206, 3988.3972, 3988.4138, 1553245800),
(664, 0, 207, 3986.8582, 3986.9502, 1553246100),
(665, 0, 208, 3986.2090, 3986.2490, 1553246400),
(666, 0, 209, 3986.7712, 3986.8406, 1553246700),
(667, 0, 210, 3985.4836, 3985.5356, 1553247000),
(668, 0, 211, 3983.0776, 3983.0811, 1553247300),
(669, 0, 212, 3983.4854, 3983.5625, 1553247600),
(670, 0, 213, 3981.0107, 3981.0461, 1553247900),
(671, 0, 214, 3982.0342, 3982.1113, 1553248200),
(672, 0, 215, 3981.3350, 3981.3652, 1553248500),
(673, 0, 216, 3984.0908, 3984.1516, 1553248800),
(674, 0, 217, 3985.7986, 3985.8962, 1553249100),
(675, 0, 218, 3985.1201, 3985.2185, 1553249400),
(676, 0, 219, 3986.9470, 3987.0413, 1553249700),
(677, 0, 220, 3988.8516, 3988.9197, 1553250000),
(678, 0, 221, 3989.1250, 3989.2246, 1553250300),
(679, 0, 222, 3989.7717, 3989.8042, 1553250600),
(680, 0, 223, 3987.6187, 3987.7065, 1553250900),
(681, 0, 224, 3987.3230, 3987.3816, 1553251200),
(682, 0, 225, 3986.0432, 3986.1167, 1553251500),
(683, 0, 226, 3987.0474, 3987.1299, 1553251800),
(684, 1, 227, 3985.9807, 3985.9536, 1553252100),
(685, 0, 228, 3984.8323, 3984.9219, 1553252400),
(686, 0, 229, 3984.2588, 3984.3550, 1553252700),
(687, 0, 230, 3984.2185, 3984.2385, 1553253000),
(688, 0, 231, 3984.0569, 3984.1526, 1553253300),
(689, 0, 232, 3984.3159, 3984.4092, 1553253600),
(690, 0, 233, 3984.8267, 3984.9221, 1553253900),
(691, 0, 234, 3985.6843, 3985.7437, 1553254200),
(692, 0, 235, 3986.2312, 3986.3083, 1553254500),
(693, 0, 236, 3988.9165, 3988.9297, 1553254800),
(694, 0, 237, 3987.4834, 3987.5713, 1553255100),
(695, 0, 238, 3986.9038, 3986.9458, 1553255400),
(696, 0, 239, 3988.1985, 3988.1987, 1553255700),
(697, 0, 240, 3986.8003, 3986.8242, 1553256000),
(698, 0, 241, 3985.2798, 3985.2988, 1553256300),
(699, 0, 242, 3985.8259, 3985.8362, 1553256600),
(700, 0, 243, 3985.8965, 3985.9717, 1553256900),
(701, 0, 244, 3985.9253, 3985.9590, 1553257200),
(702, 0, 245, 3985.5652, 3985.5933, 1553257500),
(703, 0, 246, 3988.9158, 3988.9431, 1553257800),
(704, 0, 247, 3987.8555, 3987.9392, 1553258100),
(705, 0, 248, 3991.4175, 3991.4302, 1553258400),
(706, 0, 249, 3986.8882, 3986.8926, 1553258700),
(707, 0, 250, 3990.8682, 3990.8794, 1553259000),
(708, 0, 251, 3993.7412, 3993.7842, 1553259300),
(709, 1, 252, 3993.8315, 3993.7524, 1553259600),
(710, 1, 253, 3998.4189, 3998.3694, 1553259900),
(711, 1, 254, 4003.0132, 4003.0061, 1553260200),
(712, 0, 255, 4001.0215, 4001.0569, 1553260500),
(713, 1, 256, 3995.5063, 3995.4609, 1553260800),
(714, 1, 257, 3997.5647, 3997.4883, 1553261100),
(715, 1, 258, 3995.1707, 3995.1636, 1553261400),
(716, 1, 259, 3995.1348, 3995.0505, 1553261700),
(717, 1, 260, 3993.2288, 3993.1848, 1553262000),
(718, 0, 261, 3995.7993, 3995.8845, 1553262300),
(719, 0, 262, 3991.6050, 3991.6462, 1553262600),
(720, 0, 263, 3990.1194, 3990.1873, 1553262900),
(721, 1, 264, 3991.6887, 3991.6606, 1553263200),
(722, 1, 265, 3993.6248, 3993.5349, 1553263500),
(723, 0, 266, 3989.7507, 3989.7830, 1553263800),
(724, 0, 267, 3995.2275, 3995.2791, 1553264100),
(725, 1, 268, 3993.0242, 3992.9333, 1553264400),
(726, 1, 269, 3995.6018, 3995.5425, 1553264700),
(727, 1, 270, 3997.0745, 3997.0000, 1553265000),
(728, 1, 271, 3997.9092, 3997.9062, 1553265300),
(729, 1, 272, 3996.9587, 3996.9287, 1553265600),
(730, 1, 273, 3997.0652, 3997.0415, 1553265900),
(731, 1, 274, 3999.7332, 3999.7134, 1553266200),
(732, 1, 275, 3997.9783, 3997.9153, 1553266500),
(733, 1, 276, 3999.3472, 3999.2563, 1553266800),
(734, 1, 277, 3998.9744, 3998.9033, 1553267100),
(735, 1, 278, 4001.1858, 4001.1785, 1553267400),
(736, 1, 279, 3999.9429, 3999.8931, 1553267700),
(737, 1, 280, 3997.4138, 3997.3164, 1553268000),
(738, 1, 281, 3996.8083, 3996.7461, 1553268300),
(739, 1, 282, 3993.1072, 3993.1055, 1553268600),
(740, 1, 283, 3992.0686, 3992.0549, 1553268900),
(741, 1, 284, 3993.5437, 3993.4834, 1553269200),
(742, 1, 285, 3995.0500, 3994.9609, 1553269500),
(743, 1, 286, 3995.2297, 3995.1340, 1553269800),
(744, 1, 287, 3993.3572, 3993.3306, 1553270100),
(745, 1, 288, 3994.0198, 3993.9700, 1553270400),
(746, 1, 288, 3994.0198, 3993.9612, 1553270401),
(747, 1, 288, 3994.0198, 3993.9644, 1553270401),
(748, 1, 288, 3994.0198, 3993.9873, 1553270402),
(749, 1, 288, 3994.0198, 3993.9602, 1553270403),
(750, 1, 288, 3994.0198, 3993.9207, 1553270403),
(751, 1, 288, 3994.0198, 3993.9612, 1553270404),
(752, 1, 288, 3994.0198, 3993.9622, 1553270405),
(753, 1, 288, 3994.0198, 3993.9285, 1553270406),
(754, 1, 288, 3994.0198, 3994.0115, 1553270406),
(755, 1, 288, 3994.0198, 3993.9463, 1553270407),
(756, 1, 288, 3994.0198, 3993.9370, 1553270408),
(757, 1, 288, 3994.0198, 3994.0034, 1553270408),
(758, 1, 288, 3994.0198, 3993.9363, 1553270409),
(759, 1, 288, 3994.0198, 3994.0098, 1553270410),
(760, 1, 288, 3994.0198, 3993.9265, 1553270410),
(761, 1, 288, 3994.0198, 3993.9646, 1553270411),
(762, 1, 288, 3994.0198, 3993.9648, 1553270412),
(763, 1, 288, 3994.0198, 3993.9988, 1553270413),
(764, 1, 288, 3994.0198, 3993.9595, 1553270413),
(765, 1, 288, 3994.0198, 3993.9224, 1553270414),
(766, 1, 288, 3994.0198, 3993.9836, 1553270415),
(767, 1, 288, 3994.0198, 3993.9780, 1553270415),
(768, 1, 288, 3994.0198, 3993.9211, 1553270416),
(769, 1, 288, 3994.0198, 3993.9514, 1553270417),
(770, 1, 288, 3994.0198, 3994.0190, 1553270418),
(771, 1, 288, 3994.0198, 3993.9705, 1553270418),
(772, 1, 288, 3994.0198, 3993.9961, 1553270419),
(773, 1, 288, 3994.0198, 3993.9402, 1553270420),
(774, 1, 288, 3994.0198, 3994.0066, 1553270420),
(775, 1, 288, 3994.0198, 3993.9536, 1553270421),
(776, 1, 288, 3994.0198, 3994.0142, 1553270422),
(777, 1, 288, 3994.0198, 3993.9724, 1553270422),
(778, 1, 288, 3994.0198, 3993.9937, 1553270423),
(779, 1, 288, 3994.0198, 3994.0129, 1553270424),
(780, 1, 288, 3994.0198, 3993.9705, 1553270425),
(781, 1, 288, 3994.0198, 3994.0159, 1553270425),
(782, 1, 288, 3994.0198, 3993.9590, 1553270426),
(783, 1, 288, 3994.0198, 3993.9221, 1553270427),
(784, 1, 288, 3994.0198, 3994.0022, 1553270427),
(785, 1, 288, 3994.0198, 3993.9968, 1553270428),
(786, 1, 288, 3994.0198, 3993.9326, 1553270429),
(787, 1, 288, 3994.0198, 3993.9580, 1553270429),
(788, 1, 1, 3992.6890, 3992.6362, 1553270700),
(789, 0, 2, 3986.7251, 3986.7336, 1553271000),
(790, 1, 3, 3986.7166, 3986.7024, 1553271300),
(791, 0, 4, 3984.9883, 3985.0691, 1553271600),
(792, 1, 5, 3986.7041, 3986.6663, 1553271900),
(793, 0, 6, 3990.5359, 3990.5569, 1553272200),
(794, 1, 7, 3989.1953, 3989.1292, 1553272500),
(795, 0, 8, 3989.9080, 3990.0066, 1553272800),
(796, 1, 9, 3990.6780, 3990.6741, 1553273100),
(797, 1, 10, 3992.8833, 3992.7957, 1553273400),
(798, 0, 11, 3995.0125, 3995.0696, 1553273700),
(799, 1, 12, 3997.0149, 3996.9646, 1553274000),
(800, 1, 13, 3995.0005, 3994.9373, 1553274300),
(801, 1, 14, 3993.8286, 3993.7415, 1553274600),
(802, 0, 15, 3993.2710, 3993.3630, 1553274900),
(803, 0, 16, 3994.1887, 3994.2285, 1553275200),
(804, 0, 17, 3993.8306, 3993.9292, 1553275500),
(805, 0, 18, 3994.7861, 3994.8545, 1553275800),
(806, 0, 19, 3992.0105, 3992.0710, 1553276100),
(807, 0, 20, 3995.0818, 3995.1611, 1553276400),
(808, 0, 21, 3999.2773, 3999.2820, 1553276700),
(809, 0, 22, 3996.5940, 3996.6667, 1553277000),
(810, 0, 23, 3997.7925, 3997.8137, 1553277300),
(811, 0, 24, 3996.9902, 3997.0156, 1553277600),
(812, 0, 25, 3998.6726, 3998.6934, 1553277900),
(813, 0, 26, 3998.2432, 3998.3025, 1553278200),
(814, 0, 27, 3996.5857, 3996.6455, 1553278500),
(815, 1, 28, 3994.5957, 3994.5144, 1553278800),
(816, 0, 29, 3995.4221, 3995.5024, 1553279100),
(817, 0, 30, 3996.6699, 3996.6748, 1553279400),
(818, 1, 31, 3997.9792, 3997.9072, 1553279700),
(819, 0, 32, 3995.5977, 3995.6885, 1553280000),
(820, 0, 33, 3997.0959, 3997.1074, 1553280300),
(821, 0, 34, 3996.5300, 3996.6272, 1553280600),
(822, 0, 35, 3997.3110, 3997.3667, 1553280900),
(823, 0, 36, 3997.0525, 3997.0630, 1553281200),
(824, 0, 37, 3996.9316, 3997.0100, 1553281500),
(825, 0, 38, 3996.6731, 3996.6787, 1553281800),
(826, 0, 39, 3997.2893, 3997.3240, 1553282100),
(827, 0, 40, 3997.5945, 3997.6313, 1553282400),
(828, 0, 41, 3996.3899, 3996.4104, 1553282700),
(829, 0, 42, 3996.3181, 3996.3545, 1553283000),
(830, 0, 43, 3995.7986, 3995.8291, 1553283300),
(831, 0, 44, 3994.7351, 3994.7781, 1553283600),
(832, 0, 45, 3994.1001, 3994.1294, 1553283900),
(833, 0, 46, 3995.5833, 3995.6243, 1553284200),
(834, 0, 47, 3996.8838, 3996.9070, 1553284500),
(835, 0, 48, 3997.0356, 3997.0925, 1553284800),
(836, 0, 49, 3994.9102, 3994.9485, 1553285100),
(837, 0, 50, 3994.7920, 3994.8306, 1553285400),
(838, 0, 51, 3992.8098, 3992.8237, 1553285700),
(839, 0, 52, 3992.0317, 3992.0813, 1553286000),
(840, 0, 53, 3992.2400, 3992.2559, 1553286300),
(841, 0, 54, 3992.4731, 3992.5598, 1553286600),
(842, 0, 55, 3989.9429, 3989.9756, 1553286900),
(843, 0, 56, 3986.9702, 3986.9822, 1553287200),
(844, 0, 57, 3990.5913, 3990.5984, 1553287500),
(845, 0, 58, 3989.6626, 3989.7517, 1553287800),
(846, 0, 59, 3985.3635, 3985.4089, 1553288100),
(847, 0, 60, 3985.7275, 3985.7676, 1553288400),
(848, 0, 61, 3989.4841, 3989.5398, 1553288700),
(849, 0, 62, 3990.5215, 3990.6118, 1553289000),
(850, 0, 63, 3991.1929, 3991.2329, 1553289300),
(851, 0, 64, 3990.4241, 3990.4539, 1553289600),
(852, 0, 65, 3990.5405, 3990.5938, 1553289900),
(853, 0, 66, 3991.7151, 3991.8035, 1553290200),
(854, 0, 67, 3989.7720, 3989.8484, 1553290500),
(855, 0, 68, 3988.6536, 3988.6841, 1553290800),
(856, 1, 69, 3988.5430, 3988.4495, 1553291100),
(857, 0, 70, 3987.3098, 3987.4060, 1553291400),
(858, 0, 71, 3988.6448, 3988.6450, 1553291700),
(859, 0, 72, 3989.3955, 3989.4946, 1553292000),
(860, 0, 73, 3991.1465, 3991.2190, 1553292300),
(861, 0, 74, 3991.5034, 3991.6035, 1553292600),
(862, 0, 75, 3989.4407, 3989.5222, 1553292900),
(863, 0, 76, 3990.1414, 3990.2385, 1553293200),
(864, 0, 77, 3987.4641, 3987.5312, 1553293500),
(865, 0, 78, 3988.7341, 3988.8291, 1553293800),
(866, 0, 79, 3988.5066, 3988.5496, 1553294100),
(867, 0, 80, 3988.9800, 3989.0103, 1553294400),
(868, 0, 81, 3988.6277, 3988.6411, 1553294700),
(869, 0, 82, 3992.3579, 3992.4104, 1553295000),
(870, 1, 83, 3991.5515, 3991.5129, 1553295300),
(871, 0, 84, 3992.1592, 3992.1726, 1553295600),
(872, 0, 85, 3990.7222, 3990.7310, 1553295900),
(873, 0, 86, 3991.0491, 3991.0791, 1553296200),
(874, 0, 87, 3993.8899, 3993.9165, 1553296500),
(875, 0, 88, 3992.4285, 3992.5063, 1553296800),
(876, 0, 89, 3990.9297, 3990.9551, 1553297100),
(877, 0, 90, 3991.7141, 3991.8040, 1553297400),
(878, 0, 91, 3988.5957, 3988.5962, 1553297700),
(879, 0, 92, 3989.9316, 3989.9607, 1553298000),
(880, 1, 93, 3990.0691, 3990.0569, 1553298300),
(881, 0, 94, 3991.0601, 3991.1333, 1553298600),
(882, 0, 95, 3989.2617, 3989.3457, 1553298900),
(883, 0, 96, 3987.2358, 3987.2444, 1553299200),
(884, 0, 97, 3987.1082, 3987.1726, 1553299500),
(885, 0, 98, 3987.4170, 3987.4741, 1553299800),
(886, 0, 99, 3987.0142, 3987.0435, 1553300100),
(887, 0, 100, 3985.5068, 3985.5918, 1553300400),
(888, 0, 101, 3984.4436, 3984.4634, 1553300700),
(889, 0, 102, 3981.1260, 3981.2222, 1553301000),
(890, 0, 103, 3985.5464, 3985.5662, 1553301300),
(891, 0, 104, 3985.7808, 3985.8533, 1553301600),
(892, 0, 105, 3984.2837, 3984.3064, 1553301900),
(893, 0, 106, 3982.0200, 3982.0930, 1553302200),
(894, 0, 107, 3983.3921, 3983.4683, 1553302500),
(895, 0, 108, 3983.8088, 3983.8955, 1553302800),
(896, 0, 109, 3983.9734, 3984.0732, 1553303100),
(897, 0, 110, 3984.4817, 3984.5444, 1553303400),
(898, 0, 111, 3985.4800, 3985.5293, 1553303700),
(899, 0, 112, 3986.1323, 3986.2073, 1553304000),
(900, 0, 113, 3986.5002, 3986.5488, 1553304300),
(901, 0, 114, 3988.1726, 3988.2029, 1553304600),
(902, 0, 115, 3988.0764, 3988.0879, 1553304900),
(903, 0, 116, 3987.9563, 3988.0066, 1553305200),
(904, 0, 117, 3988.9600, 3988.9602, 1553305500),
(905, 0, 118, 3988.9375, 3988.9978, 1553305800),
(906, 0, 119, 3989.9453, 3989.9902, 1553306100),
(907, 0, 120, 3988.7239, 3988.7837, 1553306400),
(908, 0, 121, 3986.9309, 3986.9619, 1553306700),
(909, 0, 122, 3988.0813, 3988.1458, 1553307000),
(910, 0, 123, 3989.1479, 3989.1924, 1553307300),
(911, 0, 124, 3995.7339, 3995.8196, 1553307600),
(912, 0, 125, 3994.7063, 3994.7688, 1553307900),
(913, 0, 126, 4000.0176, 4000.0581, 1553308200),
(914, 0, 127, 3998.4395, 3998.4963, 1553308500),
(915, 1, 128, 4001.6104, 4001.5728, 1553308800),
(916, 0, 129, 3997.2546, 3997.3296, 1553309100),
(917, 0, 130, 4002.5457, 4002.5530, 1553309400),
(918, 0, 131, 4003.0330, 4003.0940, 1553309700),
(919, 0, 132, 4001.5251, 4001.5979, 1553310000),
(920, 0, 133, 4000.2271, 4000.2754, 1553310300),
(921, 0, 134, 4001.9253, 4001.9717, 1553310600),
(922, 0, 135, 3999.1460, 3999.1946, 1553310900),
(923, 0, 136, 4001.2163, 4001.2397, 1553311200),
(924, 0, 137, 4002.7393, 4002.8225, 1553311500),
(925, 0, 138, 4000.9604, 4001.0188, 1553311800),
(926, 0, 139, 4001.6919, 4001.7314, 1553312100),
(927, 0, 140, 4001.2837, 4001.3411, 1553312400),
(928, 0, 141, 4001.2568, 4001.3020, 1553312700),
(929, 0, 142, 4001.8081, 4001.8232, 1553313000),
(930, 0, 143, 4002.5083, 4002.5652, 1553313300),
(931, 0, 144, 4004.9324, 4004.9980, 1553313600),
(932, 0, 145, 4001.9312, 4002.0171, 1553313900),
(933, 0, 146, 4000.9436, 4001.0078, 1553314200),
(934, 0, 147, 4002.7976, 4002.8428, 1553314500),
(935, 0, 148, 4003.1858, 4003.1885, 1553314800),
(936, 0, 149, 4003.3916, 4003.4253, 1553315100),
(937, 0, 150, 4000.2834, 4000.3833, 1553315400),
(938, 0, 151, 3999.9397, 3999.9788, 1553315700),
(939, 0, 152, 3998.8228, 3998.8506, 1553316000),
(940, 0, 153, 3997.9690, 3998.0132, 1553316300),
(941, 0, 154, 3997.6587, 3997.6816, 1553316600),
(942, 1, 155, 3997.2087, 3997.1399, 1553316900),
(943, 0, 156, 3995.6262, 3995.6626, 1553317200),
(944, 1, 157, 3998.9937, 3998.9526, 1553317500),
(945, 0, 158, 4000.5435, 4000.5447, 1553317800),
(946, 1, 159, 3998.0200, 3997.9390, 1553318100),
(947, 0, 160, 4000.3848, 4000.4705, 1553318400),
(948, 1, 161, 3998.5940, 3998.5847, 1553318700),
(949, 0, 162, 3998.2178, 3998.2397, 1553319000),
(950, 0, 163, 4000.4946, 4000.4961, 1553319300),
(951, 0, 164, 4000.2493, 4000.3071, 1553319600),
(952, 0, 165, 3999.9573, 4000.0112, 1553319900),
(953, 0, 166, 4002.5710, 4002.5942, 1553320200),
(954, 0, 167, 4001.0750, 4001.0762, 1553320500),
(955, 0, 168, 4001.9722, 4002.0291, 1553320800),
(956, 0, 169, 4002.6179, 4002.6409, 1553321100),
(957, 0, 170, 4004.5171, 4004.6028, 1553321400),
(958, 0, 171, 4010.9954, 4011.0532, 1553321700),
(959, 0, 172, 4012.9094, 4012.9351, 1553322000),
(960, 0, 173, 4009.1541, 4009.2507, 1553322300),
(961, 0, 174, 4010.7866, 4010.7966, 1553322600),
(962, 0, 175, 4010.9734, 4011.0706, 1553322900),
(963, 0, 176, 4013.0332, 4013.0730, 1553323200),
(964, 0, 177, 4013.7283, 4013.7480, 1553323500),
(965, 0, 178, 4014.0164, 4014.0332, 1553323800),
(966, 0, 179, 4014.9016, 4014.9412, 1553324100),
(967, 0, 180, 4017.0750, 4017.0896, 1553324400),
(968, 0, 181, 4014.8882, 4014.9780, 1553324700),
(969, 0, 182, 4011.0581, 4011.0938, 1553325000),
(970, 0, 183, 4009.9197, 4010.0083, 1553325300),
(971, 0, 184, 4012.1682, 4012.1875, 1553325600),
(972, 0, 185, 4012.1108, 4012.2051, 1553325900),
(973, 0, 186, 4012.1152, 4012.1599, 1553326200),
(974, 0, 187, 4014.5967, 4014.6194, 1553326500),
(975, 0, 188, 4015.4482, 4015.5205, 1553326800),
(976, 0, 189, 4015.3799, 4015.4124, 1553327100),
(977, 0, 190, 4015.1926, 4015.2183, 1553327400),
(978, 1, 191, 4006.7639, 4006.6836, 1553327700),
(979, 1, 192, 4005.2993, 4005.2925, 1553328000),
(980, 0, 193, 4004.6577, 4004.7141, 1553328300),
(981, 0, 194, 4004.1245, 4004.1946, 1553328600),
(982, 1, 195, 4003.3340, 4003.2881, 1553328900),
(983, 1, 196, 4004.6997, 4004.6248, 1553329200),
(984, 1, 197, 4007.0830, 4007.0686, 1553329500),
(985, 1, 198, 4007.9314, 4007.8687, 1553329800),
(986, 1, 199, 4008.1011, 4008.0935, 1553330100),
(987, 1, 200, 4010.3110, 4010.2937, 1553330400),
(988, 0, 201, 4014.3511, 4014.3987, 1553330700),
(989, 0, 202, 4011.9614, 4011.9773, 1553331000),
(990, 0, 203, 4014.1499, 4014.2209, 1553331300),
(991, 0, 204, 4014.3674, 4014.3945, 1553331600),
(992, 0, 205, 4009.2000, 4009.2852, 1553331900),
(993, 0, 206, 4009.3030, 4009.3464, 1553332200),
(994, 0, 207, 4008.6433, 4008.7351, 1553332500),
(995, 0, 208, 4008.8354, 4008.8369, 1553332800),
(996, 0, 209, 4008.8762, 4008.9290, 1553333100),
(997, 0, 210, 4008.7834, 4008.8198, 1553333400),
(998, 0, 211, 4011.4839, 4011.5032, 1553333700),
(999, 0, 212, 4009.9749, 4010.0635, 1553334000),
(1000, 0, 213, 4005.4248, 4005.4460, 1553334300),
(1001, 0, 214, 4005.4729, 4005.5366, 1553334600),
(1002, 0, 215, 4005.4336, 4005.4448, 1553334900),
(1003, 0, 216, 4006.2844, 4006.3230, 1553335200),
(1004, 0, 217, 4006.7915, 4006.8718, 1553335500),
(1005, 0, 218, 4006.5952, 4006.6470, 1553335800),
(1006, 0, 219, 4010.3589, 4010.4458, 1553336100),
(1007, 0, 220, 3999.0342, 3999.0627, 1553336400),
(1008, 0, 221, 3995.5393, 3995.5408, 1553336700),
(1009, 0, 222, 3996.9138, 3996.9580, 1553337000),
(1010, 0, 223, 3992.9895, 3993.0598, 1553337300),
(1011, 0, 224, 3991.2212, 3991.2290, 1553337600),
(1012, 0, 225, 3995.9873, 3995.9924, 1553337900),
(1013, 0, 226, 3987.6250, 3987.7126, 1553338200),
(1014, 1, 227, 3993.9612, 3993.9097, 1553338500),
(1015, 0, 228, 3995.5002, 3995.5410, 1553338800),
(1016, 0, 229, 3996.9983, 3997.0974, 1553339100),
(1017, 0, 230, 3994.0125, 3994.0520, 1553339400),
(1018, 0, 231, 3992.4280, 3992.4431, 1553339700),
(1019, 0, 232, 3993.9187, 3994.0085, 1553340000),
(1020, 0, 233, 3994.2341, 3994.2568, 1553340300),
(1021, 0, 234, 3997.2126, 3997.2468, 1553340600),
(1022, 0, 235, 3996.1353, 3996.2288, 1553340900),
(1023, 0, 236, 3996.7788, 3996.8662, 1553341200),
(1024, 0, 237, 3996.6970, 3996.7107, 1553341500),
(1025, 0, 238, 3997.5298, 3997.5830, 1553341800),
(1026, 0, 239, 3997.9692, 3998.0471, 1553342100),
(1027, 0, 240, 4001.2429, 4001.3154, 1553342400),
(1028, 0, 241, 4001.3650, 4001.3977, 1553342700),
(1029, 0, 242, 4002.3984, 4002.4795, 1553343000),
(1030, 0, 243, 4003.9485, 4003.9531, 1553343300),
(1031, 0, 244, 4002.9905, 4003.0898, 1553343600),
(1032, 0, 245, 4003.0984, 4003.1406, 1553343900),
(1033, 0, 246, 4000.0854, 4000.1819, 1553344200),
(1034, 0, 247, 3998.5046, 3998.5869, 1553344500),
(1035, 0, 248, 3995.2271, 3995.2285, 1553344800),
(1036, 0, 249, 3998.9575, 3998.9780, 1553345100),
(1037, 0, 250, 3994.9629, 3995.0366, 1553345400),
(1038, 0, 251, 3993.6672, 3993.7312, 1553345700),
(1039, 1, 252, 3990.2722, 3990.2417, 1553346000),
(1040, 1, 253, 3988.9282, 3988.9048, 1553346300),
(1041, 1, 254, 3991.7170, 3991.6399, 1553346600),
(1042, 0, 255, 3988.8208, 3988.8799, 1553346900),
(1043, 1, 256, 3985.8816, 3985.8088, 1553347200),
(1044, 1, 257, 3984.6855, 3984.6318, 1553347500),
(1045, 1, 258, 3988.2908, 3988.2532, 1553347800),
(1046, 1, 259, 3993.1345, 3993.1321, 1553348100),
(1047, 1, 260, 3991.1282, 3991.0962, 1553348400),
(1048, 0, 261, 3986.8271, 3986.8970, 1553348700),
(1049, 0, 262, 3990.5771, 3990.5808, 1553349000),
(1050, 0, 263, 3989.7361, 3989.7559, 1553349300),
(1051, 1, 264, 3990.4153, 3990.3430, 1553349600),
(1052, 1, 265, 3990.3120, 3990.2778, 1553349900),
(1053, 0, 266, 3989.5583, 3989.6204, 1553350200),
(1054, 0, 267, 3986.9331, 3986.9480, 1553350500),
(1055, 1, 268, 3986.7683, 3986.7114, 1553350800),
(1056, 1, 269, 3984.8269, 3984.8003, 1553351100),
(1057, 1, 270, 3987.0466, 3986.9707, 1553351400),
(1058, 1, 271, 3985.1692, 3985.0859, 1553351700),
(1059, 1, 272, 3985.8701, 3985.7881, 1553352000),
(1060, 1, 273, 3986.8467, 3986.7744, 1553352300),
(1061, 1, 274, 3988.6875, 3988.6045, 1553352600),
(1062, 1, 275, 3987.9973, 3987.9619, 1553352900),
(1063, 1, 276, 3989.6528, 3989.6023, 1553353200),
(1064, 1, 277, 3990.1282, 3990.1045, 1553353500),
(1065, 1, 278, 3989.6677, 3989.5874, 1553353800),
(1066, 1, 279, 3989.8582, 3989.7986, 1553354100),
(1067, 1, 280, 3991.2720, 3991.2651, 1553354400),
(1068, 1, 281, 3991.0000, 3990.9734, 1553354700),
(1069, 1, 282, 3991.2991, 3991.2009, 1553355000),
(1070, 1, 283, 3991.1975, 3991.1848, 1553355300),
(1071, 1, 284, 3992.2727, 3992.2080, 1553355600),
(1072, 1, 285, 3992.7483, 3992.7317, 1553355900),
(1073, 1, 286, 3998.2146, 3998.1589, 1553356200),
(1074, 1, 287, 3997.1748, 3997.0852, 1553356500),
(1075, 1, 288, 4000.0115, 4000.0012, 1553356800),
(1076, 1, 288, 4000.0115, 3999.9556, 1553356800),
(1077, 1, 288, 4000.0115, 3999.9736, 1553356801),
(1078, 1, 1, 3994.6064, 3994.5437, 1553357100),
(1079, 0, 2, 3992.2808, 3992.3074, 1553357400),
(1080, 1, 3, 3993.9143, 3993.8816, 1553357700),
(1081, 0, 4, 3995.4109, 3995.4307, 1553358000),
(1082, 1, 5, 3996.6191, 3996.5825, 1553358300),
(1083, 0, 6, 3993.0115, 3993.0657, 1553358600),
(1084, 1, 7, 3992.4626, 3992.4531, 1553358900),
(1085, 0, 8, 3992.2942, 3992.3308, 1553359200),
(1086, 1, 9, 3993.7681, 3993.6814, 1553359500),
(1087, 1, 10, 3993.3806, 3993.3599, 1553359800),
(1088, 0, 11, 3993.3794, 3993.4685, 1553360100),
(1089, 1, 12, 3991.8086, 3991.7263, 1553360400),
(1090, 1, 13, 3991.4585, 3991.4570, 1553360700),
(1091, 1, 14, 3995.0437, 3995.0347, 1553361000),
(1092, 0, 15, 3995.2244, 3995.2449, 1553361300),
(1093, 0, 16, 3994.8855, 3994.9785, 1553361600),
(1094, 0, 17, 3993.1072, 3993.1646, 1553361900),
(1095, 0, 18, 3991.5579, 3991.5796, 1553362200),
(1096, 0, 19, 3991.1760, 3991.2144, 1553362500),
(1097, 0, 20, 3991.8896, 3991.9072, 1553362800),
(1098, 0, 21, 3992.3687, 3992.3716, 1553363100),
(1099, 0, 22, 3992.3926, 3992.4900, 1553363400),
(1100, 0, 23, 3990.5049, 3990.5784, 1553363700),
(1101, 0, 24, 0.0480, 0.1344, 1553364000),
(1102, 0, 25, 3990.0227, 3990.1123, 1553364300),
(1103, 0, 26, 3989.9868, 3990.0857, 1553364600),
(1104, 0, 27, 3990.8406, 3990.8667, 1553364900),
(1105, 1, 28, 3989.8630, 3989.8015, 1553365200);
INSERT INTO `btc_w_openlog` (`id`, `last_direction`, `number`, `execute_price`, `last_price`, `create_time`) VALUES
(1106, 0, 29, 3990.3113, 3990.3162, 1553365500),
(1107, 0, 30, 3990.1753, 3990.2454, 1553365800),
(1108, 1, 31, 3990.2661, 3990.2412, 1553366100),
(1109, 0, 32, 3990.2593, 3990.3188, 1553366400),
(1110, 0, 33, 3991.4583, 3991.5552, 1553366700),
(1111, 0, 34, 3990.9675, 3991.0186, 1553367000),
(1112, 0, 35, 3992.5710, 3992.6252, 1553367300),
(1113, 0, 36, 3993.4768, 3993.4778, 1553367600),
(1114, 0, 37, 3993.2439, 3993.2788, 1553367900),
(1115, 0, 38, 3994.6172, 3994.7158, 1553368200),
(1116, 0, 39, 3994.8184, 3994.8225, 1553368500),
(1117, 0, 40, 3993.0532, 3993.0920, 1553368800),
(1118, 0, 41, 3994.0647, 3994.1167, 1553369100),
(1119, 0, 42, 3992.8513, 3992.8572, 1553369400),
(1120, 0, 43, 3994.5017, 3994.5825, 1553369700),
(1121, 0, 44, 3995.2241, 3995.2466, 1553370000),
(1122, 0, 45, 3995.6074, 3995.6748, 1553370300),
(1123, 0, 46, 3993.8821, 3993.9265, 1553370600),
(1124, 0, 48, 3991.8550, 3991.8608, 1553371200),
(1125, 0, 49, 3990.3142, 3990.3916, 1553371500),
(1126, 0, 51, 3993.2217, 3993.2537, 1553372100),
(1127, 0, 52, 3991.0437, 3991.0820, 1553372400),
(1128, 0, 53, 3993.0830, 3993.1101, 1553372700),
(1129, 0, 54, 3992.0605, 3992.0764, 1553373000),
(1130, 0, 55, 3990.0464, 3990.1011, 1553373300),
(1131, 0, 56, 3990.1785, 3990.2446, 1553373600),
(1132, 0, 57, 3990.1499, 3990.1904, 1553373900),
(1133, 0, 58, 3990.1748, 3990.1824, 1553374200),
(1134, 0, 59, 3990.5237, 3990.5903, 1553374500),
(1135, 0, 60, 3991.2031, 3991.2725, 1553374800),
(1136, 0, 61, 3991.8203, 3991.8999, 1553375100),
(1137, 0, 62, 3993.0071, 3993.0464, 1553375400),
(1138, 0, 63, 3994.0337, 3994.0518, 1553375700),
(1139, 0, 64, 3994.8350, 3994.9072, 1553376000),
(1140, 0, 65, 0.0922, 0.1069, 1553376300),
(1141, 0, 66, 0.0617, 0.1453, 1553376600),
(1142, 0, 67, 3996.9209, 3996.9238, 1553376900),
(1143, 0, 68, 3995.7468, 3995.7493, 1553377200),
(1144, 1, 69, 3996.4202, 3996.3752, 1553377500),
(1145, 0, 70, 3996.4097, 3996.4106, 1553377800),
(1146, 0, 71, -0.0107, 0.0323, 1553378100),
(1147, 0, 72, 0.0216, 0.0594, 1553378400),
(1148, 0, 73, 0.0927, 0.1851, 1553378700),
(1149, 0, 74, 3997.3647, 3997.4375, 1553379000),
(1150, 0, 75, 3998.7483, 3998.8013, 1553379300),
(1151, 0, 76, 3999.4199, 3999.5005, 1553379600),
(1152, 0, 77, 0.0867, 0.1233, 1553379900),
(1153, 0, 78, 3998.6160, 3998.6975, 1553380200),
(1154, 0, 79, 3995.7417, 3995.7998, 1553380500),
(1155, 0, 80, 3998.8467, 3998.8523, 1553380800),
(1156, 0, 81, 3997.9578, 3997.9590, 1553381100),
(1157, 0, 82, 3995.8564, 3995.9099, 1553381400),
(1158, 1, 83, 3995.8496, 3995.7891, 1553381700),
(1159, 0, 84, 3996.1230, 3996.2058, 1553382000),
(1160, 0, 85, -0.0865, 0.0088, 1553382300),
(1161, 0, 86, 3998.6433, 3998.7087, 1553382600),
(1162, 0, 87, 4002.4568, 4002.4663, 1553382900),
(1163, 0, 88, -0.0382, 0.0428, 1553383200),
(1164, 0, 89, 4000.5427, 4000.5676, 1553383500),
(1165, 0, 90, 3999.5652, 3999.5808, 1553383800),
(1166, 0, 91, 4002.1750, 4002.2710, 1553384100),
(1167, 0, 92, 4002.7195, 4002.7766, 1553384400),
(1168, 1, 93, 4003.6021, 4003.5508, 1553384700),
(1169, 0, 94, 4003.1570, 4003.2139, 1553385000),
(1170, 0, 95, 4006.7756, 4006.8696, 1553385300),
(1171, 0, 96, 4005.4805, 4005.5078, 1553385600),
(1172, 0, 97, 4000.5549, 4000.6399, 1553385900),
(1173, 0, 98, -0.0658, 0.0091, 1553386200),
(1174, 0, 99, 4001.9165, 4002.0056, 1553386500),
(1175, 0, 100, 4001.5652, 4001.6626, 1553386800),
(1176, 0, 101, -0.0061, 0.0288, 1553387100),
(1177, 0, 102, 4000.4021, 4000.4929, 1553387400),
(1178, 0, 103, 4000.5083, 4000.5469, 1553387700),
(1179, 0, 104, 3998.1250, 3998.1697, 1553388000),
(1180, 0, 105, 3999.7590, 3999.8442, 1553388300),
(1181, 0, 106, 4000.1543, 4000.2075, 1553388600),
(1182, 0, 107, 0.0055, 0.0486, 1553388900),
(1183, 0, 108, 4000.8174, 4000.8445, 1553389200),
(1184, 0, 109, 4000.5393, 4000.6267, 1553389500),
(1185, 0, 110, 3999.2068, 3999.2588, 1553389800),
(1186, 0, 111, 0.0764, 0.1300, 1553390100),
(1187, 0, 112, 3996.1245, 3996.1433, 1553390400),
(1188, 0, 113, 3997.5222, 3997.5696, 1553390700),
(1189, 0, 114, -0.0423, 0.0019, 1553391000),
(1190, 0, 115, -0.0509, -0.0387, 1553391300),
(1191, 0, 116, 3997.3767, 3997.3848, 1553391600),
(1192, 0, 117, 3996.0701, 3996.1228, 1553391900),
(1193, 0, 118, 3996.9827, 3997.0823, 1553392200),
(1194, 0, 119, 0.0355, 0.0515, 1553392500),
(1195, 0, 120, 3995.7961, 3995.8296, 1553392800),
(1196, 0, 121, 3997.9614, 3997.9658, 1553393100),
(1197, 0, 122, -0.0229, 0.0734, 1553393400),
(1198, 0, 123, 3995.4419, 3995.5300, 1553393700),
(1199, 0, 124, 3995.4807, 3995.5588, 1553394000),
(1200, 0, 125, 0.0659, 0.1017, 1553394300),
(1201, 0, 126, 3993.4626, 3993.5566, 1553394600),
(1202, 0, 127, 3991.6333, 3991.7244, 1553394900),
(1203, 1, 128, 0.0029, -0.0480, 1553395200),
(1204, 0, 129, 3987.6980, 3987.7517, 1553395500),
(1205, 0, 130, 3991.2991, 3991.3779, 1553395800),
(1206, 0, 131, 3987.4387, 3987.5068, 1553396100),
(1207, 0, 132, -0.0337, 0.0231, 1553396400),
(1208, 0, 133, 3983.1306, 3983.1599, 1553396700),
(1209, 0, 134, 3984.8894, 3984.9819, 1553397000),
(1210, 0, 135, 3986.9697, 3987.0344, 1553397300),
(1211, 0, 136, 0.0142, 0.0414, 1553397600),
(1212, 0, 137, 3986.8923, 3986.9807, 1553397900),
(1213, 0, 138, -0.0912, -0.0174, 1553398200),
(1214, 0, 139, 3986.1167, 3986.1895, 1553398500),
(1215, 0, 140, 3985.5601, 3985.6057, 1553398800),
(1216, 0, 141, 0.0940, 0.1246, 1553399100),
(1217, 0, 142, 3989.7258, 3989.7349, 1553399400),
(1218, 0, 143, 3989.4421, 3989.4749, 1553399700),
(1219, 0, 144, 3987.5369, 3987.5693, 1553400000),
(1220, 0, 145, 3990.2695, 3990.3477, 1553400300),
(1221, 0, 146, 3991.1687, 3991.2300, 1553400600),
(1222, 0, 147, 3990.3020, 3990.3164, 1553400900),
(1223, 0, 148, 3991.0652, 3991.1616, 1553401200),
(1224, 0, 149, 0.0291, 0.1153, 1553401500),
(1225, 0, 150, 3990.9871, 3991.0542, 1553401800),
(1226, 0, 151, 3989.9863, 3990.0552, 1553402100),
(1227, 0, 152, 0.0675, 0.1496, 1553402400),
(1228, 0, 153, 3990.4607, 3990.4951, 1553402700),
(1229, 0, 154, 3990.7109, 3990.8103, 1553403000),
(1230, 1, 155, 0.0954, 0.0580, 1553403300),
(1231, 0, 156, 0.0527, 0.1325, 1553403600),
(1232, 1, 157, 3988.3804, 3988.3406, 1553403900),
(1233, 0, 158, 3989.9895, 3990.0557, 1553404200),
(1234, 1, 159, 3989.0088, 3988.9727, 1553404500),
(1235, 0, 160, 0.0253, 0.0679, 1553404800),
(1236, 1, 161, 3987.4912, 3987.4736, 1553405100),
(1237, 0, 162, 3987.3037, 3987.3606, 1553405400),
(1238, 0, 163, 3987.9028, 3987.9888, 1553405700),
(1239, 0, 164, 3987.8789, 3987.9248, 1553406000),
(1240, 0, 165, 3986.4866, 3986.5642, 1553406300),
(1241, 0, 166, 3985.8916, 3985.9639, 1553406600),
(1242, 0, 167, 3982.1389, 3982.2068, 1553406900),
(1243, 0, 168, 3984.0212, 3984.1194, 1553407200),
(1244, 0, 169, 3981.0171, 3981.0215, 1553407500),
(1245, 0, 170, 3983.3611, 3983.4097, 1553407800),
(1246, 0, 171, 3983.9375, 3984.0042, 1553408100),
(1247, 0, 172, 3983.2322, 3983.2517, 1553408400),
(1248, 0, 173, 3981.8455, 3981.9443, 1553408700),
(1249, 0, 174, 3984.0029, 3984.1001, 1553409000),
(1250, 0, 175, 3988.7539, 3988.7939, 1553409300),
(1251, 0, 176, 3985.2085, 3985.2156, 1553409600),
(1252, 0, 177, 3984.8264, 3984.8599, 1553409900),
(1253, 0, 178, 3982.7971, 3982.8252, 1553410200),
(1254, 0, 179, 3986.1873, 3986.1880, 1553410500),
(1255, 0, 180, 0.0527, 0.0969, 1553410800),
(1256, 0, 181, 3982.2805, 3982.2908, 1553411100),
(1257, 0, 182, 3986.0492, 3986.1406, 1553411400),
(1258, 0, 183, 3983.4620, 3983.5016, 1553411700),
(1259, 0, 184, 3983.0878, 3983.1088, 1553412000),
(1260, 0, 185, 3982.4986, 3982.5705, 1553412300),
(1261, 0, 186, 0.0981, 0.1836, 1553412600),
(1262, 0, 187, 3983.0062, 3983.0554, 1553412900),
(1263, 0, 187, 3983.1219, 3983.1435, 1553412900),
(1264, 0, 188, 3980.2169, 3980.2923, 1553413200),
(1265, 0, 189, -0.0128, 0.0649, 1553413500),
(1266, 0, 190, 3975.3754, 3975.4504, 1553413800),
(1267, 1, 191, 3979.8282, 3979.8051, 1553414100),
(1268, 1, 192, 0.0165, -0.0785, 1553414400),
(1269, 0, 193, 3982.9572, 3982.9967, 1553414700),
(1270, 0, 194, 3984.0373, 3984.1257, 1553415000),
(1271, 1, 195, 3982.8907, 3982.8431, 1553415300),
(1272, 1, 196, 3983.6055, 3983.5566, 1553415600),
(1273, 1, 196, 3983.7521, 3983.7278, 1553415600),
(1274, 1, 197, 3983.5876, 3983.5111, 1553415900),
(1275, 1, 198, -0.0022, -0.0744, 1553416200),
(1276, 1, 199, 3981.0517, 3980.9995, 1553416500),
(1279, 0, 201, 3982.3462, 3982.3673, 1553417100),
(1278, 1, 200, 3980.9727, 3980.9694, 1553416800),
(1413, 0, 210, 3992.8890, 3992.9315, 1553419800),
(1281, 0, 202, 3983.1977, 3983.2661, 1553417400),
(1324, 0, 203, 3984.0094, 3984.0729, 1553417700),
(1415, 0, 212, 3999.5083, 3999.5982, 1553420400),
(1414, 0, 211, 3994.9474, 3995.0058, 1553420100),
(1416, 0, 213, 3993.1592, 3993.2168, 1553420700),
(1418, 0, 220, 3997.0634, 3997.0769, 1553422800),
(1417, 0, 214, 3998.0344, 3998.0580, 1553421000),
(1419, 0, 221, 3998.0495, 3998.1463, 1553423100),
(1420, 0, 222, 3997.7832, 3997.8248, 1553423400),
(1421, 0, 223, 3994.9651, 3995.0370, 1553423700),
(1422, 0, 224, 3995.6049, 3995.6953, 1553424000),
(1425, 0, 228, 3997.8842, 3997.9432, 1553425200),
(1423, 0, 225, 3995.4976, 3995.5400, 1553424300),
(1424, 1, 227, 3996.5150, 3996.4831, 1553424900),
(1426, 0, 231, 3999.8461, 3999.8603, 1553426100),
(1428, 0, 234, 3993.8725, 3993.8796, 1553427000),
(1427, 0, 233, 3995.2087, 3995.2538, 1553426700),
(1429, 0, 235, 3993.7887, 3993.8483, 1553427300),
(1342, 0, 204, 3984.5346, 3984.6169, 1553418012),
(1430, 0, 236, 3994.1520, 3994.1855, 1553427600),
(1431, 0, 237, 3991.8157, 3991.9013, 1553427900),
(1434, 0, 240, 3991.9422, 3991.9825, 1553428800),
(1432, 0, 238, 3992.8619, 3992.9389, 1553428200),
(1433, 0, 239, 3992.5252, 3992.5646, 1553428500),
(1435, 0, 241, 3990.8491, 3990.9244, 1553429100),
(1436, 0, 242, 3990.5926, 3990.6698, 1553429400),
(1437, 0, 243, 3987.2048, 3987.2564, 1553429700),
(1438, 0, 244, 3985.8340, 3985.9256, 1553430000),
(1439, 0, 245, 3985.4388, 3985.4965, 1553430300),
(1440, 0, 246, 3986.2971, 3986.3876, 1553430600),
(1441, 0, 247, 3987.6918, 3987.7394, 1553430900),
(1442, 0, 248, 3987.1451, 3987.1817, 1553431200),
(1444, 0, 250, 3990.3309, 3990.3734, 1553431800),
(1443, 0, 249, 3988.5493, 3988.5511, 1553431500),
(1445, 0, 251, 3991.6836, 3991.6884, 1553432100),
(1448, 1, 254, 3993.6973, 3993.6572, 1553433000),
(1446, 1, 252, 3991.3427, 3991.3076, 1553432400),
(1447, 1, 253, 3991.6213, 3991.6093, 1553432700),
(1449, 0, 255, 3992.1356, 3992.1721, 1553433300),
(1450, 1, 256, 3993.8613, 3993.8130, 1553433600),
(1451, 1, 257, 3995.0167, 3994.9337, 1553433900),
(1452, 1, 258, 3994.2130, 3994.1962, 1553434200),
(1454, 1, 260, 3994.5154, 3994.4321, 1553434800),
(1453, 1, 259, 3994.5672, 3994.5159, 1553434500),
(1455, 0, 261, 3993.8890, 3993.8937, 1553435100),
(1457, 0, 263, 3996.7382, 3996.7970, 1553435700),
(1456, 0, 262, 3994.5938, 3994.6569, 1553435400),
(1458, 1, 264, 3995.8651, 3995.8234, 1553436000),
(1459, 1, 265, 3993.9088, 3993.8281, 1553436300),
(1460, 0, 266, 3992.7419, 3992.8144, 1553436600),
(1461, 0, 267, 3992.6565, 3992.7044, 1553436900),
(1463, 1, 269, 3988.2321, 3988.1342, 1553437500),
(1462, 1, 268, 3990.9700, 3990.9408, 1553437200),
(1464, 1, 270, 3987.6135, 3987.5883, 1553437800),
(1465, 1, 271, 3991.6042, 3991.5544, 1553438100),
(1466, 1, 272, 3993.2669, 3993.2386, 1553438400),
(1467, 1, 273, 3991.8783, 3991.8430, 1553438700),
(1468, 1, 274, 3994.4056, 3994.3438, 1553439000),
(1469, 1, 275, 3994.2415, 3994.1964, 1553439300),
(1470, 1, 276, 3993.5057, 3993.4165, 1553439600),
(1471, 1, 277, 3993.9448, 3993.9197, 1553439900),
(1472, 1, 278, 3993.6455, 3993.5943, 1553440200),
(1473, 1, 279, 3994.4831, 3994.3938, 1553440500),
(1474, 1, 280, 3994.1243, 3994.0618, 1553440800),
(1475, 1, 281, 3993.8245, 3993.7767, 1553441100),
(1477, 1, 283, 3992.8422, 3992.7593, 1553441700),
(1476, 1, 282, 3992.3661, 3992.3363, 1553441400),
(1478, 1, 284, 3992.6786, 3992.6460, 1553442000),
(1480, 1, 286, 3991.7893, 3991.7156, 1553442600),
(1479, 1, 285, 3992.7358, 3992.7156, 1553442300),
(1481, 1, 287, 3992.6932, 3992.6900, 1553442900),
(1483, 1, 1, 3991.7667, 3991.6901, 1553443500),
(1482, 1, 288, 3993.0632, 3992.9695, 1553443200),
(1484, 0, 2, 3992.0425, 3992.1070, 1553443800),
(1485, 1, 3, 3987.5645, 3987.4856, 1553444100),
(1486, 0, 4, 3989.9116, 3990.0047, 1553444400),
(1487, 1, 5, 3988.0790, 3987.9906, 1553444700),
(1488, 0, 6, 3988.2114, 3988.2702, 1553445000),
(1489, 1, 7, 3990.8585, 3990.8472, 1553445300),
(1490, 0, 8, 3991.6739, 3991.6769, 1553445600),
(1491, 1, 9, 3994.7957, 3994.7672, 1553445900),
(1492, 1, 10, 3990.1118, 3990.1043, 1553446200),
(1494, 1, 12, 3988.7488, 3988.6980, 1553446800),
(1493, 0, 11, 3991.1276, 3991.1550, 1553446500),
(1495, 1, 13, 3991.1836, 3991.1794, 1553447100),
(1496, 1, 14, 3991.8776, 3991.8103, 1553447400),
(1497, 0, 15, 3991.9543, 3992.0153, 1553447700),
(1410, 0, 205, 3984.8105, 3984.8817, 1553418329),
(1411, 0, 206, 3987.5926, 3987.6733, 1553418600),
(1412, 0, 209, 3989.7531, 3989.7837, 1553419500),
(1498, 0, 16, 3991.1398, 3991.1696, 1553448000),
(1499, 0, 17, 3989.7695, 3989.8398, 1553448300),
(1500, 0, 18, 3990.8230, 3990.8536, 1553448600),
(1501, 0, 19, 3990.7064, 3990.7902, 1553448900),
(1502, 0, 20, 3992.1790, 3992.2495, 1553449200),
(1503, 0, 21, 3988.0180, 3988.0416, 1553449500),
(1504, 0, 22, 3992.6833, 3992.7116, 1553449800),
(1505, 0, 23, 3990.0087, 3990.0399, 1553450100),
(1506, 0, 24, 3989.5623, 3989.6153, 1553450400),
(1507, 0, 25, 3990.0399, 3990.1261, 1553450700),
(1508, 0, 26, 3988.5031, 3988.6028, 1553451000),
(1509, 0, 27, 3987.9512, 3988.0121, 1553451300),
(1510, 1, 28, 3988.2138, 3988.1218, 1553451600),
(1511, 0, 29, 3986.0107, 3986.0338, 1553451900),
(1512, 0, 30, 3988.6862, 3988.7333, 1553452200),
(1513, 1, 31, 3986.2706, 3986.2370, 1553452500),
(1514, 0, 32, 3988.1188, 3988.2053, 1553452800),
(1515, 0, 33, 3985.5317, 3985.6200, 1553453100),
(1516, 0, 34, 3982.4903, 3982.5255, 1553453400),
(1517, 0, 35, 3983.4958, 3983.4975, 1553453700),
(1518, 0, 36, 3984.8353, 3984.8675, 1553454000),
(1519, 0, 37, 3982.1499, 3982.2252, 1553454300),
(1520, 0, 38, 3982.0409, 3982.1408, 1553454600),
(1521, 0, 39, 3982.4588, 3982.4747, 1553454900),
(1522, 0, 40, 3982.1974, 3982.2783, 1553455200),
(1523, 0, 41, 3983.3561, 3983.4438, 1553455500),
(1524, 0, 42, 3983.4836, 3983.5117, 1553455800),
(1525, 0, 43, 3983.3124, 3983.3965, 1553456100),
(1526, 0, 44, 3985.0344, 3985.0864, 1553456400),
(1527, 0, 45, 3985.7444, 3985.8144, 1553456700),
(1528, 0, 46, 3987.7125, 3987.7215, 1553457000),
(1529, 0, 47, 3985.2908, 3985.3681, 1553457300),
(1530, 0, 48, 3984.9140, 3984.9277, 1553457600),
(1531, 0, 49, 3983.8497, 3983.9005, 1553457900),
(1532, 0, 50, 3982.7126, 3982.7186, 1553458200),
(1533, 0, 51, 3982.3123, 3982.3999, 1553458500),
(1534, 0, 52, 3980.9828, 3981.0201, 1553458800),
(1535, 0, 53, 3975.1772, 3975.2659, 1553459100),
(1536, 0, 54, 3969.2060, 3969.2261, 1553459400),
(1537, 0, 55, 3971.8583, 3971.9243, 1553459700),
(1538, 0, 56, 3978.1343, 3978.1759, 1553460000),
(1539, 0, 57, 3981.1309, 3981.2279, 1553460300),
(1540, 0, 58, 3979.0013, 3979.0673, 1553460600),
(1541, 0, 59, 3980.3712, 3980.4673, 1553460900),
(1542, 0, 60, 3981.0166, 3981.0373, 1553461200),
(1543, 0, 61, 3980.2203, 3980.2290, 1553461500),
(1544, 0, 62, 3976.2218, 3976.3004, 1553461800),
(1545, 0, 63, 3976.8528, 3976.9161, 1553462100),
(1546, 0, 64, 3978.9674, 3978.9721, 1553462400),
(1547, 0, 65, 3981.5270, 3981.5843, 1553462700),
(1548, 0, 66, 3983.7979, 3983.8807, 1553463000),
(1549, 0, 67, 3978.0977, 3978.1524, 1553463300),
(1550, 0, 68, 3986.6413, 3986.6930, 1553463600),
(1551, 1, 69, 3984.8550, 3984.8320, 1553463900),
(1552, 0, 70, 3985.4859, 3985.5192, 1553464200),
(1553, 0, 71, 3987.6786, 3987.7740, 1553464500),
(1554, 0, 72, 3985.8711, 3985.9579, 1553464800),
(1555, 0, 73, 3989.0503, 3989.0761, 1553465100),
(1556, 0, 74, 3989.6190, 3989.7073, 1553465400),
(1557, 0, 75, 3991.6531, 3991.6855, 1553465700),
(1558, 0, 76, 3993.6160, 3993.6399, 1553466000),
(1559, 0, 77, 3991.9206, 3992.0118, 1553466300),
(1560, 0, 78, 3990.3391, 3990.3624, 1553466600),
(1561, 0, 79, 3988.8783, 3988.9375, 1553466900),
(1562, 0, 80, 3985.6961, 3985.7248, 1553467200),
(1563, 0, 81, 3989.8560, 3989.8720, 1553467500),
(1564, 0, 82, 3988.9897, 3989.0524, 1553467800),
(1565, 1, 83, 3987.9576, 3987.8898, 1553468100),
(1566, 0, 84, 3986.7920, 3986.8720, 1553468400),
(1567, 0, 85, 3984.9120, 3984.9238, 1553468700),
(1568, 0, 86, 3987.6333, 3987.7210, 1553469000),
(1569, 0, 87, 3990.2619, 3990.3333, 1553469300),
(1570, 0, 88, 3992.0021, 3992.1020, 1553469600),
(1571, 0, 89, 3993.3580, 3993.3984, 1553469900),
(1572, 0, 90, 3992.7858, 3992.8312, 1553470200),
(1573, 0, 91, 3993.9546, 3993.9667, 1553470500),
(1574, 0, 92, 3993.1677, 3993.2223, 1553470800),
(1575, 1, 93, 3993.5924, 3993.5553, 1553471100),
(1576, 0, 94, 3992.8197, 3992.8668, 1553471400),
(1577, 0, 95, 3991.3731, 3991.4294, 1553471700),
(1578, 0, 96, 3990.7003, 3990.7956, 1553472000),
(1579, 0, 97, 3991.7979, 3991.8079, 1553472300),
(1580, 0, 98, 3989.2609, 3989.2866, 1553472600),
(1581, 0, 99, 3988.4863, 3988.5216, 1553472900),
(1582, 0, 100, 3989.1832, 3989.2519, 1553473200),
(1583, 0, 101, 3989.7490, 3989.8446, 1553473500),
(1584, 0, 102, 3989.8567, 3989.8890, 1553473800),
(1585, 0, 103, 3987.4388, 3987.4840, 1553474100),
(1586, 0, 104, 3983.7862, 3983.8226, 1553474400),
(1587, 0, 105, 3986.9044, 3986.9969, 1553474700),
(1588, 0, 106, 3986.2299, 3986.2976, 1553475000),
(1589, 0, 107, 3987.8165, 3987.8242, 1553475300),
(1590, 0, 108, 3985.4749, 3985.5287, 1553475600),
(1591, 0, 109, 3984.7985, 3984.8289, 1553475900),
(1592, 0, 110, 3986.5780, 3986.6410, 1553476200),
(1593, 0, 111, 3988.9588, 3989.0218, 1553476500),
(1594, 0, 112, 3990.7441, 3990.7533, 1553476800),
(1595, 0, 113, 3991.6414, 3991.6544, 1553477100),
(1596, 0, 114, 3992.3017, 3992.3845, 1553477400),
(1597, 0, 115, 3991.3471, 3991.4242, 1553477700),
(1598, 0, 116, 3990.6845, 3990.7314, 1553478000),
(1599, 0, 117, 3991.5667, 3991.5688, 1553478300),
(1600, 0, 118, 3992.6728, 3992.7211, 1553478600),
(1601, 0, 119, 3994.0025, 3994.0654, 1553478900),
(1602, 0, 120, 3994.6052, 3994.6678, 1553479200),
(1603, 0, 121, 3996.7021, 3996.7295, 1553479500),
(1604, 0, 122, 3997.8932, 3997.9328, 1553479800),
(1605, 0, 123, 3995.0750, 3995.0832, 1553480100),
(1606, 0, 124, 3990.6730, 3990.7062, 1553480400),
(1607, 0, 125, 3990.3367, 3990.4181, 1553480700),
(1608, 0, 126, 3990.7640, 3990.8604, 1553481000),
(1609, 0, 127, 3990.7636, 3990.7844, 1553481300),
(1610, 1, 128, 3991.8530, 3991.8425, 1553481600),
(1611, 0, 129, 3991.5393, 3991.5582, 1553481900),
(1612, 0, 130, 3991.8379, 3991.8554, 1553482200),
(1613, 0, 131, 3993.8394, 3993.9213, 1553482500),
(1614, 0, 132, 3992.5700, 3992.6125, 1553482800),
(1615, 0, 133, 3993.2728, 3993.2955, 1553483100),
(1616, 0, 134, 3993.7548, 3993.8038, 1553483400),
(1617, 0, 135, 3993.4312, 3993.4317, 1553483700),
(1618, 0, 136, 3994.4731, 3994.5055, 1553484000),
(1619, 0, 137, 3993.8314, 3993.8683, 1553484300),
(1620, 0, 138, 3995.1307, 3995.1964, 1553484600),
(1621, 0, 139, 3995.0209, 3995.0541, 1553484900),
(1622, 0, 140, 3995.2550, 3995.3219, 1553485200),
(1623, 0, 141, 3994.5583, 3994.6116, 1553485500),
(1624, 0, 142, 3997.0470, 3997.1262, 1553485800),
(1625, 0, 143, 3996.7911, 3996.8592, 1553486100),
(1626, 0, 144, 3995.0679, 3995.1550, 1553486400),
(1627, 0, 145, 3991.8559, 3991.8652, 1553486700),
(1628, 0, 146, 3988.5088, 3988.6083, 1553487000),
(1629, 0, 147, 3990.6570, 3990.7217, 1553487300),
(1630, 0, 148, 3986.4938, 3986.5507, 1553487600),
(1631, 0, 149, 3986.9643, 3987.0507, 1553487900),
(1632, 0, 150, 3990.0873, 3990.1686, 1553488200),
(1633, 0, 151, 3989.6047, 3989.6379, 1553488500),
(1634, 0, 152, 3990.8937, 3990.9073, 1553488800),
(1635, 0, 153, 3989.5512, 3989.5943, 1553489100),
(1636, 0, 154, 3989.4903, 3989.5715, 1553489400),
(1637, 1, 155, 3989.4435, 3989.3839, 1553489700),
(1638, 0, 156, 3987.3293, 3987.3899, 1553490000),
(1639, 1, 157, 3988.2305, 3988.1548, 1553490300),
(1640, 0, 158, 3989.2020, 3989.2230, 1553490600),
(1641, 1, 159, 3989.6354, 3989.5408, 1553490900),
(1642, 0, 160, 3992.6851, 3992.6870, 1553491200),
(1643, 1, 161, 3992.7804, 3992.6998, 1553491500),
(1644, 0, 162, 3989.9262, 3989.9504, 1553491800),
(1645, 0, 163, 3990.6717, 3990.7198, 1553492100),
(1646, 0, 164, 3991.3699, 3991.3896, 1553492400),
(1647, 0, 165, 3991.1551, 3991.2207, 1553492700),
(1648, 0, 166, 3992.1478, 3992.1555, 1553493000),
(1649, 0, 167, 3992.2165, 3992.3006, 1553493300),
(1650, 0, 168, 3992.3023, 3992.3704, 1553493600),
(1651, 0, 169, 3990.5429, 3990.6131, 1553493900),
(1652, 0, 170, 3988.8841, 3988.8992, 1553494200),
(1653, 0, 171, 3991.5981, 3991.6552, 1553494500),
(1654, 0, 172, 3992.9028, 3992.9722, 1553494800),
(1655, 0, 173, 3993.3620, 3993.4130, 1553495100),
(1656, 0, 174, 3992.8154, 3992.8618, 1553495400),
(1657, 0, 175, 3993.5463, 3993.5639, 1553495700),
(1658, 0, 176, 3992.5443, 3992.6352, 1553496000),
(1659, 0, 177, 3994.0132, 3994.0654, 1553496300),
(1660, 0, 178, 3994.8136, 3994.8268, 1553496600),
(1661, 0, 179, 3993.7038, 3993.7046, 1553496900),
(1662, 0, 180, 3990.8728, 3990.8832, 1553497200),
(1663, 0, 181, 3991.1596, 3991.1670, 1553497500),
(1664, 0, 182, 3992.0435, 3992.1031, 1553497800),
(1665, 0, 183, 3991.1759, 3991.2378, 1553498100),
(1666, 0, 184, 3992.0896, 3992.1797, 1553498400),
(1667, 0, 185, 3991.9485, 3992.0300, 1553498700),
(1668, 0, 186, 3989.3577, 3989.3670, 1553499000),
(1669, 0, 187, 3988.2957, 3988.3209, 1553499300),
(1670, 0, 188, 3987.4930, 3987.5127, 1553499600),
(1671, 0, 189, 3989.2242, 3989.2609, 1553499900),
(1672, 0, 190, 3987.2375, 3987.2648, 1553500200),
(1673, 1, 191, 3990.0749, 3990.0596, 1553500500),
(1674, 1, 192, 3992.1225, 3992.0261, 1553500800),
(1675, 0, 193, 3990.6626, 3990.6941, 1553501100),
(1676, 0, 194, 3994.1207, 3994.2161, 1553501400),
(1677, 1, 195, 3994.5896, 3994.5405, 1553501700),
(1678, 1, 196, 3991.3065, 3991.2685, 1553502000),
(1679, 1, 197, 3992.3973, 3992.3241, 1553502300),
(1680, 1, 198, 3993.0633, 3992.9809, 1553502600),
(1681, 1, 199, 3992.6733, 3992.6018, 1553502900),
(1682, 1, 200, 3994.2898, 3994.2840, 1553503200),
(1683, 0, 201, 3994.4749, 3994.5342, 1553503500),
(1684, 0, 202, 3993.9910, 3994.0749, 1553503800),
(1685, 0, 203, 3994.7175, 3994.7494, 1553504100),
(1686, 0, 204, 3994.8039, 3994.8346, 1553504400),
(1687, 0, 205, 3996.7267, 3996.7416, 1553504700),
(1688, 0, 206, 3997.4556, 3997.5278, 1553505000),
(1689, 0, 207, 3995.4321, 3995.4870, 1553505300),
(1690, 0, 208, 3996.8819, 3996.9415, 1553505600),
(1691, 0, 209, 3995.8336, 3995.9270, 1553505900),
(1692, 0, 210, 3995.5013, 3995.5084, 1553506200),
(1693, 0, 211, 3993.3182, 3993.3308, 1553506500),
(1694, 0, 212, 3994.6383, 3994.6721, 1553506800),
(1695, 0, 213, 3997.6843, 3997.7834, 1553507100),
(1696, 0, 214, 3995.4535, 3995.5020, 1553507400),
(1697, 0, 215, 3995.2431, 3995.2667, 1553507700),
(1698, 0, 216, 3994.9898, 3995.0541, 1553508000),
(1699, 0, 217, 3995.3240, 3995.3580, 1553508300),
(1700, 0, 218, 3994.6428, 3994.7169, 1553508600),
(1701, 0, 219, 3994.1145, 3994.2114, 1553508900),
(1702, 0, 220, 3989.7849, 3989.7999, 1553509200),
(1703, 0, 221, 3988.4453, 3988.4997, 1553509500),
(1704, 0, 222, 3986.3138, 3986.3143, 1553509800),
(1705, 0, 223, 3984.7774, 3984.8185, 1553510100),
(1706, 0, 224, 3988.6226, 3988.7010, 1553510400),
(1707, 0, 225, 3988.4260, 3988.4697, 1553510700),
(1708, 0, 226, 3988.0441, 3988.1234, 1553511000),
(1709, 1, 227, 3987.8936, 3987.8408, 1553511300),
(1710, 0, 228, 3990.1816, 3990.2315, 1553511600),
(1711, 0, 229, 3990.6571, 3990.7184, 1553511900),
(1712, 0, 230, 3990.1519, 3990.2406, 1553512200),
(1713, 0, 231, 3988.1030, 3988.1376, 1553512500),
(1714, 0, 232, 3991.2232, 3991.3185, 1553512800),
(1715, 0, 233, 3989.9982, 3990.0752, 1553513100),
(1716, 0, 234, 3988.4982, 3988.5749, 1553513400),
(1717, 0, 235, 3987.0404, 3987.0442, 1553513700),
(1718, 0, 236, 3988.5792, 3988.6518, 1553514000),
(1719, 0, 237, 3988.4226, 3988.5021, 1553514300),
(1720, 0, 238, 3988.9745, 3989.0066, 1553514600),
(1721, 0, 239, 3986.6949, 3986.6987, 1553514900),
(1722, 0, 240, 3987.5081, 3987.6005, 1553515200),
(1723, 0, 241, 3983.9628, 3984.0342, 1553515500),
(1724, 0, 242, 3981.9031, 3981.9763, 1553515800),
(1725, 0, 243, 3979.8580, 3979.9416, 1553516100),
(1726, 0, 244, 3978.5927, 3978.6126, 1553516400),
(1727, 0, 245, 3971.6688, 3971.6744, 1553516700),
(1728, 0, 246, 3974.2187, 3974.3113, 1553517000),
(1729, 0, 247, 3980.0958, 3980.1133, 1553517300),
(1730, 0, 248, 3980.7519, 3980.8392, 1553517600),
(1731, 0, 249, 3979.1670, 3979.2158, 1553517900),
(1732, 0, 250, 3977.6136, 3977.6997, 1553518200),
(1733, 0, 251, 3977.8728, 3977.9053, 1553518500),
(1734, 1, 252, 3977.5192, 3977.5139, 1553518800),
(1735, 1, 253, 3979.9175, 3979.8397, 1553519100),
(1736, 1, 254, 3979.8783, 3979.8636, 1553519400),
(1737, 0, 255, 3979.5043, 3979.5067, 1553519700),
(1738, 1, 256, 3979.8715, 3979.8024, 1553520000),
(1739, 1, 257, 3983.1732, 3983.1685, 1553520300),
(1740, 1, 258, 3983.7207, 3983.6551, 1553520600),
(1741, 1, 259, 3986.2608, 3986.1734, 1553520900),
(1742, 1, 260, 3985.3020, 3985.2736, 1553521200),
(1743, 0, 261, 3984.7327, 3984.7341, 1553521500),
(1744, 0, 262, 3982.9964, 3983.0022, 1553521800),
(1745, 0, 263, 3981.4435, 3981.4913, 1553522100),
(1746, 1, 264, 3978.9534, 3978.9063, 1553522400),
(1747, 1, 265, 3978.3957, 3978.3136, 1553522700),
(1748, 0, 266, 3978.0071, 3978.0333, 1553523000),
(1749, 0, 267, 3981.0681, 3981.0962, 1553523300),
(1750, 1, 268, 3981.1222, 3981.0645, 1553523600),
(1751, 1, 269, 3982.5999, 3982.5704, 1553523900),
(1752, 1, 270, 3984.0144, 3984.0023, 1553524200),
(1753, 1, 271, 3982.5743, 3982.5151, 1553524500),
(1754, 1, 272, 3981.5132, 3981.4953, 1553524800),
(1755, 1, 273, 3981.6086, 3981.5609, 1553525100),
(1756, 1, 274, 3980.5181, 3980.4340, 1553525400),
(1757, 1, 275, 3981.1961, 3981.1698, 1553525700),
(1758, 1, 276, 3978.8435, 3978.8110, 1553526000),
(1759, 1, 277, 3981.0036, 3980.9275, 1553526300),
(1760, 1, 278, 3982.9203, 3982.9091, 1553526600),
(1761, 1, 279, 3982.1215, 3982.1197, 1553526900),
(1762, 1, 280, 3983.3991, 3983.3939, 1553527200),
(1763, 1, 281, 3982.1876, 3982.1689, 1553527500),
(1764, 1, 282, 3979.7728, 3979.7421, 1553527800),
(1765, 1, 283, 3980.1408, 3980.0488, 1553528100),
(1766, 1, 284, 3977.6846, 3977.6444, 1553528400),
(1767, 1, 285, 3975.6134, 3975.5337, 1553528700),
(1768, 1, 286, 3971.3966, 3971.3633, 1553529000),
(1769, 1, 287, 3964.1633, 3964.1037, 1553529300),
(1770, 1, 288, 3962.9123, 3962.8844, 1553529600),
(1771, 1, 1, 3972.5457, 3972.5332, 1553529900),
(1772, 0, 2, 3964.8285, 3964.9055, 1553530200),
(1773, 1, 3, 3974.1503, 3974.1397, 1553530500),
(1774, 0, 4, 3977.4214, 3977.4587, 1553530800),
(1775, 1, 5, 3979.2966, 3979.2200, 1553531100),
(1776, 0, 6, 3974.4303, 3974.4720, 1553531400),
(1777, 1, 7, 3978.0234, 3977.9671, 1553531700),
(1778, 0, 8, 3977.0711, 3977.1426, 1553532000),
(1779, 1, 9, 3976.3553, 3976.2759, 1553532300),
(1780, 1, 10, 3975.9726, 3975.8944, 1553532600),
(1781, 0, 11, 3979.3719, 3979.4496, 1553532900),
(1782, 1, 12, 3978.6793, 3978.6222, 1553533200),
(1783, 1, 13, 3977.0097, 3976.9254, 1553533500),
(1784, 1, 14, 3978.3128, 3978.2533, 1553533800),
(1785, 0, 15, 3978.8586, 3978.9285, 1553534100),
(1786, 0, 16, 3975.0857, 3975.1195, 1553534400),
(1787, 0, 17, 3971.9832, 3972.0390, 1553534700),
(1788, 0, 18, 3968.9655, 3968.9827, 1553535000),
(1789, 0, 19, 3969.4366, 3969.4760, 1553535300),
(1790, 0, 20, 3966.0606, 3966.1224, 1553535600),
(1791, 0, 21, 3965.8046, 3965.8296, 1553535900),
(1792, 0, 22, 3968.2665, 3968.3194, 1553536200),
(1793, 0, 23, 3968.3498, 3968.4203, 1553536500),
(1794, 0, 24, 3963.6244, 3963.6671, 1553536800),
(1795, 0, 25, 3964.3932, 3964.4344, 1553537100),
(1796, 0, 26, 3964.0999, 3964.1549, 1553537400),
(1797, 0, 27, 3953.2698, 3953.2936, 1553537700),
(1798, 1, 28, 3953.1945, 3953.1094, 1553538000),
(1799, 0, 29, 3953.5585, 3953.5826, 1553538300),
(1800, 0, 30, 3950.9664, 3950.9834, 1553538600),
(1801, 1, 31, 3939.2124, 3939.1630, 1553538900),
(1802, 0, 32, 3933.5609, 3933.6277, 1553539200),
(1803, 0, 33, 3939.2736, 3939.3317, 1553539500),
(1804, 0, 34, 3930.0326, 3930.1170, 1553539800),
(1805, 0, 35, 3929.9647, 3930.0610, 1553540100),
(1806, 0, 36, 3917.8109, 3917.8133, 1553540400),
(1807, 0, 37, 3894.5248, 3894.5395, 1553540700),
(1808, 0, 38, 3908.7428, 3908.8238, 1553541000),
(1809, 0, 39, 3920.2898, 3920.3238, 1553541300),
(1810, 0, 40, 3918.6300, 3918.7258, 1553541600),
(1811, 0, 41, 3919.7109, 3919.7148, 1553541900),
(1812, 0, 42, 3922.6593, 3922.7492, 1553542200),
(1813, 0, 43, 3928.5536, 3928.5642, 1553542500),
(1814, 0, 44, 3927.2617, 3927.3029, 1553542800),
(1815, 0, 45, 3926.8345, 3926.9248, 1553543100),
(1816, 0, 46, 3922.8300, 3922.8640, 1553543400),
(1817, 0, 47, 3923.6574, 3923.6964, 1553543700),
(1818, 0, 48, 3923.2324, 3923.2459, 1553544000),
(1819, 0, 49, 3919.2041, 3919.2051, 1553544300),
(1820, 0, 50, 3913.5669, 3913.5926, 1553544600),
(1821, 0, 51, 3908.6050, 3908.6865, 1553544900),
(1822, 0, 52, 3907.6129, 3907.6472, 1553545200),
(1823, 0, 53, 3901.7212, 3901.7463, 1553545500),
(1824, 0, 54, 3905.3325, 3905.3634, 1553545800),
(1825, 0, 55, 3902.5728, 3902.6290, 1553546100),
(1826, 0, 56, 3904.3828, 3904.4475, 1553546400),
(1827, 0, 57, 3912.4876, 3912.5642, 1553546700),
(1828, 0, 58, 3910.7130, 3910.7710, 1553547000),
(1829, 0, 59, 3907.1101, 3907.1275, 1553547300),
(1830, 0, 60, 3913.4517, 3913.5360, 1553547600),
(1831, 0, 61, 3906.7704, 3906.8668, 1553547900),
(1832, 0, 62, 3907.5816, 3907.6294, 1553548200),
(1833, 0, 63, 3907.9027, 3907.9815, 1553548500),
(1834, 0, 64, 3907.9422, 3907.9508, 1553548800),
(1835, 0, 65, 3910.5742, 3910.6042, 1553549100),
(1836, 0, 66, 3909.6292, 3909.7185, 1553549400),
(1837, 0, 67, 3904.5802, 3904.6195, 1553549700),
(1838, 0, 68, 3908.5378, 3908.6137, 1553550000),
(1839, 1, 69, 3908.6402, 3908.6373, 1553550300),
(1840, 0, 70, 3907.4697, 3907.5576, 1553550600),
(1841, 0, 71, 3907.2710, 3907.3465, 1553550900),
(1842, 0, 72, 3908.2433, 3908.3205, 1553551200),
(1843, 0, 73, 3914.2626, 3914.3237, 1553551500),
(1844, 0, 74, 3915.4728, 3915.5248, 1553551800),
(1845, 0, 75, 3916.2129, 3916.2915, 1553552100),
(1846, 0, 76, 3919.5342, 3919.5712, 1553552400),
(1847, 0, 77, 3922.6284, 3922.7002, 1553552700),
(1848, 0, 78, 3920.5857, 3920.5953, 1553553000),
(1849, 0, 79, 3922.3000, 3922.3993, 1553553300),
(1850, 0, 80, 3928.8914, 3928.9394, 1553553600),
(1851, 0, 81, 3927.9748, 3928.0352, 1553553900),
(1852, 0, 82, 3934.1907, 3934.2063, 1553554200),
(1853, 1, 83, 3934.1552, 3934.1007, 1553554500),
(1854, 0, 84, 3934.6906, 3934.7853, 1553554800),
(1855, 0, 85, 3935.6079, 3935.7062, 1553555100),
(1856, 0, 86, 3932.6936, 3932.7661, 1553555400),
(1857, 0, 87, 3940.3201, 3940.3772, 1553555700),
(1858, 0, 88, 3938.7960, 3938.8849, 1553556000),
(1859, 0, 89, 3943.8766, 3943.8789, 1553556300),
(1860, 0, 90, 3944.5918, 3944.6414, 1553556600),
(1861, 0, 91, 3934.2997, 3934.3241, 1553556900),
(1862, 0, 92, 3932.8088, 3932.8770, 1553557200),
(1863, 1, 93, 3937.3152, 3937.2852, 1553557500),
(1864, 0, 94, 3936.6081, 3936.6643, 1553557800),
(1865, 0, 95, 3936.2478, 3936.2806, 1553558100),
(1866, 0, 96, 3936.8445, 3936.8883, 1553558400),
(1867, 0, 97, 3938.8814, 3938.8990, 1553558700),
(1868, 0, 98, 3942.3935, 3942.3989, 1553559000),
(1869, 0, 99, 3942.9804, 3943.0757, 1553559300),
(1870, 0, 100, 3943.5030, 3943.5765, 1553559600),
(1871, 0, 101, 3942.5605, 3942.6566, 1553559900),
(1872, 0, 102, 3941.6765, 3941.7698, 1553560200),
(1873, 0, 103, 3939.2156, 3939.3131, 1553560500),
(1874, 0, 104, 3940.5578, 3940.6379, 1553560800),
(1875, 0, 105, 3940.7533, 3940.7748, 1553561100),
(1876, 0, 106, 3936.8498, 3936.9146, 1553561400),
(1877, 0, 107, 3933.9043, 3933.9272, 1553561700),
(1878, 0, 108, 3933.1094, 3933.1536, 1553562000),
(1879, 0, 109, 3935.2696, 3935.3301, 1553562300),
(1880, 0, 110, 3936.1815, 3936.1833, 1553562600),
(1881, 0, 111, 3938.5042, 3938.5354, 1553562900),
(1882, 0, 112, 3936.2305, 3936.2649, 1553563200),
(1883, 0, 113, 3935.6256, 3935.6843, 1553563500),
(1884, 0, 114, 3938.0715, 3938.1056, 1553563800),
(1885, 0, 115, 3938.5283, 3938.6034, 1553564100),
(1886, 0, 116, 3938.6036, 3938.6288, 1553564400),
(1887, 0, 117, 3936.7828, 3936.8743, 1553564700),
(1888, 0, 118, 3938.6427, 3938.6640, 1553565000),
(1889, 0, 119, 3939.1987, 3939.2004, 1553565300),
(1890, 0, 120, 3942.2773, 3942.3184, 1553565600),
(1891, 0, 121, 3942.9151, 3943.0086, 1553565900),
(1892, 0, 122, 3943.7051, 3943.7255, 1553566200),
(1893, 0, 123, 3941.3973, 3941.4636, 1553566500),
(1894, 0, 124, 3941.2006, 3941.2900, 1553566800),
(1895, 0, 125, 3941.4606, 3941.5602, 1553567100),
(1896, 0, 126, 3944.3382, 3944.3511, 1553567400),
(1897, 0, 127, 3943.8467, 3943.8598, 1553567700),
(1898, 1, 128, 3945.3470, 3945.2496, 1553568000),
(1899, 0, 129, 3945.5724, 3945.6457, 1553568300),
(1900, 0, 130, 3947.4248, 3947.5034, 1553568600),
(1901, 0, 131, 3948.8619, 3948.9094, 1553568900),
(1902, 0, 132, 3948.0363, 3948.0889, 1553569200),
(1903, 0, 133, 3949.0162, 3949.0688, 1553569500),
(1904, 0, 134, 3948.6395, 3948.6472, 1553569800),
(1905, 0, 135, 3946.7056, 3946.7822, 1553570100),
(1906, 0, 136, 3946.0199, 3946.1040, 1553570400),
(1907, 0, 137, 3946.2906, 3946.3350, 1553570700),
(1908, 0, 138, 3943.2168, 3943.2734, 1553571000),
(1909, 0, 139, 3942.8660, 3942.9053, 1553571300),
(1910, 0, 140, 3944.7988, 3944.8215, 1553571600),
(1911, 0, 141, 3943.3437, 3943.3835, 1553571900),
(1912, 0, 142, 3938.7706, 3938.8509, 1553572200),
(1913, 0, 143, 3938.6477, 3938.6485, 1553572500),
(1914, 0, 144, 3937.6996, 3937.7270, 1553572800),
(1915, 0, 145, 3940.4161, 3940.4455, 1553573100),
(1916, 0, 146, 3941.0621, 3941.1280, 1553573400),
(1917, 0, 147, 3941.9956, 3942.0304, 1553573700),
(1918, 0, 148, 3941.9682, 3942.0354, 1553574000),
(1919, 0, 149, 3942.1296, 3942.1366, 1553574300),
(1920, 0, 150, 3942.8625, 3942.8626, 1553574600),
(1921, 0, 151, 3942.6466, 3942.6799, 1553574900),
(1922, 0, 152, 3941.1341, 3941.2063, 1553575200),
(1923, 0, 153, 3942.2851, 3942.3055, 1553575500),
(1924, 0, 154, 3941.9676, 3942.0655, 1553575800),
(1925, 1, 155, 3937.5973, 3937.5131, 1553576100),
(1926, 0, 156, 3938.6601, 3938.7264, 1553576400),
(1927, 1, 157, 3939.4335, 3939.4214, 1553576700),
(1928, 0, 158, 3939.3427, 3939.4350, 1553577000),
(1929, 1, 159, 3941.3245, 3941.2809, 1553577300),
(1930, 0, 160, 3942.7085, 3942.7291, 1553577600),
(1931, 1, 161, 3942.4655, 3942.4029, 1553577900),
(1932, 0, 162, 3939.7133, 3939.7635, 1553578200),
(1933, 0, 163, 3938.2205, 3938.3087, 1553578500),
(1934, 0, 164, 3938.5465, 3938.5786, 1553578800),
(1935, 0, 165, 3938.0870, 3938.1753, 1553579100),
(1936, 0, 166, 3936.4294, 3936.4941, 1553579400),
(1937, 0, 167, 3936.4712, 3936.5165, 1553579700),
(1938, 0, 168, 3934.3033, 3934.3950, 1553580000),
(1939, 0, 169, 3935.9537, 3936.0251, 1553580300),
(1940, 0, 170, 3934.8152, 3934.8621, 1553580600),
(1941, 0, 171, 3935.0468, 3935.1078, 1553580900),
(1942, 0, 172, 3931.0760, 3931.1494, 1553581200),
(1943, 0, 173, 3926.0634, 3926.1133, 1553581500),
(1944, 0, 174, 3930.5394, 3930.5793, 1553581800),
(1945, 0, 175, 3932.5612, 3932.6061, 1553582100),
(1946, 0, 176, 3932.0042, 3932.0693, 1553582400),
(1947, 0, 177, 3927.0456, 3927.1149, 1553582700),
(1948, 0, 178, 3923.6809, 3923.7614, 1553583000),
(1949, 0, 179, 3916.9656, 3916.9945, 1553583300),
(1950, 0, 180, 3924.8825, 3924.9800, 1553583600),
(1951, 0, 181, 3926.0141, 3926.0694, 1553583900),
(1952, 0, 182, 3921.3442, 3921.3591, 1553584200),
(1953, 0, 183, 3924.5903, 3924.6000, 1553584500),
(1954, 0, 184, 3920.3966, 3920.4917, 1553584800),
(1955, 0, 185, 3922.8801, 3922.8845, 1553585100),
(1956, 0, 186, 3918.0403, 3918.0893, 1553585400),
(1957, 0, 187, 3916.6116, 3916.6502, 1553585700),
(1958, 0, 188, 3912.8426, 3912.8748, 1553586000),
(1959, 0, 189, 3921.5056, 3921.5910, 1553586300),
(1960, 0, 190, 3922.3008, 3922.3144, 1553586600),
(1961, 1, 191, 3921.9535, 3921.9439, 1553586900),
(1962, 1, 192, 3925.6272, 3925.5918, 1553587200),
(1963, 0, 193, 3928.2060, 3928.2731, 1553587500),
(1964, 0, 194, 3931.0418, 3931.1255, 1553587800),
(1965, 1, 195, 3931.8450, 3931.7740, 1553588100),
(1966, 1, 196, 3932.0615, 3932.0405, 1553588400),
(1967, 1, 197, 3930.6815, 3930.6041, 1553588700),
(1968, 1, 198, 3931.5637, 3931.4833, 1553589000),
(1969, 1, 199, 3932.8021, 3932.7161, 1553589300),
(1970, 1, 200, 3934.9376, 3934.9038, 1553589600),
(1971, 0, 201, 3935.7401, 3935.7508, 1553589900),
(1972, 0, 202, 3935.4212, 3935.4281, 1553590200),
(1973, 0, 203, 3936.0965, 3936.1355, 1553590500),
(1974, 0, 204, 3937.7364, 3937.8080, 1553590800),
(1975, 0, 205, 3934.1501, 3934.1756, 1553591100),
(1976, 0, 206, 3930.9194, 3930.9540, 1553591400),
(1977, 0, 207, 3926.9079, 3926.9825, 1553591700),
(1978, 0, 208, 3926.7458, 3926.8130, 1553592000),
(1979, 0, 209, 3927.4728, 3927.5149, 1553592300),
(1980, 0, 210, 3932.0321, 3932.1289, 1553592600),
(1981, 0, 211, 3933.0573, 3933.1439, 1553592900),
(1982, 0, 212, 3930.8725, 3930.9696, 1553593200),
(1983, 0, 213, 3927.0244, 3927.0577, 1553593500),
(1984, 0, 214, 3928.0578, 3928.1576, 1553593800),
(1985, 0, 215, 3927.5063, 3927.5136, 1553594100),
(1986, 0, 216, 3925.5757, 3925.6110, 1553594400),
(1987, 0, 217, 3926.9430, 3927.0079, 1553594700),
(1988, 0, 218, 3930.3114, 3930.3512, 1553595000),
(1989, 0, 219, 3930.1513, 3930.2089, 1553595300),
(1990, 0, 220, 3933.0505, 3933.1244, 1553595600),
(1991, 0, 221, 3932.5038, 3932.5401, 1553595900),
(1992, 0, 222, 3929.9147, 3929.9410, 1553596200),
(1993, 0, 223, 3928.3630, 3928.3950, 1553596500),
(1994, 0, 224, 3927.6816, 3927.7328, 1553596800),
(1995, 0, 225, 3929.5787, 3929.6076, 1553597100),
(1996, 0, 226, 3928.3998, 3928.4244, 1553597400),
(1997, 1, 227, 3926.9944, 3926.9489, 1553597700),
(1998, 0, 228, 3927.0332, 3927.0387, 1553598000),
(1999, 0, 229, 3923.9991, 3924.0738, 1553598300),
(2000, 0, 230, 3923.7653, 3923.7673, 1553598600),
(2001, 0, 231, 3921.2837, 3921.3435, 1553598900),
(2002, 0, 232, 3922.6487, 3922.7122, 1553599200),
(2003, 0, 233, 3920.7362, 3920.7518, 1553599500),
(2004, 0, 234, 3919.0445, 3919.0765, 1553599800),
(2005, 0, 235, 3919.6101, 3919.6778, 1553600100),
(2006, 0, 236, 3918.4349, 3918.4710, 1553600400),
(2007, 0, 237, 3917.4003, 3917.4098, 1553600700),
(2008, 0, 238, 3915.6290, 3915.6574, 1553601000),
(2009, 0, 239, 3913.9405, 3913.9849, 1553601300),
(2010, 0, 240, 3917.7351, 3917.7469, 1553601600),
(2011, 0, 241, 3915.6065, 3915.6948, 1553601900),
(2012, 0, 242, 3916.2160, 3916.2304, 1553602200),
(2013, 0, 243, 3913.2184, 3913.2329, 1553602500),
(2014, 0, 244, 3911.4435, 3911.4572, 1553602800),
(2015, 0, 245, 3914.8481, 3914.9291, 1553603100),
(2016, 0, 246, 3912.6512, 3912.7048, 1553603400),
(2017, 0, 247, 3911.7728, 3911.8369, 1553603700),
(2018, 0, 248, 3908.5292, 3908.5469, 1553604000),
(2019, 0, 249, 3911.2950, 3911.3259, 1553604300),
(2020, 0, 250, 3907.5463, 3907.6175, 1553604600),
(2021, 0, 251, 3901.6423, 3901.6965, 1553604900),
(2022, 1, 252, 3903.6197, 3903.6001, 1553605200),
(2023, 1, 253, 3911.8539, 3911.8267, 1553605500),
(2024, 1, 254, 3915.0361, 3915.0008, 1553605800),
(2025, 0, 255, 3915.5753, 3915.6713, 1553606100),
(2026, 1, 256, 3912.8868, 3912.8600, 1553606400),
(2027, 1, 257, 3910.5279, 3910.4293, 1553606700),
(2028, 1, 258, 3911.7833, 3911.6992, 1553607000),
(2029, 1, 259, 3906.8336, 3906.7755, 1553607300),
(2030, 1, 260, 3901.5676, 3901.5399, 1553607600),
(2031, 0, 261, 3904.1364, 3904.1549, 1553607900),
(2032, 0, 262, 3908.1347, 3908.1687, 1553608200),
(2033, 0, 263, 3907.1864, 3907.2132, 1553608500),
(2034, 1, 264, 3908.1388, 3908.0992, 1553608800),
(2035, 1, 265, 3918.8129, 3918.8110, 1553609100),
(2036, 0, 266, 3920.0407, 3920.1094, 1553609400),
(2037, 0, 267, 3920.1412, 3920.2201, 1553609700),
(2038, 1, 268, 3918.5947, 3918.5058, 1553610000),
(2039, 1, 269, 3917.8697, 3917.8207, 1553610300),
(2040, 1, 270, 3921.8585, 3921.8034, 1553610600),
(2041, 1, 271, 3922.0611, 3922.0199, 1553610900),
(2042, 1, 272, 3924.6332, 3924.6190, 1553611200),
(2043, 1, 273, 3931.3574, 3931.2748, 1553611500),
(2044, 1, 274, 3931.0124, 3930.9569, 1553611800),
(2045, 1, 275, 3931.0756, 3931.0474, 1553612100),
(2046, 1, 276, 3932.4857, 3932.4747, 1553612400),
(2047, 1, 277, 3935.4796, 3935.4400, 1553612700),
(2048, 1, 278, 3936.3019, 3936.2037, 1553613000),
(2049, 1, 279, 3935.0308, 3934.9776, 1553613300),
(2050, 1, 280, 3930.4127, 3930.3338, 1553613600),
(2051, 1, 281, 3930.4089, 3930.3191, 1553613900),
(2052, 1, 282, 3932.9238, 3932.8974, 1553614200),
(2053, 1, 283, 3935.0944, 3935.0261, 1553614500),
(2054, 1, 284, 3935.2017, 3935.1404, 1553614800),
(2055, 1, 285, 3937.0598, 3937.0060, 1553615100),
(2056, 1, 286, 3941.1531, 3941.1358, 1553615400),
(2057, 1, 287, 3941.9691, 3941.8797, 1553615700),
(2058, 1, 288, 3941.2994, 3941.2520, 1553616000),
(2059, 1, 1, 3942.7761, 3942.7570, 1553616300),
(2060, 0, 2, 3944.8819, 3944.9544, 1553616600),
(2061, 1, 3, 3940.7552, 3940.7509, 1553616900),
(2062, 0, 4, 3942.8211, 3942.8909, 1553617200),
(2063, 1, 5, 3940.7963, 3940.7205, 1553617500),
(2064, 0, 6, 3935.2566, 3935.3308, 1553617800),
(2065, 1, 7, 3937.4893, 3937.4833, 1553618100),
(2066, 0, 8, 3936.8438, 3936.9327, 1553618400),
(2067, 1, 9, 3933.0409, 3932.9786, 1553618700),
(2068, 1, 10, 3935.6781, 3935.6569, 1553619000),
(2069, 0, 11, 3935.9826, 3936.0788, 1553619300),
(2070, 1, 12, 3936.0178, 3935.9210, 1553619600),
(2071, 1, 13, 3936.2470, 3936.2057, 1553619900),
(2072, 1, 14, 3935.9449, 3935.8756, 1553620200),
(2073, 0, 15, 3935.6391, 3935.7115, 1553620500),
(2074, 0, 16, 3935.9165, 3935.9971, 1553620800),
(2075, 0, 17, 3936.4072, 3936.4943, 1553621100),
(2076, 0, 18, 3934.2837, 3934.3008, 1553621400),
(2077, 0, 19, 3934.5780, 3934.6417, 1553621700),
(2078, 0, 20, 3934.7320, 3934.8159, 1553622000),
(2079, 0, 21, 3932.7548, 3932.7995, 1553622300),
(2080, 0, 22, 3934.3424, 3934.3892, 1553622600),
(2081, 0, 23, 3932.7525, 3932.7662, 1553622900),
(2082, 0, 24, 3930.0195, 3930.0706, 1553623200),
(2083, 0, 25, 3932.1087, 3932.1295, 1553623500),
(2084, 0, 26, 3932.4559, 3932.5227, 1553623800),
(2085, 0, 27, 3932.3821, 3932.4093, 1553624100),
(2086, 1, 28, 3931.2156, 3931.2048, 1553624400),
(2087, 0, 29, 3931.8156, 3931.8894, 1553624700),
(2088, 0, 30, 3937.8286, 3937.8291, 1553625000),
(2089, 1, 31, 3936.8267, 3936.8139, 1553625300),
(2090, 0, 32, 3936.3022, 3936.3570, 1553625600),
(2091, 0, 33, 3937.9711, 3938.0619, 1553625900),
(2092, 0, 34, 3937.9856, 3937.9917, 1553626200),
(2093, 0, 35, 3939.4514, 3939.5207, 1553626500),
(2094, 0, 36, 3940.8438, 3940.9196, 1553626800),
(2095, 0, 37, 3942.2848, 3942.3667, 1553627100),
(2096, 0, 38, 3935.8932, 3935.9847, 1553627400),
(2097, 0, 39, 3934.9087, 3935.0004, 1553627700),
(2098, 0, 40, 3933.6303, 3933.6539, 1553628000),
(2099, 0, 41, 3934.4648, 3934.5585, 1553628300),
(2100, 0, 42, 3933.0220, 3933.1172, 1553628600),
(2101, 0, 43, 3932.3937, 3932.4103, 1553628900),
(2102, 0, 44, 3932.0492, 3932.1019, 1553629200),
(2103, 0, 45, 3933.1167, 3933.1490, 1553629500),
(2104, 0, 46, 3936.2285, 3936.3211, 1553629800),
(2105, 0, 47, 3933.4871, 3933.5252, 1553630100),
(2106, 0, 48, 3933.1122, 3933.1977, 1553630400),
(2107, 0, 49, 3934.3138, 3934.3527, 1553630700),
(2108, 0, 50, 3932.2736, 3932.2780, 1553631000),
(2109, 0, 51, 3932.8119, 3932.8312, 1553631300),
(2110, 0, 52, 3934.2102, 3934.2599, 1553631600),
(2111, 0, 53, 3932.9275, 3932.9522, 1553631900),
(2112, 0, 54, 3932.9411, 3932.9520, 1553632200),
(2113, 0, 55, 3933.4302, 3933.4429, 1553632500),
(2114, 0, 56, 3934.5365, 3934.6120, 1553632800),
(2115, 0, 57, 3935.4492, 3935.5326, 1553633100),
(2116, 0, 58, 3935.5026, 3935.5863, 1553633400),
(2117, 0, 59, 3930.1025, 3930.1706, 1553633700),
(2118, 0, 60, 3929.6730, 3929.7113, 1553634000),
(2119, 0, 61, 3929.6378, 3929.6589, 1553634300),
(2120, 0, 62, 3928.3230, 3928.3945, 1553634600),
(2121, 0, 63, 3929.5261, 3929.5369, 1553634900),
(2122, 0, 64, 3929.9085, 3929.9163, 1553635200),
(2123, 0, 65, 3930.3677, 3930.4331, 1553635500),
(2124, 0, 66, 3929.3398, 3929.3573, 1553635800),
(2125, 0, 67, 3929.0727, 3929.1231, 1553636100),
(2126, 0, 68, 3928.3962, 3928.4766, 1553636400),
(2127, 1, 69, 3927.6281, 3927.6185, 1553636700),
(2128, 0, 70, 3927.6680, 3927.6760, 1553637000),
(2129, 0, 71, 3926.7154, 3926.7749, 1553637300),
(2130, 0, 72, 3927.2436, 3927.2517, 1553637600),
(2131, 0, 73, 3930.1985, 3930.2524, 1553637900),
(2132, 0, 74, 3929.2339, 3929.2608, 1553638200),
(2133, 0, 75, 3929.4319, 3929.4733, 1553638500),
(2134, 0, 76, 3930.1351, 3930.2230, 1553638800),
(2135, 0, 77, 3930.4982, 3930.5219, 1553639100),
(2136, 0, 78, 3933.9701, 3934.0567, 1553639400),
(2137, 0, 79, 3934.5869, 3934.6408, 1553639700),
(2138, 0, 80, 3934.1638, 3934.1833, 1553640000),
(2139, 0, 81, 3933.0254, 3933.0769, 1553640300),
(2140, 0, 82, 3932.8725, 3932.9463, 1553640600),
(2141, 1, 83, 3932.8478, 3932.8127, 1553640900),
(2142, 0, 84, 3933.8843, 3933.9446, 1553641200),
(2143, 0, 85, 3932.9291, 3933.0092, 1553641500),
(2144, 0, 86, 3930.9714, 3930.9719, 1553641800),
(2145, 0, 87, 3932.2915, 3932.3574, 1553642100),
(2146, 0, 88, 3933.9485, 3933.9852, 1553642400),
(2147, 0, 89, 3936.5305, 3936.5519, 1553642700),
(2148, 0, 90, 3939.0378, 3939.1193, 1553643000),
(2149, 0, 91, 3938.8918, 3938.9368, 1553643300),
(2150, 0, 92, 3938.8234, 3938.8703, 1553643600),
(2151, 1, 93, 3938.9977, 3938.9207, 1553643900),
(2152, 0, 94, 3943.7313, 3943.7918, 1553644200),
(2153, 0, 95, 3943.3497, 3943.3507, 1553644500),
(2154, 0, 96, 3947.0931, 3947.1841, 1553644800),
(2155, 0, 97, 3938.6100, 3938.6983, 1553645100),
(2156, 0, 98, 3937.4301, 3937.4425, 1553645400),
(2157, 0, 99, 3936.4973, 3936.4981, 1553645700),
(2158, 0, 100, 3937.2809, 3937.3218, 1553646000),
(2159, 0, 101, 3937.9502, 3938.0396, 1553646300),
(2160, 0, 102, 3939.5400, 3939.6233, 1553646600),
(2161, 0, 103, 3940.2323, 3940.2589, 1553646900),
(2162, 0, 104, 3936.7686, 3936.7725, 1553647200),
(2163, 0, 105, 3939.8183, 3939.8449, 1553647500),
(2164, 0, 106, 3949.4630, 3949.4884, 1553647800),
(2165, 0, 107, 3956.9121, 3956.9818, 1553648100),
(2166, 0, 108, 3960.9268, 3960.9840, 1553648400),
(2167, 0, 109, 3967.2508, 3967.2923, 1553648700),
(2168, 0, 110, 3959.6851, 3959.7404, 1553649000),
(2169, 0, 111, 3965.3520, 3965.3813, 1553649300),
(2170, 0, 112, 3974.6585, 3974.7085, 1553649600),
(2171, 0, 113, 3978.3793, 3978.4597, 1553649900),
(2172, 0, 114, 3979.7093, 3979.7326, 1553650200),
(2173, 0, 115, 3984.0391, 3984.0406, 1553650500),
(2174, 0, 116, 3996.1005, 3996.1793, 1553650800),
(2175, 0, 117, 3987.9164, 3987.9483, 1553651100),
(2176, 0, 118, 3988.6983, 3988.7104, 1553651400),
(2177, 0, 119, 3983.5596, 3983.5802, 1553651700),
(2178, 0, 120, 3987.9269, 3988.0084, 1553652000),
(2179, 0, 121, 3983.1024, 3983.1158, 1553652300),
(2180, 0, 122, 3980.7027, 3980.7143, 1553652600),
(2181, 0, 123, 3980.3069, 3980.3078, 1553652900),
(2182, 0, 124, 3986.0237, 3986.0888, 1553653200),
(2183, 0, 125, 3986.4801, 3986.5516, 1553653500),
(2184, 0, 126, 3990.0358, 3990.1089, 1553653800),
(2185, 0, 127, 3993.2823, 3993.3305, 1553654100),
(2186, 1, 128, 3990.9716, 3990.9380, 1553654400),
(2187, 0, 129, 3994.1440, 3994.1869, 1553654700),
(2188, 0, 130, 3993.8463, 3993.8827, 1553655000),
(2189, 0, 131, 3990.8588, 3990.9232, 1553655300),
(2190, 0, 132, 3990.9764, 3990.9866, 1553655600),
(2191, 0, 133, 3992.9533, 3993.0530, 1553655900),
(2192, 0, 134, 3989.9667, 3990.0462, 1553656200),
(2193, 0, 135, 3989.8515, 3989.8872, 1553656500),
(2194, 0, 136, 3988.2538, 3988.2721, 1553656800),
(2195, 0, 137, 3991.5667, 3991.6303, 1553657100),
(2196, 0, 138, 3992.3193, 3992.3592, 1553657400),
(2197, 0, 139, 3990.9895, 3991.0111, 1553657700),
(2198, 0, 140, 3991.4306, 3991.4357, 1553658000),
(2199, 0, 141, 3991.5119, 3991.5863, 1553658306),
(2200, 0, 142, 3990.0615, 3990.1107, 1553658600),
(2201, 0, 143, 3992.7734, 3992.8129, 1553658900),
(2202, 0, 144, 3992.7261, 3992.7335, 1553659200),
(2203, 0, 145, 3993.6540, 3993.7488, 1553659500),
(2204, 0, 146, 3996.5654, 3996.6147, 1553659800),
(2205, 0, 147, 3991.7985, 3991.8137, 1553660100),
(2206, 0, 148, 3988.1480, 3988.2162, 1553660400),
(2207, 0, 149, 3990.0103, 3990.0213, 1553660700),
(2208, 0, 150, 3986.3171, 3986.3781, 1553661000),
(2209, 0, 151, 3987.3260, 3987.4142, 1553661300),
(2210, 0, 152, 3988.3963, 3988.4231, 1553661600),
(2211, 0, 153, 3991.2583, 3991.3210, 1553661900),
(2212, 0, 154, 3989.9224, 3989.9847, 1553662200),
(2213, 1, 155, 3990.2944, 3990.2096, 1553662500),
(2214, 0, 156, 3992.3264, 3992.3953, 1553662800),
(2215, 1, 157, 3994.1764, 3994.1715, 1553663100),
(2216, 0, 158, 3993.9579, 3994.0548, 1553663400),
(2217, 1, 159, 3995.9282, 3995.8961, 1553663700),
(2218, 0, 160, 3995.0721, 3995.0920, 1553664000),
(2219, 1, 161, 3995.3331, 3995.2680, 1553664300),
(2220, 0, 162, 3994.4693, 3994.5561, 1553664600),
(2221, 0, 163, 3994.4057, 3994.4575, 1553664900),
(2222, 0, 164, 3994.4057, 3994.5028, 1553665200),
(2223, 0, 165, 3997.0239, 3997.0885, 1553665500),
(2224, 0, 166, 3999.4259, 3999.4989, 1553665800),
(2225, 0, 167, 4004.1112, 4004.1159, 1553666100),
(2226, 0, 168, 4003.3064, 4003.4059, 1553666400),
(2227, 0, 169, 4001.4104, 4001.4217, 1553666700),
(2228, 0, 170, 3997.6158, 3997.7141, 1553667000),
(2229, 0, 171, 3999.3183, 3999.3995, 1553667300),
(2230, 0, 172, 3996.3951, 3996.4018, 1553667600),
(2231, 0, 173, 3997.4495, 3997.5262, 1553667900),
(2232, 0, 174, 3997.6698, 3997.7085, 1553668200),
(2233, 0, 175, 3994.9585, 3995.0312, 1553668500),
(2234, 0, 176, 3998.3810, 3998.4574, 1553668800),
(2235, 0, 177, 3997.5688, 3997.6365, 1553669100),
(2236, 0, 178, 3996.8005, 3996.8954, 1553669400),
(2237, 0, 179, 3996.1173, 3996.1633, 1553669700),
(2238, 0, 180, 3995.9517, 3996.0381, 1553670000),
(2239, 0, 181, 3995.4415, 3995.4995, 1553670300),
(2240, 0, 182, 3995.4415, 3995.4605, 1553670600),
(2241, 0, 183, 3995.4415, 3995.4638, 1553670900),
(2242, 0, 184, 3995.2071, 3995.2523, 1553671200),
(2243, 0, 185, 3995.7964, 3995.8672, 1553671500),
(2244, 0, 186, 3996.9487, 3996.9672, 1553671800),
(2245, 0, 187, 3994.7814, 3994.8210, 1553672100),
(2246, 0, 188, 3994.7053, 3994.7510, 1553672400),
(2247, 0, 189, 3994.7053, 3994.7250, 1553672700),
(2248, 0, 190, 3995.5440, 3995.5701, 1553673000),
(2249, 1, 191, 3996.2661, 3996.1898, 1553673300),
(2250, 1, 192, 3997.6085, 3997.6005, 1553673600),
(2251, 0, 193, 3997.5168, 3997.5955, 1553673900),
(2252, 0, 194, 3996.9343, 3997.0152, 1553674200),
(2253, 1, 195, 3996.9686, 3996.8705, 1553674500),
(2254, 1, 196, 3994.5975, 3994.5974, 1553674800),
(2255, 1, 197, 3994.7225, 3994.6664, 1553675100),
(2256, 1, 198, 3993.5944, 3993.5843, 1553675400),
(2257, 1, 199, 3993.6152, 3993.5306, 1553675700),
(2258, 1, 200, 3992.0218, 3991.9830, 1553676000),
(2259, 0, 201, 3989.5830, 3989.6050, 1553676300),
(2260, 0, 202, 3994.5362, 3994.5947, 1553676600),
(2261, 0, 203, 3995.2296, 3995.2384, 1553676900),
(2262, 0, 204, 3999.4978, 3999.5326, 1553677200),
(2263, 0, 205, 4000.1608, 4000.2338, 1553677500),
(2264, 0, 206, 4000.1608, 4000.1749, 1553677800),
(2265, 0, 207, 3998.6788, 3998.7468, 1553678100),
(2266, 0, 208, 3997.0920, 3997.1839, 1553678400),
(2267, 0, 209, 3999.7497, 3999.8096, 1553678700),
(2268, 0, 210, 3999.7497, 3999.8488, 1553679000),
(2269, 0, 211, 3997.0887, 3997.0926, 1553679300),
(2270, 0, 212, 3996.3040, 3996.3101, 1553679600),
(2271, 0, 213, 3995.4476, 3995.5215, 1553679900),
(2272, 0, 214, 3996.8750, 3996.9528, 1553680200),
(2273, 0, 215, 3999.1618, 3999.1670, 1553680500),
(2274, 0, 216, 3998.0753, 3998.1498, 1553680800),
(2275, 0, 217, 4000.7397, 4000.8373, 1553681100),
(2276, 0, 218, 4000.7469, 4000.7804, 1553681400),
(2277, 0, 219, 4008.2047, 4008.2517, 1553681700),
(2278, 0, 220, 4017.5747, 4017.6642, 1553682000),
(2279, 0, 221, 4025.0787, 4025.1255, 1553682300),
(2280, 0, 222, 4025.0787, 4025.1217, 1553682600),
(2281, 0, 223, 4017.4630, 4017.5387, 1553682900),
(2282, 0, 224, 4025.9465, 4025.9547, 1553683200),
(2283, 0, 225, 4025.9465, 4026.0165, 1553683500),
(2284, 0, 226, 4018.9298, 4018.9914, 1553683800);
INSERT INTO `btc_w_openlog` (`id`, `last_direction`, `number`, `execute_price`, `last_price`, `create_time`) VALUES
(2285, 1, 227, 4019.2718, 4019.2062, 1553684100),
(2286, 0, 228, 4020.0283, 4020.1229, 1553684400),
(2287, 0, 229, 4025.0413, 4025.0713, 1553684700),
(2288, 0, 230, 4020.5577, 4020.5743, 1553685000),
(2289, 0, 231, 4018.8612, 4018.8895, 1553685300),
(2290, 0, 232, 4016.9205, 4016.9551, 1553685600),
(2291, 0, 233, 4016.9205, 4016.9501, 1553685900),
(2292, 0, 234, 4016.9205, 4016.9791, 1553686200),
(2293, 0, 235, 4028.0056, 4028.0785, 1553686500),
(2294, 0, 236, 4028.0056, 4028.0939, 1553686800),
(2295, 0, 237, 4029.1502, 4029.1691, 1553687100),
(2296, 0, 238, 4031.0529, 4031.0959, 1553687400),
(2297, 0, 239, 4031.0529, 4031.1074, 1553687700),
(2298, 0, 240, 4031.8516, 4031.8914, 1553688000),
(2299, 0, 241, 4029.0455, 4029.1165, 1553688300),
(2300, 0, 242, 4027.8902, 4027.9519, 1553688600),
(2301, 0, 243, 4025.6799, 4025.7139, 1553688900),
(2302, 0, 244, 4027.7053, 4027.7714, 1553689200),
(2303, 0, 245, 4027.7053, 4027.7112, 1553689500),
(2304, 0, 246, 4025.8150, 4025.8361, 1553689800),
(2305, 0, 247, 4025.8150, 4025.8825, 1553690100),
(2306, 0, 248, 4022.8912, 4022.9876, 1553690400),
(2307, 0, 249, 4017.8231, 4017.8628, 1553690700),
(2308, 0, 250, 4017.1692, 4017.2393, 1553691000),
(2309, 0, 251, 4015.7460, 4015.8305, 1553691300),
(2310, 1, 252, 4015.7494, 4015.7258, 1553691600),
(2311, 1, 253, 4014.8275, 4014.8080, 1553691900),
(2312, 1, 254, 4017.8371, 4017.7781, 1553692200),
(2313, 0, 255, 4020.6599, 4020.7483, 1553692500),
(2314, 1, 256, 4016.9380, 4016.8523, 1553692800),
(2315, 1, 257, 4017.0344, 4016.9527, 1553693100),
(2316, 1, 258, 4018.0270, 4018.0117, 1553693400),
(2317, 1, 259, 4018.6018, 4018.5313, 1553693700),
(2318, 1, 260, 4019.4001, 4019.3373, 1553694000),
(2319, 0, 261, 4021.4813, 4021.4970, 1553694300),
(2320, 0, 262, 4018.9821, 4019.0690, 1553694600),
(2321, 0, 263, 4018.9162, 4018.9579, 1553694900),
(2322, 1, 264, 4021.0791, 4021.0663, 1553695200),
(2323, 1, 265, 4020.2629, 4020.2446, 1553695500),
(2324, 0, 266, 4018.8761, 4018.9612, 1553695800),
(2325, 0, 267, 4018.2809, 4018.2982, 1553696100),
(2326, 1, 268, 4017.1883, 4017.1761, 1553696400),
(2327, 1, 269, 4016.9122, 4016.8449, 1553696700),
(2328, 1, 270, 4016.0150, 4015.9856, 1553697000),
(2329, 1, 271, 4016.0727, 4016.0009, 1553697300),
(2330, 1, 272, 4018.0871, 4018.0211, 1553697600),
(2331, 1, 273, 4016.3743, 4016.3328, 1553697900),
(2332, 1, 274, 4016.9572, 4016.8588, 1553698200),
(2333, 1, 275, 4017.6233, 4017.6039, 1553698500),
(2334, 1, 276, 4015.9967, 4015.9274, 1553698800),
(2335, 1, 277, 4015.9853, 4015.9092, 1553699100),
(2336, 1, 278, 4011.9060, 4011.8992, 1553699400),
(2337, 1, 279, 4011.0539, 4010.9540, 1553699700),
(2338, 1, 280, 4010.2257, 4010.2049, 1553700000),
(2339, 1, 281, 4014.4928, 4014.4151, 1553700300),
(2340, 1, 282, 4017.4465, 4017.4426, 1553700600),
(2341, 1, 283, 4019.5301, 4019.5037, 1553700900),
(2342, 1, 284, 4017.8596, 4017.8221, 1553701200),
(2343, 1, 285, 4016.3658, 4016.3281, 1553701500),
(2344, 1, 286, 4020.5726, 4020.5039, 1553701800),
(2345, 1, 287, 4023.0615, 4023.0488, 1553702100),
(2346, 1, 288, 4023.4997, 4023.4671, 1553702400),
(2347, 1, 1, 4023.4997, 4023.4581, 1553702700),
(2348, 0, 2, 4023.4997, 4023.5222, 1553703000),
(2349, 1, 3, 4017.8841, 4017.8078, 1553703300),
(2350, 0, 4, 4018.0856, 4018.1431, 1553703600),
(2351, 1, 5, 4016.8454, 4016.7810, 1553703900),
(2352, 0, 6, 4013.9623, 4014.0412, 1553704200),
(2353, 1, 7, 4014.3894, 4014.3605, 1553704500),
(2354, 0, 8, 4014.4615, 4014.5124, 1553704800),
(2355, 1, 9, 4015.7730, 4015.7393, 1553705100),
(2356, 1, 10, 4017.3445, 4017.3378, 1553705400),
(2357, 0, 11, 4017.3286, 4017.3413, 1553705700),
(2358, 1, 12, 4017.2170, 4017.1350, 1553706000),
(2359, 1, 13, 4014.9327, 4014.8964, 1553706300),
(2360, 1, 14, 4015.1603, 4015.0996, 1553706600),
(2361, 0, 15, 4014.0420, 4014.0523, 1553706900),
(2362, 0, 16, 4013.1602, 4013.2398, 1553707200),
(2363, 0, 17, 4014.7923, 4014.8111, 1553707500),
(2364, 0, 18, 4021.1283, 4021.2259, 1553707800),
(2365, 0, 19, 4022.5605, 4022.5924, 1553708100),
(2366, 0, 20, 4022.1151, 4022.1817, 1553708400),
(2367, 0, 21, 4023.4155, 4023.5093, 1553708700),
(2368, 0, 22, 4022.3379, 4022.3396, 1553709000),
(2369, 0, 23, 4023.5071, 4023.5577, 1553709300),
(2370, 0, 24, 4022.5746, 4022.5820, 1553709600),
(2371, 0, 25, 4020.3085, 4020.3755, 1553709900),
(2372, 0, 26, 4023.8716, 4023.9650, 1553710200),
(2373, 0, 27, 4023.9634, 4024.0045, 1553710500),
(2374, 1, 28, 4024.7992, 4024.7071, 1553710800),
(2375, 0, 29, 4024.3569, 4024.4060, 1553711100),
(2376, 0, 30, 4021.7788, 4021.8617, 1553711400),
(2377, 1, 31, 4021.3736, 4021.3639, 1553711700),
(2378, 0, 32, 4023.2112, 4023.3087, 1553712000),
(2379, 0, 33, 4022.3106, 4022.3359, 1553712300),
(2380, 0, 34, 4021.3200, 4021.4108, 1553712600),
(2381, 0, 35, 4018.0280, 4018.0286, 1553712900),
(2382, 0, 36, 4018.3050, 4018.4031, 1553713200),
(2383, 0, 37, 4015.5304, 4015.5489, 1553713500),
(2384, 0, 38, 4013.6310, 4013.6619, 1553713800),
(2385, 0, 39, 4016.2612, 4016.3022, 1553714100),
(2386, 0, 40, 4018.5845, 4018.6554, 1553714400),
(2387, 0, 41, 4017.4529, 4017.4726, 1553714700),
(2388, 0, 42, 4019.7792, 4019.8007, 1553715000),
(2389, 0, 43, 4022.1452, 4022.1977, 1553715300),
(2390, 0, 44, 4024.0299, 4024.0855, 1553715600),
(2391, 0, 45, 4022.5261, 4022.5651, 1553715900),
(2392, 0, 46, 4022.3609, 4022.4486, 1553716200),
(2393, 0, 47, 4023.8954, 4023.9775, 1553716500),
(2394, 0, 48, 4020.9663, 4021.0654, 1553716800),
(2395, 0, 49, 4017.6957, 4017.7005, 1553717100),
(2396, 0, 50, 4019.2750, 4019.3503, 1553717400),
(2397, 0, 51, 4019.5420, 4019.6076, 1553717700),
(2398, 0, 52, 4020.1490, 4020.1901, 1553718000),
(2399, 0, 53, 4018.1142, 4018.1472, 1553718300),
(2400, 0, 54, 4020.3247, 4020.3442, 1553718600),
(2401, 0, 55, 4023.0803, 4023.1581, 1553718900),
(2402, 0, 56, 4021.9065, 4021.9435, 1553719200),
(2403, 0, 57, 4023.6948, 4023.7485, 1553719500),
(2404, 0, 58, 4023.1162, 4023.1502, 1553719800),
(2405, 0, 59, 4023.7542, 4023.8102, 1553720100),
(2406, 0, 60, 4026.1000, 4026.1029, 1553720400),
(2407, 0, 61, 4025.6284, 4025.6461, 1553720700),
(2408, 0, 62, 4021.7056, 4021.7874, 1553721000),
(2409, 0, 63, 4022.1811, 4022.1961, 1553721300),
(2410, 0, 64, 4022.7492, 4022.7522, 1553721600),
(2411, 0, 65, 4024.0264, 4024.1227, 1553721900),
(2412, 0, 66, 4023.2658, 4023.3056, 1553722200),
(2413, 0, 67, 4022.7429, 4022.7854, 1553722500),
(2414, 0, 68, 4021.3760, 4021.4428, 1553722800),
(2415, 1, 69, 4020.0055, 4019.9384, 1553723100),
(2416, 0, 70, 4020.8528, 4020.9277, 1553723400),
(2417, 0, 71, 4021.8522, 4021.9295, 1553723700),
(2418, 0, 72, 4020.7202, 4020.7882, 1553724000),
(2419, 0, 73, 4021.8574, 4021.8796, 1553724300),
(2420, 0, 74, 4023.5075, 4023.5748, 1553724600),
(2421, 0, 75, 4022.8632, 4022.9433, 1553724900),
(2422, 0, 76, 4023.4460, 4023.5086, 1553725200),
(2423, 0, 77, 4022.9233, 4022.9928, 1553725500),
(2424, 0, 78, 4023.1826, 4023.2176, 1553725800),
(2425, 0, 79, 4023.2943, 4023.3027, 1553726100),
(2426, 0, 80, 4024.2107, 4024.2656, 1553726400),
(2427, 0, 81, 4023.7418, 4023.7910, 1553726700),
(2428, 0, 82, 4024.2363, 4024.3005, 1553727000),
(2429, 1, 83, 4026.3374, 4026.2858, 1553727300),
(2430, 0, 84, 4026.5602, 4026.5716, 1553727600),
(2431, 0, 85, 4028.0858, 4028.1472, 1553727900),
(2432, 0, 86, 4029.0262, 4029.0926, 1553728200),
(2433, 0, 87, 4031.7319, 4031.7443, 1553728500),
(2434, 0, 88, 4036.0758, 4036.1132, 1553728800),
(2435, 0, 89, 4032.3367, 4032.4049, 1553729100),
(2436, 0, 90, 4034.9957, 4035.0829, 1553729400),
(2437, 0, 91, 4036.6392, 4036.6422, 1553729700),
(2438, 0, 92, 4040.3930, 4040.4870, 1553730000),
(2439, 1, 93, 4041.9552, 4041.9265, 1553730300),
(2440, 0, 94, 4046.8598, 4046.9519, 1553730600),
(2441, 0, 95, 4043.2565, 4043.2962, 1553730900),
(2442, 0, 96, 4037.7059, 4037.7374, 1553731200),
(2443, 0, 97, 4029.0284, 4029.0906, 1553731500),
(2444, 0, 98, 4029.9872, 4030.0616, 1553731800),
(2445, 0, 99, 4028.8629, 4028.9145, 1553732100),
(2446, 0, 100, 4019.7218, 4019.7957, 1553732400),
(2447, 0, 101, 4028.4154, 4028.4700, 1553732700),
(2448, 0, 102, 4023.7022, 4023.7567, 1553733000),
(2449, 0, 103, 4022.1599, 4022.1906, 1553733300),
(2450, 0, 104, 4022.1599, 4022.2298, 1553733600),
(2451, 0, 105, 4028.8220, 4028.8275, 1553733900),
(2452, 0, 106, 4028.9390, 4028.9547, 1553734200),
(2453, 0, 107, 4028.6331, 4028.6945, 1553734500),
(2454, 0, 108, 4029.6622, 4029.7621, 1553734800),
(2455, 0, 109, 4029.5772, 4029.6360, 1553735100),
(2456, 0, 110, 4028.9576, 4028.9852, 1553735400),
(2457, 0, 111, 4025.7356, 4025.7808, 1553735700),
(2458, 0, 112, 4026.0554, 4026.0688, 1553736000),
(2459, 0, 113, 4023.1250, 4023.2148, 1553736300),
(2460, 0, 114, 4023.6589, 4023.7420, 1553736600),
(2461, 0, 115, 4020.8722, 4020.9350, 1553736900),
(2462, 0, 116, 4020.8722, 4020.9395, 1553737200),
(2463, 0, 117, 4023.6640, 4023.7633, 1553737500),
(2464, 0, 118, 4024.3558, 4024.4446, 1553737800),
(2465, 0, 119, 4027.5483, 4027.5531, 1553738100),
(2466, 0, 120, 4028.1828, 4028.2042, 1553738400),
(2467, 0, 121, 4026.0380, 4026.1056, 1553738700),
(2468, 0, 122, 4025.8363, 4025.9282, 1553739000),
(2469, 0, 123, 4026.6702, 4026.7062, 1553739300),
(2470, 0, 124, 4027.9086, 4027.9670, 1553739600),
(2471, 0, 125, 4026.9128, 4026.9469, 1553739900),
(2472, 0, 126, 4024.9294, 4025.0279, 1553740200),
(2473, 0, 127, 4026.0674, 4026.0998, 1553740500),
(2474, 1, 128, 4025.9216, 4025.9052, 1553740800),
(2475, 0, 129, 4027.9729, 4028.0704, 1553741100),
(2476, 0, 130, 4028.4991, 4028.5347, 1553741400),
(2477, 0, 131, 4029.1473, 4029.1889, 1553741700),
(2478, 0, 132, 4029.0849, 4029.0976, 1553742000),
(2479, 0, 133, 4030.0511, 4030.1410, 1553742300),
(2480, 0, 134, 4029.7055, 4029.7164, 1553742600),
(2481, 0, 135, 4030.3169, 4030.3862, 1553742900),
(2482, 0, 136, 4026.5781, 4026.6676, 1553743200),
(2483, 0, 137, 4024.0731, 4024.1301, 1553743500),
(2484, 0, 138, 4022.5925, 4022.6838, 1553743800),
(2485, 0, 139, 4022.6328, 4022.7235, 1553744100),
(2486, 0, 140, 4017.0557, 4017.1421, 1553744400),
(2487, 0, 141, 4016.9314, 4016.9950, 1553744700),
(2488, 0, 142, 4019.7184, 4019.7720, 1553745000),
(2489, 0, 143, 4020.3470, 4020.4437, 1553745300),
(2490, 0, 144, 4016.2093, 4016.2980, 1553745600),
(2491, 0, 145, 4015.2178, 4015.2741, 1553745900),
(2492, 0, 146, 4014.7053, 4014.7715, 1553746200),
(2493, 0, 147, 4012.0334, 4012.1331, 1553746500),
(2494, 0, 148, 4012.1697, 4012.2540, 1553746800),
(2495, 0, 149, 4008.8635, 4008.9102, 1553747100),
(2496, 0, 150, 4011.9142, 4011.9151, 1553747400),
(2497, 0, 151, 4010.7083, 4010.7517, 1553747700),
(2498, 0, 152, 4010.0827, 4010.1638, 1553748000),
(2499, 0, 153, 4012.3386, 4012.3511, 1553748300),
(2500, 0, 154, 4014.4913, 4014.5364, 1553748600),
(2501, 1, 155, 4014.9800, 4014.9231, 1553748900),
(2502, 0, 156, 4014.6189, 4014.6567, 1553749200),
(2503, 1, 157, 4013.7330, 4013.7019, 1553749500),
(2504, 0, 158, 4014.1127, 4014.1401, 1553749800),
(2505, 1, 159, 4011.8656, 4011.8554, 1553750100),
(2506, 0, 160, 4011.6180, 4011.6815, 1553750400),
(2507, 1, 161, 4012.3749, 4012.3343, 1553750700),
(2508, 0, 162, 4013.7929, 4013.8437, 1553751000),
(2509, 0, 163, 4018.0365, 4018.0980, 1553751300),
(2510, 0, 164, 4018.5761, 4018.6043, 1553751600),
(2511, 0, 165, 4021.4999, 4021.5937, 1553751900),
(2512, 0, 166, 4025.9682, 4025.9881, 1553752200),
(2513, 0, 167, 4027.8722, 4027.9092, 1553752500),
(2514, 0, 168, 4027.1628, 4027.1724, 1553752800),
(2515, 0, 169, 4024.7253, 4024.7480, 1553753100),
(2516, 0, 170, 4027.6014, 4027.6099, 1553753400),
(2517, 0, 171, 4028.0157, 4028.0175, 1553753700),
(2518, 0, 172, 4028.1910, 4028.2250, 1553754000),
(2519, 0, 173, 4026.3088, 4026.4032, 1553754300),
(2520, 0, 174, 4022.5854, 4022.6089, 1553754600),
(2521, 0, 175, 4021.7458, 4021.7848, 1553754900),
(2522, 0, 176, 4022.7824, 4022.8088, 1553755200),
(2523, 0, 177, 4023.0658, 4023.1025, 1553755500),
(2524, 0, 178, 4022.9477, 4022.9769, 1553755800),
(2525, 0, 179, 4023.1771, 4023.2242, 1553756100),
(2526, 0, 180, 4023.1826, 4023.2639, 1553756400),
(2527, 0, 181, 4023.4648, 4023.5169, 1553756700),
(2528, 0, 182, 4023.4475, 4023.4746, 1553757000),
(2529, 0, 183, 4021.9142, 4021.9288, 1553757300),
(2530, 0, 184, 4021.9142, 4021.9334, 1553757600),
(2531, 0, 185, 4021.3872, 4021.4217, 1553757900),
(2532, 0, 186, 4021.7376, 4021.7994, 1553758200),
(2533, 0, 187, 4023.1695, 4023.2300, 1553758500),
(2534, 0, 188, 4027.1693, 4027.2528, 1553758800),
(2535, 0, 189, 4027.0095, 4027.0778, 1553759100),
(2536, 0, 190, 4025.8410, 4025.9142, 1553759400),
(2537, 1, 191, 4025.7517, 4025.7233, 1553759700),
(2538, 1, 192, 4025.7112, 4025.6780, 1553760000),
(2539, 0, 193, 4021.3515, 4021.4072, 1553760300),
(2540, 0, 194, 4021.3515, 4021.3883, 1553760600),
(2541, 1, 195, 4020.1456, 4020.1225, 1553760900),
(2542, 1, 196, 4015.8100, 4015.7770, 1553761200),
(2543, 1, 197, 4014.9520, 4014.8677, 1553761500),
(2544, 1, 198, 4017.0885, 4017.0672, 1553761800),
(2545, 1, 199, 4015.0438, 4015.0022, 1553762100),
(2546, 1, 200, 4016.5869, 4016.5393, 1553762400),
(2547, 0, 201, 4020.2220, 4020.2820, 1553762700),
(2548, 0, 202, 4021.7538, 4021.7650, 1553763000),
(2549, 0, 203, 4021.2911, 4021.3419, 1553763300),
(2550, 0, 204, 4021.4435, 4021.5226, 1553763600),
(2551, 0, 205, 4021.1351, 4021.1619, 1553763900),
(2552, 0, 206, 4020.0435, 4020.0537, 1553764200),
(2553, 0, 207, 4016.9162, 4016.9398, 1553764500),
(2554, 0, 208, 4015.8367, 4015.8760, 1553764800),
(2555, 0, 209, 4015.5347, 4015.5841, 1553765100);

-- --------------------------------------------------------

--
-- 表的结构 `btc_w_openset`
--

CREATE TABLE `btc_w_openset` (
  `number` int(4) UNSIGNED NOT NULL COMMENT '期数：一天288期',
  `set` tinyint(1) NOT NULL DEFAULT '0' COMMENT '设置开盘涨/跌 0-涨 1-跌'
) ENGINE=MyISAM DEFAULT CHARSET=utf8 COMMENT='开盘设置';

--
-- 转存表中的数据 `btc_w_openset`
--

INSERT INTO `btc_w_openset` (`number`, `set`) VALUES
(1, 1),
(2, 0),
(3, 1),
(4, 0),
(5, 1),
(6, 0),
(7, 1),
(8, 0),
(9, 1),
(10, 1),
(11, 0),
(12, 1),
(13, 1),
(14, 1),
(15, 0),
(16, 0),
(17, 0),
(18, 0),
(19, 0),
(20, 0),
(21, 0),
(22, 0),
(23, 0),
(24, 0),
(25, 0),
(26, 0),
(27, 0),
(28, 1),
(29, 0),
(30, 0),
(31, 1),
(32, 0),
(33, 0),
(34, 0),
(35, 0),
(36, 0),
(37, 0),
(38, 0),
(39, 0),
(40, 0),
(41, 0),
(42, 0),
(43, 0),
(44, 0),
(45, 0),
(46, 0),
(47, 0),
(48, 0),
(49, 0),
(50, 0),
(51, 0),
(52, 0),
(53, 0),
(54, 0),
(55, 0),
(56, 0),
(57, 0),
(58, 0),
(59, 0),
(60, 0),
(61, 0),
(62, 0),
(63, 0),
(64, 0),
(65, 0),
(66, 0),
(67, 0),
(68, 0),
(69, 1),
(70, 0),
(71, 0),
(72, 0),
(73, 0),
(74, 0),
(75, 0),
(76, 0),
(77, 0),
(78, 0),
(79, 0),
(80, 0),
(81, 0),
(82, 0),
(83, 1),
(84, 0),
(85, 0),
(86, 0),
(87, 0),
(88, 0),
(89, 0),
(90, 0),
(91, 0),
(92, 0),
(93, 1),
(94, 0),
(95, 0),
(96, 0),
(97, 0),
(98, 0),
(99, 0),
(100, 0),
(101, 0),
(102, 0),
(103, 0),
(104, 0),
(105, 0),
(106, 0),
(107, 0),
(108, 0),
(109, 0),
(110, 0),
(111, 0),
(112, 0),
(113, 0),
(114, 0),
(115, 0),
(116, 0),
(117, 0),
(118, 0),
(119, 0),
(120, 0),
(121, 0),
(122, 0),
(123, 0),
(124, 0),
(125, 0),
(126, 0),
(127, 0),
(128, 1),
(129, 0),
(130, 0),
(131, 0),
(132, 0),
(133, 0),
(134, 0),
(135, 0),
(136, 0),
(137, 0),
(138, 0),
(139, 0),
(140, 0),
(141, 0),
(142, 0),
(143, 0),
(144, 0),
(145, 0),
(146, 0),
(147, 0),
(148, 0),
(149, 0),
(150, 0),
(151, 0),
(152, 0),
(153, 0),
(154, 0),
(155, 1),
(156, 0),
(157, 1),
(158, 0),
(159, 1),
(160, 0),
(161, 1),
(162, 0),
(163, 0),
(164, 0),
(165, 0),
(166, 0),
(167, 0),
(168, 0),
(169, 0),
(170, 0),
(171, 0),
(172, 0),
(173, 0),
(174, 0),
(175, 0),
(176, 0),
(177, 0),
(178, 0),
(179, 0),
(180, 0),
(181, 0),
(182, 0),
(183, 0),
(184, 0),
(185, 0),
(186, 0),
(187, 0),
(188, 0),
(189, 0),
(190, 0),
(191, 1),
(192, 1),
(193, 0),
(194, 0),
(195, 1),
(196, 1),
(197, 1),
(198, 1),
(199, 1),
(200, 1),
(201, 0),
(202, 0),
(203, 0),
(204, 0),
(205, 0),
(206, 0),
(207, 0),
(208, 0),
(209, 0),
(210, 0),
(211, 0),
(212, 0),
(213, 0),
(214, 0),
(215, 0),
(216, 0),
(217, 0),
(218, 0),
(219, 0),
(220, 0),
(221, 0),
(222, 0),
(223, 0),
(224, 0),
(225, 0),
(226, 0),
(227, 1),
(228, 0),
(229, 0),
(230, 0),
(231, 0),
(232, 0),
(233, 0),
(234, 0),
(235, 0),
(236, 0),
(237, 0),
(238, 0),
(239, 0),
(240, 0),
(241, 0),
(242, 0),
(243, 0),
(244, 0),
(245, 0),
(246, 0),
(247, 0),
(248, 0),
(249, 0),
(250, 0),
(251, 0),
(252, 1),
(253, 1),
(254, 1),
(255, 0),
(256, 1),
(257, 1),
(258, 1),
(259, 1),
(260, 1),
(261, 0),
(262, 0),
(263, 0),
(264, 1),
(265, 1),
(266, 0),
(267, 0),
(268, 1),
(269, 1),
(270, 1),
(271, 1),
(272, 1),
(273, 1),
(274, 1),
(275, 1),
(276, 1),
(277, 1),
(278, 1),
(279, 1),
(280, 1),
(281, 1),
(282, 1),
(283, 1),
(284, 1),
(285, 1),
(286, 1),
(287, 1),
(288, 1);

-- --------------------------------------------------------

--
-- 表的结构 `btc_w_set`
--

CREATE TABLE `btc_w_set` (
  `id` int(4) UNSIGNED NOT NULL,
  `set` tinyint(1) DEFAULT '0' COMMENT '0-表示开盘  1-表示休盘',
  `odds_set` float(5,2) DEFAULT '0.00' COMMENT '赔率设置',
  `last` float(16,4) DEFAULT '0.0000' COMMENT '最终价格',
  `open` float(16,4) DEFAULT '0.0000' COMMENT '开盘',
  `low` float(16,4) DEFAULT '0.0000' COMMENT '最低',
  `high` float(16,4) DEFAULT '0.0000' COMMENT '最高',
  `execute_price` float(16,4) DEFAULT NULL COMMENT '执行价格',
  `last_price` float(16,4) DEFAULT NULL COMMENT '成交价格',
  `update_time` int(16) DEFAULT NULL COMMENT '更新时间'
) ENGINE=MyISAM DEFAULT CHARSET=utf8 COMMENT='微盘设置';

--
-- 转存表中的数据 `btc_w_set`
--

INSERT INTO `btc_w_set` (`id`, `set`, `odds_set`, `last`, `open`, `low`, `high`, `execute_price`, `last_price`, `update_time`) VALUES
(1, 0, 1.99, 3829.4958, 3829.8999, 3812.0100, 3935.4099, 3875.2488, 3875.3250, 1552362110);

--
-- Indexes for dumped tables
--

--
-- Indexes for table `btc_admin`
--
ALTER TABLE `btc_admin`
  ADD PRIMARY KEY (`admin_id`,`user_name`);

--
-- Indexes for table `btc_authentication`
--
ALTER TABLE `btc_authentication`
  ADD PRIMARY KEY (`authentication_id`);

--
-- Indexes for table `btc_bank`
--
ALTER TABLE `btc_bank`
  ADD PRIMARY KEY (`bank_id`);

--
-- Indexes for table `btc_bulletin`
--
ALTER TABLE `btc_bulletin`
  ADD PRIMARY KEY (`bulletin_id`);

--
-- Indexes for table `btc_common_problem`
--
ALTER TABLE `btc_common_problem`
  ADD PRIMARY KEY (`common_problem_id`);

--
-- Indexes for table `btc_currency_value`
--
ALTER TABLE `btc_currency_value`
  ADD PRIMARY KEY (`id`);

--
-- Indexes for table `btc_exchange`
--
ALTER TABLE `btc_exchange`
  ADD PRIMARY KEY (`id`);

--
-- Indexes for table `btc_home_info`
--
ALTER TABLE `btc_home_info`
  ADD PRIMARY KEY (`id`);

--
-- Indexes for table `btc_i18n`
--
ALTER TABLE `btc_i18n`
  ADD PRIMARY KEY (`i18n_id`);

--
-- Indexes for table `btc_information`
--
ALTER TABLE `btc_information`
  ADD PRIMARY KEY (`information_id`);

--
-- Indexes for table `btc_message`
--
ALTER TABLE `btc_message`
  ADD PRIMARY KEY (`msg_id`);

--
-- Indexes for table `btc_order_info`
--
ALTER TABLE `btc_order_info`
  ADD PRIMARY KEY (`order_id`);

--
-- Indexes for table `btc_problem`
--
ALTER TABLE `btc_problem`
  ADD PRIMARY KEY (`problem_id`);

--
-- Indexes for table `btc_problem_attach`
--
ALTER TABLE `btc_problem_attach`
  ADD PRIMARY KEY (`attach_id`);

--
-- Indexes for table `btc_send`
--
ALTER TABLE `btc_send`
  ADD PRIMARY KEY (`send_id`);

--
-- Indexes for table `btc_service`
--
ALTER TABLE `btc_service`
  ADD PRIMARY KEY (`service_id`);

--
-- Indexes for table `btc_show_currency_value`
--
ALTER TABLE `btc_show_currency_value`
  ADD PRIMARY KEY (`id`);

--
-- Indexes for table `btc_token`
--
ALTER TABLE `btc_token`
  ADD PRIMARY KEY (`token`);

--
-- Indexes for table `btc_up_order`
--
ALTER TABLE `btc_up_order`
  ADD PRIMARY KEY (`up_order_id`);

--
-- Indexes for table `btc_user`
--
ALTER TABLE `btc_user`
  ADD PRIMARY KEY (`user_id`,`email`);

--
-- Indexes for table `btc_user_account`
--
ALTER TABLE `btc_user_account`
  ADD PRIMARY KEY (`account_id`);

--
-- Indexes for table `btc_user_attach`
--
ALTER TABLE `btc_user_attach`
  ADD PRIMARY KEY (`attach_id`);

--
-- Indexes for table `btc_user_set`
--
ALTER TABLE `btc_user_set`
  ADD PRIMARY KEY (`seting_id`);

--
-- Indexes for table `btc_user_wallet_address`
--
ALTER TABLE `btc_user_wallet_address`
  ADD PRIMARY KEY (`user_wallet_address_id`);

--
-- Indexes for table `btc_wallet_address`
--
ALTER TABLE `btc_wallet_address`
  ADD PRIMARY KEY (`wallet_address_id`);

--
-- Indexes for table `btc_w_minlog`
--
ALTER TABLE `btc_w_minlog`
  ADD PRIMARY KEY (`id`,`order_id`);

--
-- Indexes for table `btc_w_openlog`
--
ALTER TABLE `btc_w_openlog`
  ADD PRIMARY KEY (`id`);

--
-- Indexes for table `btc_w_openset`
--
ALTER TABLE `btc_w_openset`
  ADD PRIMARY KEY (`number`);

--
-- Indexes for table `btc_w_set`
--
ALTER TABLE `btc_w_set`
  ADD PRIMARY KEY (`id`);

--
-- 在导出的表使用AUTO_INCREMENT
--

--
-- 使用表AUTO_INCREMENT `btc_w_minlog`
--
ALTER TABLE `btc_w_minlog`
  MODIFY `id` int(8) UNSIGNED NOT NULL AUTO_INCREMENT, AUTO_INCREMENT=125;

--
-- 使用表AUTO_INCREMENT `btc_w_openlog`
--
ALTER TABLE `btc_w_openlog`
  MODIFY `id` int(16) UNSIGNED NOT NULL AUTO_INCREMENT, AUTO_INCREMENT=2556;
COMMIT;

/*!40101 SET CHARACTER_SET_CLIENT=@OLD_CHARACTER_SET_CLIENT */;
/*!40101 SET CHARACTER_SET_RESULTS=@OLD_CHARACTER_SET_RESULTS */;
/*!40101 SET COLLATION_CONNECTION=@OLD_COLLATION_CONNECTION */;
