/*
Navicat MySQL Data Transfer

Source Server         : 我的服务器
Source Server Version : 50637
Source Host           : 47.95.255.97:3306
Source Database       : btc

Target Server Type    : MYSQL
Target Server Version : 50637
File Encoding         : 65001

Date: 2018-05-10 09:54:19
*/

SET FOREIGN_KEY_CHECKS=0;

-- ----------------------------
-- Table structure for btc_admin
-- ----------------------------
DROP TABLE IF EXISTS `btc_admin`;
CREATE TABLE `btc_admin` (
  `admin_id` varchar(32) NOT NULL COMMENT '后台管理id',
  `user_name` varchar(16) NOT NULL COMMENT '管理员账号名',
  `pass_word` varchar(32) NOT NULL DEFAULT '' COMMENT '管理员密码',
  `login_ip` varchar(16) DEFAULT NULL COMMENT '最后登录的IP',
  `status` tinyint(1) NOT NULL DEFAULT '0' COMMENT '0-正常使用 -1-封号',
  `end_time` varchar(10) DEFAULT NULL COMMENT '最后登录的时间',
  `create_time` varchar(10) DEFAULT NULL COMMENT '创建时间',
  `is_deleted` tinyint(1) DEFAULT '0' COMMENT '是否删除 0-未删除 1 -已删除',
  `delete_time` varchar(10) DEFAULT NULL COMMENT '删除时间',
  `update_time` varchar(10) DEFAULT NULL COMMENT '更新时间',
  PRIMARY KEY (`admin_id`,`user_name`)
) ENGINE=InnoDB DEFAULT CHARSET=utf8 COMMENT='后台管理表';

-- ----------------------------
-- Records of btc_admin
-- ----------------------------
INSERT INTO `btc_admin` VALUES ('10000000000000000000000000000000', 'admin', '437d7e07ef3af226d43dbd3665ef0d99', null, '0', null, null, '0', null, null);

-- ----------------------------
-- Table structure for btc_authentication
-- ----------------------------
DROP TABLE IF EXISTS `btc_authentication`;
CREATE TABLE `btc_authentication` (
  `authentication_id` varchar(32) NOT NULL COMMENT '认证ID',
  `user_id` varchar(32) NOT NULL COMMENT '用户ID',
  `f_status_url` varchar(255) NOT NULL COMMENT '正面身份证图片的url',
  `r_status_url` varchar(255) NOT NULL COMMENT '身份证反面的url',
  `hand_status_url` varchar(255) NOT NULL COMMENT '手持身份证的URL',
  `status` varchar(2) NOT NULL DEFAULT '0' COMMENT '0-待审核 1-审核通过 -1 审核不通过',
  `delete_time` varchar(12) CHARACTER SET latin1 DEFAULT NULL COMMENT '删除时间',
  `update_time` varchar(12) CHARACTER SET latin1 DEFAULT NULL COMMENT '更新时间',
  `create_time` varchar(12) CHARACTER SET latin1 DEFAULT NULL COMMENT '创建时间',
  `is_deleted` varchar(1) CHARACTER SET latin1 NOT NULL DEFAULT '0' COMMENT '是否删除0-未删除 1-已删除',
  PRIMARY KEY (`authentication_id`)
) ENGINE=InnoDB DEFAULT CHARSET=utf8 COMMENT='认证审核表';

-- ----------------------------
-- Records of btc_authentication
-- ----------------------------

-- ----------------------------
-- Table structure for btc_bank
-- ----------------------------
DROP TABLE IF EXISTS `btc_bank`;
CREATE TABLE `btc_bank` (
  `bank_id` varchar(32) NOT NULL,
  `bank_name` varchar(50) NOT NULL,
  `bank_type` varchar(1) NOT NULL COMMENT '1主银行2.银行分行',
  `bank_parent` varchar(32) NOT NULL DEFAULT '0' COMMENT '父类ID',
  `is_deleted` varchar(1) NOT NULL DEFAULT '0' COMMENT '是否删除',
  `delete_time` varchar(12) DEFAULT NULL COMMENT '删除时间',
  `update_time` varchar(12) DEFAULT NULL COMMENT '更新时间',
  `create_time` varchar(12) DEFAULT NULL COMMENT '创建时间',
  PRIMARY KEY (`bank_id`)
) ENGINE=InnoDB DEFAULT CHARSET=utf8;

-- ----------------------------
-- Records of btc_bank
-- ----------------------------
INSERT INTO `btc_bank` VALUES ('a2018050920400315258696034838354', '0040152 臺銀新竹', '2', 'z2018050920384315258695239267163', '0', null, null, '1525869603');
INSERT INTO `btc_bank` VALUES ('a2018050920481615258700968513409', '0040211 臺銀高加', '2', 'z2018050920384315258695239267163', '0', null, null, '1525870096');
INSERT INTO `btc_bank` VALUES ('a2018050920491315258701530905375', '0040233 臺銀臺東', '2', 'z2018050920384315258695239267163', '0', null, null, '1525870153');
INSERT INTO `btc_bank` VALUES ('A2018050920552615258705261998477', '0040392 臺銀馬祖', '2', 'z2018050920384315258695239267163', '0', null, null, '1525870526');
INSERT INTO `btc_bank` VALUES ('a2018050920563015258705903482364', '0040439 臺銀頭份', '2', 'z2018050920384315258695239267163', '0', null, null, '1525870590');
INSERT INTO `btc_bank` VALUES ('a2018050921004715258708477917490', '0040521 臺銀龍山', '2', 'z2018050920384315258695239267163', '0', null, null, '1525870847');
INSERT INTO `btc_bank` VALUES ('A2018050921010815258708689863621', '0040543 臺銀信義', '2', 'z2018050920384315258695239267163', '0', null, null, '1525870868');
INSERT INTO `btc_bank` VALUES ('A2018050921011715258708777661043', '0040554 臺銀復興', '2', 'z2018050920384315258695239267163', '0', null, null, '1525870877');
INSERT INTO `btc_bank` VALUES ('A2018050921012615258708864600776', '0040565 臺銀三民', '2', 'z2018050920384315258695239267163', '0', null, null, '1525870886');
INSERT INTO `btc_bank` VALUES ('A2018050921025415258709740958520', '0040646 臺銀松山', '2', 'z2018050920384315258695239267163', '0', null, null, '1525870974');
INSERT INTO `btc_bank` VALUES ('A2018050921032115258710019719533', '0040679 臺銀太保', '2', 'z2018050920384315258695239267163', '0', null, null, '1525871001');
INSERT INTO `btc_bank` VALUES ('A2018050922233515258758154981358', '0040794 臺銀黎明', '2', 'z2018050920384315258695239267163', '0', null, null, '1525875815');
INSERT INTO `btc_bank` VALUES ('a2018050922283515258761156158916', '0040794 臺銀黎明', '2', 'z2018050920384315258695239267163', '1', null, null, '1525876115');
INSERT INTO `btc_bank` VALUES ('a2018050922304115258762416120950', '0040853 臺銀世貿', '2', 'z2018050920384315258695239267163', '0', null, null, '1525876241');
INSERT INTO `btc_bank` VALUES ('a2018050922311315258762735269670', '0040886 臺銀潮州', '2', 'z2018050920384315258695239267163', '0', null, null, '1525876273');
INSERT INTO `btc_bank` VALUES ('a2018050922312115258762819238617', '0040897 臺銀蘇澳', '2', 'z2018050920384315258695239267163', '0', null, null, '1525876281');
INSERT INTO `btc_bank` VALUES ('A2018050922314915258763095965628', '0040923 臺銀中工', '2', 'z2018050920384315258695239267163', '0', null, null, '1525876309');
INSERT INTO `btc_bank` VALUES ('a2018050922323815258763586715368', '0041104 台银中崙', '2', 'z2018050920384315258695239267163', '0', null, null, '1525876358');
INSERT INTO `btc_bank` VALUES ('A2018050922331815258763980710431', '0041182 臺銀五甲', '2', 'z2018050920384315258695239267163', '0', null, null, '1525876398');
INSERT INTO `btc_bank` VALUES ('A2018050922340415258764447798166', '0041230 臺銀南崁', '2', 'z2018050920384315258695239267163', '0', null, null, '1525876444');
INSERT INTO `btc_bank` VALUES ('A2018050922350315258765038315587', '0041425 臺銀天母', '2', 'z2018050920384315258695239267163', '0', null, null, '1525876503');
INSERT INTO `btc_bank` VALUES ('a2018050922354015258765400047222', '0041447 臺銀內壢', '2', 'z2018050920384315258695239267163', '0', null, null, '1525876540');
INSERT INTO `btc_bank` VALUES ('A2018050922355615258765565419825', '0041470 臺銀虎尾', '2', 'z2018050920384315258695239267163', '0', null, null, '1525876556');
INSERT INTO `btc_bank` VALUES ('a2018050922363315258765937753040', '0041551 臺銀東港', '2', 'z2018050920384315258695239267163', '0', null, null, '1525876593');
INSERT INTO `btc_bank` VALUES ('a2018050922373415258766543691485', '0041643 臺銀北大', '2', 'z2018050920384315258695239267163', '0', null, null, '1525876654');
INSERT INTO `btc_bank` VALUES ('a2018050922390715258767475443402', '0041953 臺銀愛國簡', '2', 'z2018050920384315258695239267163', '0', null, null, '1525876747');
INSERT INTO `btc_bank` VALUES ('A2018050922433615258770164519231', '0042444 臺銀新永和', '2', 'z2018050920384315258695239267163', '0', null, null, '1525877016');
INSERT INTO `btc_bank` VALUES ('a2018050922445415258770943010237', '0042499 臺銀北臺中', '2', 'z2018050920384315258695239267163', '0', null, null, '1525877094');
INSERT INTO `btc_bank` VALUES ('a2018050922452715258771273231924', '0042569 臺銀成功', '2', 'z2018050920384315258695239267163', '0', null, null, '1525877127');
INSERT INTO `btc_bank` VALUES ('A2018050922460315258771637661750', '0042721 臺銀六假頂', '2', 'z2018050920384315258695239267163', '0', null, null, '1525877163');
INSERT INTO `btc_bank` VALUES ('A2018050922461115258771718151042', '0042787 臺銀中都', '2', 'z2018050920384315258695239267163', '0', null, null, '1525877171');
INSERT INTO `btc_bank` VALUES ('a2018050923370515258802250527365', '008 華南商業銀行', '1', '0', '0', null, null, '1525880225');
INSERT INTO `btc_bank` VALUES ('a2018050923371015258802302906175', '009 彰化商業銀行', '1', '0', '0', null, null, '1525880230');
INSERT INTO `btc_bank` VALUES ('A2018050923371615258802368854317', '011 上海商業儲蓄銀行', '1', '0', '0', null, null, '1525880236');
INSERT INTO `btc_bank` VALUES ('A2018050923373115258802514617268', '013 國泰世華商業銀行', '1', '0', '0', null, null, '1525880251');
INSERT INTO `btc_bank` VALUES ('A2018050923374415258802649510938', '017 兆豐國際商業銀行', '1', '0', '0', null, null, '1525880264');
INSERT INTO `btc_bank` VALUES ('A2018050923380015258802808993602', '020 日商瑞穗銀行台北分行', '1', '0', '0', null, null, '1525880280');
INSERT INTO `btc_bank` VALUES ('A2018050923382015258803000912879', '023 泰國盤谷銀行台北分行', '1', '0', '0', null, null, '1525880300');
INSERT INTO `btc_bank` VALUES ('A2018050923382615258803066346615', '025 菲律賓首都銀行台北分行', '1', '0', '0', null, null, '1525880306');
INSERT INTO `btc_bank` VALUES ('A2018050923383715258803178730228', '030 美商道富銀行台北分行', '1', '0', '0', null, null, '1525880317');
INSERT INTO `btc_bank` VALUES ('a2018050923390215258803428393295', '050 臺灣中小企業銀行', '1', '0', '0', null, null, '1525880342');
INSERT INTO `btc_bank` VALUES ('A2018050923393915258803799638610', '061 中華票券金融股份有限公司', '1', '0', '0', null, null, '1525880379');
INSERT INTO `btc_bank` VALUES ('a2018050923394715258803873247448', '062 國際票券金融股份有限公司', '1', '0', '0', null, null, '1525880387');
INSERT INTO `btc_bank` VALUES ('A2018050923401015258804102918968', '075 香港商東亞銀行台北分行', '1', '0', '0', null, null, '1525880410');
INSERT INTO `btc_bank` VALUES ('A2018050923405215258804529312412', '093 荷商安智銀行台北分行', '1', '0', '0', null, null, '1525880452');
INSERT INTO `btc_bank` VALUES ('A2018050923411215258804720073032', '102 華泰商業銀行', '1', '0', '0', null, null, '1525880472');
INSERT INTO `btc_bank` VALUES ('A2018050923412815258804889150991', '108 陽信商業銀行', '1', '0', '0', null, null, '1525880488');
INSERT INTO `btc_bank` VALUES ('A2018050923414015258805004629649', '115 基隆市第二信用合作社', '1', '0', '0', null, null, '1525880500');
INSERT INTO `btc_bank` VALUES ('A2018050923414715258805073201782', '118 板信商業銀行', '1', '0', '0', null, null, '1525880507');
INSERT INTO `btc_bank` VALUES ('A2018050923415215258805129845680', '119 淡水第一信用合作社', '1', '0', '0', null, null, '1525880512');
INSERT INTO `btc_bank` VALUES ('A2018050923415915258805191971948', '120 新北市淡水信用合作社', '1', '0', '0', null, null, '1525880519');
INSERT INTO `btc_bank` VALUES ('A2018050923423215258805521877529', '146 台中市第二信用合作社', '1', '0', '0', null, null, '1525880552');
INSERT INTO `btc_bank` VALUES ('a2018050923423715258805572499399', '147 三信商業銀行', '1', '0', '0', null, null, '1525880557');
INSERT INTO `btc_bank` VALUES ('a2018050923453315258807337296368', '326 西班牙商西班牙對外銀行臺北分行', '1', '0', '0', null, null, '1525880733');
INSERT INTO `btc_bank` VALUES ('A2018050923455115258807512975624', '381 大陸商交通銀行臺北分行', '1', '0', '0', null, null, '1525880751');
INSERT INTO `btc_bank` VALUES ('A2018050923461415258807743971527', '504 北農中心所屬會員', '1', '0', '0', null, null, '1525880774');
INSERT INTO `btc_bank` VALUES ('A2018050923462415258807849101938', '506 聯資中心所屬會員', '1', '0', '0', null, null, '1525880784');
INSERT INTO `btc_bank` VALUES ('A2018050923464415258808044139382', '511 農金資中心', '1', '0', '0', null, null, '1525880804');
INSERT INTO `btc_bank` VALUES ('A2018050923475715258808770558454', '526 南農中心所屬會員', '1', '0', '0', null, null, '1525880877');
INSERT INTO `btc_bank` VALUES ('a2018050923482315258809033212773', '551 農金資中心', '1', '0', '0', null, null, '1525880903');
INSERT INTO `btc_bank` VALUES ('A2018050923490915258809496165453', '565 龍崎農會', '1', '0', '0', null, null, '1525880949');
INSERT INTO `btc_bank` VALUES ('A2018050923492015258809604064737', '568 農金資中心', '1', '0', '0', null, null, '1525880960');
INSERT INTO `btc_bank` VALUES ('A2018050923493915258809792957292', '575 農金資中心', '1', '0', '0', null, null, '1525880979');
INSERT INTO `btc_bank` VALUES ('A2018050923500415258810045045058', '581 農金資中心', '1', '0', '0', null, null, '1525881004');
INSERT INTO `btc_bank` VALUES ('a2018050923504515258810452453513', '605 高雄市高雄地區農會', '1', '0', '0', null, null, '1525881045');
INSERT INTO `btc_bank` VALUES ('a2018050923512115258810811357973', '607 北農中心所屬會員', '1', '0', '0', null, null, '1525881081');
INSERT INTO `btc_bank` VALUES ('A2018050923522115258811411842672', '618 南農中心所屬會員', '1', '0', '0', null, null, '1525881141');
INSERT INTO `btc_bank` VALUES ('a2018050923523015258811503808107', '620 南農中心所屬會員', '1', '0', '0', null, null, '1525881150');
INSERT INTO `btc_bank` VALUES ('a2018050923523515258811553369414', '621 南農中心所屬會員', '1', '0', '0', null, null, '1525881155');
INSERT INTO `btc_bank` VALUES ('a2018050923530015258811801071917', '625 臺中市臺中地區農會', '1', '0', '0', null, null, '1525881180');
INSERT INTO `btc_bank` VALUES ('A2018050923533215258812127190752', '633 農金資中心', '1', '0', '0', null, null, '1525881212');
INSERT INTO `btc_bank` VALUES ('a2018050923542015258812601572495', '647 農金資中心', '1', '0', '0', null, null, '1525881260');
INSERT INTO `btc_bank` VALUES ('A2018050923555815258813584005374', '810 星展（台灣）商業銀行', '1', '0', '0', null, null, '1525881358');
INSERT INTO `btc_bank` VALUES ('A2018050923562115258813811125086', '815 日盛國際商業銀行', '1', '0', '0', null, null, '1525881381');
INSERT INTO `btc_bank` VALUES ('A2018050923570815258814285986274', '871 農金資中心', '1', '0', '0', null, null, '1525881428');
INSERT INTO `btc_bank` VALUES ('A2018050923574015258814608253976', '879 農金資中心', '1', '0', '0', null, null, '1525881460');
INSERT INTO `btc_bank` VALUES ('a2018050923583215258815128280032', '891 花蓮農會', '1', '0', '0', null, null, '1525881512');
INSERT INTO `btc_bank` VALUES ('A2018050923585415258815346708629', '898 光豐農會', '1', '0', '0', null, null, '1525881534');
INSERT INTO `btc_bank` VALUES ('a2018050923595015258815906730567', '908 農金資中心', '1', '0', '0', null, null, '1525881590');
INSERT INTO `btc_bank` VALUES ('a2018050923595415258815947124181', '909 農金資中心', '1', '0', '0', null, null, '1525881594');
INSERT INTO `btc_bank` VALUES ('A2018051000000615258816061765689', '914 農金資中心', '1', '0', '0', null, null, '1525881606');
INSERT INTO `btc_bank` VALUES ('A2018051000004415258816447539323', '922 臺南農會', '1', '0', '0', null, null, '1525881644');
INSERT INTO `btc_bank` VALUES ('A2018051000012815258816880190533', '995 關貿網路股份有限公司', '1', '0', '0', null, null, '1525881688');
INSERT INTO `btc_bank` VALUES ('a2018051009452915259167295800933', '上海', '2', 'A2018050923371615258802368854317', '0', null, null, '1525916729');
INSERT INTO `btc_bank` VALUES ('b2018050920390315258695437452603', '0040059 臺銀公庫部', '2', 'z2018050920384315258695239267163', '0', null, null, '1525869543');
INSERT INTO `btc_bank` VALUES ('B2018050920393615258695764711474', '0040118 臺銀高雄', '2', 'z2018050920384315258695239267163', '0', null, null, '1525869576');
INSERT INTO `btc_bank` VALUES ('B2018050920394215258695826689771', '0040129 臺銀基隆', '2', 'z2018050920384315258695239267163', '0', null, null, '1525869582');
INSERT INTO `btc_bank` VALUES ('b2018050920402315258696234852096', '0040185 臺銀花蓮', '2', 'z2018050920384315258695239267163', '0', null, null, '1525869623');
INSERT INTO `btc_bank` VALUES ('b2018050920411015258696705949916', '0040200 臺銀中山', '2', 'z2018050920384315258695239267163', '0', null, null, '1525869670');
INSERT INTO `btc_bank` VALUES ('b2018050920495815258701983265806', '0040266 臺銀桃園', '2', 'z2018050920384315258695239267163', '0', null, null, '1525870198');
INSERT INTO `btc_bank` VALUES ('b2018050920540615258704463620626', '0040325 臺銀南投', '2', 'z2018050920384315258695239267163', '0', null, null, '1525870446');
INSERT INTO `btc_bank` VALUES ('b2018050920544415258704843331490', '0040369 臺銀北投', '2', 'z2018050920384315258695239267163', '0', null, null, '1525870484');
INSERT INTO `btc_bank` VALUES ('b2018050920551415258705147192578', '0040381 臺銀金門', '2', 'z2018050920384315258695239267163', '0', null, null, '1525870514');
INSERT INTO `btc_bank` VALUES ('B2018050920555415258705548937375', '0040417 臺銀中壢', '2', 'z2018050920384315258695239267163', '0', null, null, '1525870554');
INSERT INTO `btc_bank` VALUES ('b2018050920595115258707911419135', '0040462 臺銀民權', '2', 'z2018050920384315258695239267163', '0', null, null, '1525870791');
INSERT INTO `btc_bank` VALUES ('B2018050921005915258708591241053', '0040532 臺銀忠孝', '2', 'z2018050920384315258695239267163', '0', null, null, '1525870859');
INSERT INTO `btc_bank` VALUES ('B2018050921031115258709915572493', '0040668 臺銀中和', '2', 'z2018050920384315258695239267163', '0', null, null, '1525870991');
INSERT INTO `btc_bank` VALUES ('b2018050921033115258710118641922', '0040680 臺銀竹北', '2', 'z2018050920384315258695239267163', '0', null, null, '1525871011');
INSERT INTO `btc_bank` VALUES ('B2018050921040715258710476401960', '0040727 臺銀大甲', '2', 'z2018050920384315258695239267163', '0', null, null, '1525871047');
INSERT INTO `btc_bank` VALUES ('B2018050922301115258762119136798', '0040808 臺銀民生', '2', 'z2018050920384315258695239267163', '0', null, null, '1525876211');
INSERT INTO `btc_bank` VALUES ('B2018050922310315258762631726980', '0040875 臺銀華江', '2', 'z2018050920384315258695239267163', '0', null, null, '1525876263');
INSERT INTO `btc_bank` VALUES ('b2018050922315815258763185813982', '0041067 臺銀敦化', '2', 'z2018050920384315258695239267163', '0', null, null, '1525876318');
INSERT INTO `btc_bank` VALUES ('B2018050922320915258763294152749', '0041078 臺銀南港', '2', 'z2018050920384315258695239267163', '0', null, null, '1525876329');
INSERT INTO `btc_bank` VALUES ('b2018050922341515258764551489916', '0041241 臺銀圓山', '2', 'z2018050920384315258695239267163', '0', null, null, '1525876455');
INSERT INTO `btc_bank` VALUES ('b2018050922372515258766453289783', '0041621 臺銀群賢', '2', 'z2018050920384315258695239267163', '0', null, null, '1525876645');
INSERT INTO `btc_bank` VALUES ('b2018050922374315258766631820377', '0041654 臺銀文山', '2', 'z2018050920384315258695239267163', '0', null, null, '1525876663');
INSERT INTO `btc_bank` VALUES ('b2018050922375115258766713133716', '0041702 臺銀太平', '2', 'z2018050920384315258695239267163', '0', null, null, '1525876671');
INSERT INTO `btc_bank` VALUES ('b2018050922381615258766964980071', '0041768 臺銀農科', '2', 'z2018050920384315258695239267163', '0', null, null, '1525876696');
INSERT INTO `btc_bank` VALUES ('b2018050922391615258767562418536', '0041986 臺銀臺電簡', '2', 'z2018050920384315258695239267163', '0', null, null, '1525876756');
INSERT INTO `btc_bank` VALUES ('b2018050922392515258767653253434', '0042053 臺銀北府簡', '2', 'z2018050920384315258695239267163', '0', null, null, '1525876765');
INSERT INTO `btc_bank` VALUES ('b2018050922393415258767740994942', '0042189 臺銀臺北港', '2', 'z2018050920384315258695239267163', '0', null, null, '1525876774');
INSERT INTO `btc_bank` VALUES ('b2018050922413915258768993411152', '0042248 臺銀高榮', '2', 'z2018050920384315258695239267163', '0', null, null, '1525876899');
INSERT INTO `btc_bank` VALUES ('b2018050922422415258769447399499', '0042307 臺銀南創', '2', 'z2018050920384315258695239267163', '0', null, null, '1525876944');
INSERT INTO `btc_bank` VALUES ('B2018050922424115258769617071774', '0042385 臺銀台北', '2', 'z2018050920384315258695239267163', '0', null, null, '1525876961');
INSERT INTO `btc_bank` VALUES ('b2018050922435515258770357780384', '0042466 臺銀桃興', '2', 'z2018050920384315258695239267163', '0', null, null, '1525877035');
INSERT INTO `btc_bank` VALUES ('B2018050922451115258771115841681', '0042536 臺銀南都', '2', 'z2018050920384315258695239267163', '0', null, null, '1525877111');
INSERT INTO `btc_bank` VALUES ('b2018050922453515258771359470199', '0042570 臺銀北花蓮', '2', 'z2018050920384315258695239267163', '0', null, null, '1525877135');
INSERT INTO `btc_bank` VALUES ('B2018050922454515258771455751233', '0042709 臺銀新湖', '2', 'z2018050920384315258695239267163', '0', null, null, '1525877145');
INSERT INTO `btc_bank` VALUES ('b2018050922455315258771537878903', '0042710 臺銀五福', '2', 'z2018050920384315258695239267163', '0', null, null, '1525877153');
INSERT INTO `btc_bank` VALUES ('B2018050922462815258771887087141', '0042802 臺銀副都', '2', 'z2018050920384315258695239267163', '0', null, null, '1525877188');
INSERT INTO `btc_bank` VALUES ('b2018050922465315258772131316691', '0042905 臺銀中精密', '2', 'z2018050920384315258695239267163', '1', null, null, '1525877213');
INSERT INTO `btc_bank` VALUES ('b2018050923380615258802869776168', '021 花旗（台灣）商業銀行', '1', '0', '0', null, null, '1525880286');
INSERT INTO `btc_bank` VALUES ('b2018050923381315258802938590048', '022 美國銀行台北分行', '1', '0', '0', null, null, '1525880293');
INSERT INTO `btc_bank` VALUES ('b2018050923384415258803245089649', '037 法商法國興業銀行台北分行', '1', '0', '0', null, null, '1525880324');
INSERT INTO `btc_bank` VALUES ('b2018050923395815258803989961750', '066 萬通票券金融股份有限公司', '1', '0', '0', null, null, '1525880398');
INSERT INTO `btc_bank` VALUES ('B2018050923400415258804049596097', '072 德商德意志銀行台北分行', '1', '0', '0', null, null, '1525880404');
INSERT INTO `btc_bank` VALUES ('b2018050923401515258804157956511', '076 美商摩根大通銀行台北分行', '1', '0', '0', null, null, '1525880415');
INSERT INTO `btc_bank` VALUES ('B2018050923404715258804474173543', '092 瑞士商瑞士銀行台北分行', '1', '0', '0', null, null, '1525880447');
INSERT INTO `btc_bank` VALUES ('b2018050923412415258804842445735', '104 台北市第五信用合作社', '1', '0', '0', null, null, '1525880484');
INSERT INTO `btc_bank` VALUES ('B2018050923421815258805382798984', '130 新竹第一信用合作社', '1', '0', '0', null, null, '1525880538');
INSERT INTO `btc_bank` VALUES ('b2018050923452215258807223563875', '224 金門縣信用合作社', '1', '0', '0', null, null, '1525880722');
INSERT INTO `btc_bank` VALUES ('b2018050923452815258807282158337', '321 日商三井住友銀行台北分行', '1', '0', '0', null, null, '1525880728');
INSERT INTO `btc_bank` VALUES ('b2018050923463515258807951388157', '508 農金資中心', '1', '0', '0', null, null, '1525880795');
INSERT INTO `btc_bank` VALUES ('B2018050923465015258808102628181', '512 南農中心所屬會員', '1', '0', '0', null, null, '1525880810');
INSERT INTO `btc_bank` VALUES ('b2018050923470415258808249158142', '517 南農中心所屬會員', '1', '0', '0', null, null, '1525880824');
INSERT INTO `btc_bank` VALUES ('B2018050923472415258808442596556', '520 南農中心所屬會員', '1', '0', '0', null, null, '1525880844');
INSERT INTO `btc_bank` VALUES ('b2018050923481315258808932883234', '547 後壁農會', '1', '0', '0', null, null, '1525880893');
INSERT INTO `btc_bank` VALUES ('b2018050923485415258809341262018', '561 左鎮農會', '1', '0', '0', null, null, '1525880934');
INSERT INTO `btc_bank` VALUES ('b2018050923494415258809842861751', '577 農金資中心', '1', '0', '0', null, null, '1525880984');
INSERT INTO `btc_bank` VALUES ('b2018050923495415258809947140907', '579 農金資中心', '1', '0', '0', null, null, '1525880994');
INSERT INTO `btc_bank` VALUES ('B2018050923500915258810090433748', '582 農金資中心', '1', '0', '0', null, null, '1525881009');
INSERT INTO `btc_bank` VALUES ('B2018050923501415258810140918710', '583 東山農會', '1', '0', '0', null, null, '1525881014');
INSERT INTO `btc_bank` VALUES ('B2018050923501915258810192235292', '587 礁溪農會', '1', '0', '0', null, null, '1525881019');
INSERT INTO `btc_bank` VALUES ('B2018050923505415258810544059380', '606 北農中心所屬會員', '1', '0', '0', null, null, '1525881054');
INSERT INTO `btc_bank` VALUES ('B2018050923515515258811154265586', '612 南農中心所屬會員', '1', '0', '0', null, null, '1525881115');
INSERT INTO `btc_bank` VALUES ('B2018050923515915258811198071192', '613 南農中心所屬會員', '1', '0', '0', null, null, '1525881119');
INSERT INTO `btc_bank` VALUES ('b2018050923525515258811756403931', '624 南農中心所屬會員', '1', '0', '0', null, null, '1525881175');
INSERT INTO `btc_bank` VALUES ('b2018050923535515258812355983300', '638 農金資中心', '1', '0', '0', null, null, '1525881235');
INSERT INTO `btc_bank` VALUES ('B2018050923540515258812456645231', '642 農金資中心', '1', '0', '0', null, null, '1525881245');
INSERT INTO `btc_bank` VALUES ('b2018050923541515258812554256852', '646 農金資中心', '1', '0', '0', null, null, '1525881255');
INSERT INTO `btc_bank` VALUES ('b2018050923544115258812810539264', '683 農金資中心', '1', '0', '0', null, null, '1525881281');
INSERT INTO `btc_bank` VALUES ('b2018050923544515258812854612670', '685 農金資中心', '1', '0', '0', null, null, '1525881285');
INSERT INTO `btc_bank` VALUES ('B2018050923545515258812956576154', '696 農金資中心', '1', '0', '0', null, null, '1525881295');
INSERT INTO `btc_bank` VALUES ('b2018050923553615258813363257398', '806 元大商業銀行', '1', '0', '0', null, null, '1525881336');
INSERT INTO `btc_bank` VALUES ('b2018050923554815258813481249196', '808 玉山商業銀行', '1', '0', '0', null, null, '1525881348');
INSERT INTO `btc_bank` VALUES ('B2018050923555315258813531213576', '809 凱基商業銀行', '1', '0', '0', null, null, '1525881353');
INSERT INTO `btc_bank` VALUES ('B2018050923564415258814041396753', '866 阿里山農會', '1', '0', '0', null, null, '1525881404');
INSERT INTO `btc_bank` VALUES ('B2018050923565115258814113211866', '868 農金資中心', '1', '0', '0', null, null, '1525881411');
INSERT INTO `btc_bank` VALUES ('b2018050923565715258814175916172', '869 農金資中心', '1', '0', '0', null, null, '1525881417');
INSERT INTO `btc_bank` VALUES ('B2018050923572215258814426411933', '875 農金資中心', '1', '0', '0', null, null, '1525881442');
INSERT INTO `btc_bank` VALUES ('b2018050923573115258814518834215', '877 農金資中心', '1', '0', '0', null, null, '1525881451');
INSERT INTO `btc_bank` VALUES ('B2018050923573615258814561951701', '878 農金資中心', '1', '0', '0', null, null, '1525881456');
INSERT INTO `btc_bank` VALUES ('B2018050923582715258815077463258', '886 農金資中心', '1', '0', '0', null, null, '1525881507');
INSERT INTO `btc_bank` VALUES ('b2018050923585915258815398972190', '901 板農中心所屬會員', '1', '0', '0', null, null, '1525881539');
INSERT INTO `btc_bank` VALUES ('b2018050923592615258815666457662', '903 農金資中心', '1', '0', '0', null, null, '1525881566');
INSERT INTO `btc_bank` VALUES ('B2018050923594315258815839671181', '907 農金資中心', '1', '0', '0', null, null, '1525881583');
INSERT INTO `btc_bank` VALUES ('b2018050923595915258815998469611', '912 板農中心所屬會員', '1', '0', '0', null, null, '1525881599');
INSERT INTO `btc_bank` VALUES ('B2018051000002415258816248339797', '918 農金資中心', '1', '0', '0', null, null, '1525881624');
INSERT INTO `btc_bank` VALUES ('c2018050920385115258695318605555', '0040037 臺銀營業部', '2', 'z2018050920384315258695239267163', '0', null, null, '1525869531');
INSERT INTO `btc_bank` VALUES ('c2018050920391315258695535276095', '004007 臺銀館前', '2', 'z2018050920384315258695239267163', '0', null, null, '1525869553');
INSERT INTO `btc_bank` VALUES ('c2018050920401715258696173822581', '0040174 臺銀屏東', '2', 'z2018050920384315258695239267163', '0', null, null, '1525869617');
INSERT INTO `btc_bank` VALUES ('c2018050920560415258705647626967', '0040428 臺銀三重', '2', 'z2018050920384315258695239267163', '0', null, null, '1525870564');
INSERT INTO `btc_bank` VALUES ('c2018050921041715258710578743695', '0040738 臺銀科學園', '2', 'z2018050920384315258695239267163', '0', null, null, '1525871057');
INSERT INTO `btc_bank` VALUES ('c2018050922322015258763409597738', '0041089 臺銀和平', '2', 'z2018050920384315258695239267163', '0', null, null, '1525876340');
INSERT INTO `btc_bank` VALUES ('c2018050922324815258763686283426', '0041115 臺銀土城', '2', 'z2018050920384315258695239267163', '0', null, null, '1525876368');
INSERT INTO `btc_bank` VALUES ('c2018050922333715258764177627016', '0041207 臺銀中莊', '2', 'z2018050920384315258695239267163', '0', null, null, '1525876417');
INSERT INTO `btc_bank` VALUES ('c2018050922334715258764272579896', '0041218臺銀平鎮', '2', 'z2018050920384315258695239267163', '0', null, null, '1525876427');
INSERT INTO `btc_bank` VALUES ('c2018050922344315258764837512002', '0041377 臺銀安南', '2', 'z2018050920384315258695239267163', '0', null, null, '1525876483');
INSERT INTO `btc_bank` VALUES ('c2018050922353115258765310729568', '0041436 臺銀鹿港', '2', 'z2018050920384315258695239267163', '0', null, null, '1525876531');
INSERT INTO `btc_bank` VALUES ('c2018050922365915258766199654903', '0041573 臺銀梧棲', '2', 'z2018050920384315258695239267163', '0', null, null, '1525876619');
INSERT INTO `btc_bank` VALUES ('c2018050922395215258767923600180', '0042215 臺銀高科', '2', 'z2018050920384315258695239267163', '0', null, null, '1525876792');
INSERT INTO `btc_bank` VALUES ('c2018050922400315258768030902628', '0042237 臺銀東湖', '2', 'z2018050920384315258695239267163', '0', null, null, '1525876803');
INSERT INTO `btc_bank` VALUES ('c2018050922414715258769079137693', '0042259 臺銀南港園', '2', 'z2018050920384315258695239267163', '0', null, null, '1525876907');
INSERT INTO `btc_bank` VALUES ('c2018050923365715258802176788177', '007 第一商業銀行', '1', '0', '0', null, null, '1525880217');
INSERT INTO `btc_bank` VALUES ('c2018050923404115258804411633173', '086 法商東方匯理銀行台北分行', '1', '0', '0', null, null, '1525880441');
INSERT INTO `btc_bank` VALUES ('c2018050923410515258804659001744', '101 瑞興商業銀行', '1', '0', '0', null, null, '1525880465');
INSERT INTO `btc_bank` VALUES ('c2018050923430415258805845464477', '161 彰化第五信用合作社', '1', '0', '0', null, null, '1525880584');
INSERT INTO `btc_bank` VALUES ('c2018050923432115258806012760178', '163 彰化第十信用合作社', '1', '0', '0', null, null, '1525880601');
INSERT INTO `btc_bank` VALUES ('c2018050923451015258807109211581', '222 澎湖縣第一信用合作社', '1', '0', '0', null, null, '1525880710');
INSERT INTO `btc_bank` VALUES ('c2018050923453915258807390721735', '372 大慶票券金融股份有限公司', '1', '0', '0', null, null, '1525880739');
INSERT INTO `btc_bank` VALUES ('c2018050923455815258807585464273', '382 大陸商中國建設銀行臺北分行', '1', '0', '0', null, null, '1525880758');
INSERT INTO `btc_bank` VALUES ('c2018050923480215258808821688261', '541 白河農會', '1', '0', '0', null, null, '1525880882');
INSERT INTO `btc_bank` VALUES ('c2018050923481815258808983805675', '549 農金資中心', '1', '0', '0', null, null, '1525880898');
INSERT INTO `btc_bank` VALUES ('c2018050923492515258809652631981', '570 農金資中心', '1', '0', '0', null, null, '1525880965');
INSERT INTO `btc_bank` VALUES ('c2018050923502415258810246320890', '603 北農中心所屬會員', '1', '0', '0', null, null, '1525881024');
INSERT INTO `btc_bank` VALUES ('c2018050923532115258812019038031', '631 農金資中心', '1', '0', '0', null, null, '1525881201');
INSERT INTO `btc_bank` VALUES ('c2018050923572715258814470555151', '876 農金資中心', '1', '0', '0', null, null, '1525881447');
INSERT INTO `btc_bank` VALUES ('c2018050923581115258814917358256', '883 農金資中心', '1', '0', '0', null, null, '1525881491');
INSERT INTO `btc_bank` VALUES ('c2018050923581715258814970950791', '884 農金資中心', '1', '0', '0', null, null, '1525881497');
INSERT INTO `btc_bank` VALUES ('c2018050923582215258815024817383', '885 農金資中心', '1', '0', '0', null, null, '1525881502');
INSERT INTO `btc_bank` VALUES ('c2018051000002915258816295318487', '919 農金資中心', '1', '0', '0', null, null, '1525881629');
INSERT INTO `btc_bank` VALUES ('c2018051000011715258816773698777', '952 南農中心所屬會員', '1', '0', '0', null, null, '1525881677');
INSERT INTO `btc_bank` VALUES ('D2018050920392115258695618838561', '0040093 臺銀臺南', '2', 'z2018050920384315258695239267163', '0', null, null, '1525869561');
INSERT INTO `btc_bank` VALUES ('D2018050920392815258695688640290', '0040107 臺銀臺中', '2', 'z2018050920384315258695239267163', '0', null, null, '1525869568');
INSERT INTO `btc_bank` VALUES ('D2018050920483915258701198940862', '0040222 臺銀宜蘭', '2', 'z2018050920384315258695239267163', '0', null, null, '1525870119');
INSERT INTO `btc_bank` VALUES ('D2018050920493915258701796117147', '0040255 臺銀鳳山', '2', 'z2018050920384315258695239267163', '0', null, null, '1525870179');
INSERT INTO `btc_bank` VALUES ('D2018050920545715258704976444059', '0040370 臺銀霧峰', '2', 'z2018050920384315258695239267163', '0', null, null, '1525870497');
INSERT INTO `btc_bank` VALUES ('D2018050920553815258705387951892', '0040406 臺銀安平', '2', 'z2018050920384315258695239267163', '0', null, null, '1525870538');
INSERT INTO `btc_bank` VALUES ('D2018050921002915258708292465733', '0040509 臺銀松江', '2', 'z2018050920384315258695239267163', '0', null, null, '1525870829');
INSERT INTO `btc_bank` VALUES ('D2018050921003815258708381762584', '0040510 臺銀鼓山', '2', 'z2018050920384315258695239267163', '0', null, null, '1525870838');
INSERT INTO `btc_bank` VALUES ('D2018050921020815258709280197858', '0040602臺銀岡山', '2', 'z2018050920384315258695239267163', '0', null, null, '1525870928');
INSERT INTO `btc_bank` VALUES ('D2018050922303215258762321900622', '0040820 臺銀三多', '2', 'z2018050920384315258695239267163', '0', null, null, '1525876232');
INSERT INTO `btc_bank` VALUES ('D2018050922313015258762905814905', '0040901 臺銀大雅', '2', 'z2018050920384315258695239267163', '0', null, null, '1525876290');
INSERT INTO `btc_bank` VALUES ('D2018050922332815258764089759836', '0041193 臺銀博愛', '2', 'z2018050920384315258695239267163', '0', null, null, '1525876408');
INSERT INTO `btc_bank` VALUES ('D2018050922335515258764351855253', '0041229臺銀仁愛', '2', 'z2018050920384315258695239267163', '0', null, null, '1525876435');
INSERT INTO `btc_bank` VALUES ('D2018050922342315258764637977022', '0041355 臺銀五股', '2', 'z2018050920384315258695239267163', '0', null, null, '1525876463');
INSERT INTO `btc_bank` VALUES ('D2018050922343215258764726237280', '0041366臺銀大里', '2', 'z2018050920384315258695239267163', '0', null, null, '1525876472');
INSERT INTO `btc_bank` VALUES ('D2018050922345315258764930571980', '0041414 臺銀西屯', '2', 'z2018050920384315258695239267163', '0', null, null, '1525876493');
INSERT INTO `btc_bank` VALUES ('D2018050922384215258767227504144', '0041919 臺銀高機', '2', 'z2018050920384315258695239267163', '0', null, null, '1525876722');
INSERT INTO `btc_bank` VALUES ('D2018050922425815258769782667821', '0042400 臺銀信安', '2', 'z2018050920384315258695239267163', '0', null, null, '1525876978');
INSERT INTO `btc_bank` VALUES ('D2018050922430815258769886562678', '0042411 臺銀劍潭', '2', 'z2018050920384315258695239267163', '0', null, null, '1525876988');
INSERT INTO `btc_bank` VALUES ('D2018050922462015258771801615914', '0042798 臺銀北機', '2', 'z2018050920384315258695239267163', '0', null, null, '1525877180');
INSERT INTO `btc_bank` VALUES ('D2018050923363715258801979811441', '005 臺灣土地銀行', '1', '0', '0', null, null, '1525880197');
INSERT INTO `btc_bank` VALUES ('D2018050923385015258803309514585', '039 澳盛（台灣）商業銀行', '1', '0', '0', null, null, '1525880330');
INSERT INTO `btc_bank` VALUES ('D2018050923391715258803574141521', '053 台中商業銀行', '1', '0', '0', null, null, '1525880357');
INSERT INTO `btc_bank` VALUES ('D2018050923413415258804948830581', '114 基隆第一信用合作社', '1', '0', '0', null, null, '1525880494');
INSERT INTO `btc_bank` VALUES ('D2018050923422715258805471950099', '132 新竹第三信用合作社', '1', '0', '0', null, null, '1525880547');
INSERT INTO `btc_bank` VALUES ('D2018050923424515258805651265023', '158 彰化第一信用合作社', '1', '0', '0', null, null, '1525880565');
INSERT INTO `btc_bank` VALUES ('D2018050923425215258805726630442', '158 彰化第一信用合作社', '1', '0', '0', null, null, '1525880572');
INSERT INTO `btc_bank` VALUES ('D2018050923432615258806066514862', '165 彰化縣鹿港信用合作社', '1', '0', '0', null, null, '1525880606');
INSERT INTO `btc_bank` VALUES ('D2018050923450515258807058761703', '216 花蓮第二信用合作社', '1', '0', '0', null, null, '1525880705');
INSERT INTO `btc_bank` VALUES ('D2018050923473415258808540645191', '523 南農中心所屬會員', '1', '0', '0', null, null, '1525880854');
INSERT INTO `btc_bank` VALUES ('D2018050923473915258808596483273', '524 南農中心所屬會員', '1', '0', '0', null, null, '1525880859');
INSERT INTO `btc_bank` VALUES ('D2018050923483915258809198752618', '557 農金資中心', '1', '0', '0', null, null, '1525880919');
INSERT INTO `btc_bank` VALUES ('D2018050923494915258809894961867', '578 農金資中心', '1', '0', '0', null, null, '1525880989');
INSERT INTO `btc_bank` VALUES ('D2018050923514515258811057651851', '610 北農中心所屬會員', '1', '0', '0', null, null, '1525881105');
INSERT INTO `btc_bank` VALUES ('D2018050923520415258811243060242', '614 南農中心所屬會員', '1', '0', '0', null, null, '1525881124');
INSERT INTO `btc_bank` VALUES ('D2018050923540015258812403165476', '639 農金資中心', '1', '0', '0', null, null, '1525881240');
INSERT INTO `btc_bank` VALUES ('D2018050923545015258812903270933', '693 農金資中心', '1', '0', '0', null, null, '1525881290');
INSERT INTO `btc_bank` VALUES ('D2018050923545915258812997867446', '697 農金資中心', '1', '0', '0', null, null, '1525881299');
INSERT INTO `btc_bank` VALUES ('D2018050923563715258813979036011', '860 農金資中心', '1', '0', '0', null, null, '1525881397');
INSERT INTO `btc_bank` VALUES ('D2018050923570315258814239520774', '870 農金資中心', '1', '0', '0', null, null, '1525881423');
INSERT INTO `btc_bank` VALUES ('D2018050923574515258814656284472', '880 農金資中心', '1', '0', '0', null, null, '1525881465');
INSERT INTO `btc_bank` VALUES ('D2018050923575115258814719637996', '881 農金資中心', '1', '0', '0', null, null, '1525881471');
INSERT INTO `btc_bank` VALUES ('D2018050923584915258815296852308', '897 鳳榮農會', '1', '0', '0', null, null, '1525881529');
INSERT INTO `btc_bank` VALUES ('D2018050923593815258815785284196', '906 農金資中心', '1', '0', '0', null, null, '1525881578');
INSERT INTO `btc_bank` VALUES ('D2018051000010115258816618476321', '925 農金資中心', '1', '0', '0', null, null, '1525881661');
INSERT INTO `btc_bank` VALUES ('D2018051009513815259170985641939', '台北分行有点好', '2', 'A2018050923383715258803178730228', '0', null, null, '1525917098');
INSERT INTO `btc_bank` VALUES ('G2018050920492915258701691354845', '0040244 臺銀澎湖', '2', 'z2018050920384315258695239267163', '0', null, null, '1525870169');
INSERT INTO `btc_bank` VALUES ('G2018050920512915258702894593823', '0040303 臺銀豐原', '2', 'z2018050920384315258695239267163', '0', null, null, '1525870289');
INSERT INTO `btc_bank` VALUES ('G2018050921001015258708101082799', '0040484 臺銀連城', '2', 'z2018050920384315258695239267163', '0', null, null, '1525870810');
INSERT INTO `btc_bank` VALUES ('G2018050921001815258708189518184', '0040495 臺銀員林', '2', 'z2018050920384315258695239267163', '0', null, null, '1525870818');
INSERT INTO `btc_bank` VALUES ('G2018050921014715258709072718446', '0040587 臺銀羅東', '2', 'z2018050920384315258695239267163', '0', null, null, '1525870907');
INSERT INTO `btc_bank` VALUES ('G2018050921042715258710675050969', '0040749 臺銀樹林', '2', 'z2018050920384315258695239267163', '0', null, null, '1525871067');
INSERT INTO `btc_bank` VALUES ('G2018050922330815258763880214485', '0041160 臺銀大昌', '2', 'z2018050920384315258695239267163', '0', null, null, '1525876388');
INSERT INTO `btc_bank` VALUES ('G2018050922354815258765480115493', '0041469 臺銀南科', '2', 'z2018050920384315258695239267163', '0', null, null, '1525876548');
INSERT INTO `btc_bank` VALUES ('G2018050922380815258766881926849', '0041724 臺銀建國', '2', 'z2018050920384315258695239267163', '0', null, null, '1525876688');
INSERT INTO `btc_bank` VALUES ('G2018050922382515258767057403161', '0041861 臺銀東桃園', '2', 'z2018050920384315258695239267163', '0', null, null, '1525876705');
INSERT INTO `btc_bank` VALUES ('G2018050922385015258767303367678', '0041931 臺銀永吉簡', '2', 'z2018050920384315258695239267163', '0', null, null, '1525876730');
INSERT INTO `btc_bank` VALUES ('G2018050922394215258767823307169', '0042204 臺銀中科', '2', 'z2018050920384315258695239267163', '0', null, null, '1525876782');
INSERT INTO `btc_bank` VALUES ('G2018050922420215258769226208733', '0042271 臺銀仁德', '2', 'z2018050920384315258695239267163', '0', null, null, '1525876922');
INSERT INTO `btc_bank` VALUES ('G2018050922421715258769376244447', '0042293 臺銀木柵', '2', 'z2018050920384315258695239267163', '0', null, null, '1525876937');
INSERT INTO `btc_bank` VALUES ('G2018050922432115258770014289900', '0042422 臺銀萬華', '2', 'z2018050920384315258695239267163', '0', null, null, '1525877001');
INSERT INTO `btc_bank` VALUES ('G2018050922450215258771020797444', '0042525 臺銀嘉南', '2', 'z2018050920384315258695239267163', '0', null, null, '1525877102');
INSERT INTO `btc_bank` VALUES ('G2018050923372215258802429762215', '012 台北富邦商業銀行', '1', '0', '0', null, null, '1525880242');
INSERT INTO `btc_bank` VALUES ('G2018050923392515258803656766381', '054 京城商業銀行', '1', '0', '0', null, null, '1525880365');
INSERT INTO `btc_bank` VALUES ('G2018050923411715258804775097879', '103 臺灣新光商業銀行', '1', '0', '0', null, null, '1525880477');
INSERT INTO `btc_bank` VALUES ('G2018050923421315258805330355684', '127 桃園信用合作社', '1', '0', '0', null, null, '1525880533');
INSERT INTO `btc_bank` VALUES ('G2018050923450015258807000591564', '215 花蓮第一信用合作社', '1', '0', '0', null, null, '1525880700');
INSERT INTO `btc_bank` VALUES ('G2018050923451615258807164364434', '223 澎湖第二信用合作社', '1', '0', '0', null, null, '1525880716');
INSERT INTO `btc_bank` VALUES ('G2018050923461915258807794198933', '505 北農中心所屬會員', '1', '0', '0', null, null, '1525880779');
INSERT INTO `btc_bank` VALUES ('G2018050923464015258808000204572', '510 農金資中心', '1', '0', '0', null, null, '1525880800');
INSERT INTO `btc_bank` VALUES ('G2018050923465715258808176716927', '515 南農中心所屬會員', '1', '0', '0', null, null, '1525880817');
INSERT INTO `btc_bank` VALUES ('G2018050923471215258808326260923', '518 南農中心所屬會員', '1', '0', '0', null, null, '1525880832');
INSERT INTO `btc_bank` VALUES ('G2018050923484415258809242426068', '558 農金資中心', '1', '0', '0', null, null, '1525880924');
INSERT INTO `btc_bank` VALUES ('G2018050923485815258809389355283', '562 農金資中心', '1', '0', '0', null, null, '1525880938');
INSERT INTO `btc_bank` VALUES ('G2018050923493415258809744356212', '574 農金資中心', '1', '0', '0', null, null, '1525880974');
INSERT INTO `btc_bank` VALUES ('G2018050923495915258809991778543', '580 農金資中心', '1', '0', '0', null, null, '1525880999');
INSERT INTO `btc_bank` VALUES ('G2018050923513915258810999207900', '609 北農中心所屬會員', '1', '0', '0', null, null, '1525881099');
INSERT INTO `btc_bank` VALUES ('G2018050923515015258811102342991', '611 北農中心所屬會員', '1', '0', '0', null, null, '1525881110');
INSERT INTO `btc_bank` VALUES ('G2018050923525115258811711074206', '623 北農中心所屬會員', '1', '0', '0', null, null, '1525881171');
INSERT INTO `btc_bank` VALUES ('G2018050923530615258811863344753', '627 南農中心所屬會員', '1', '0', '0', null, null, '1525881186');
INSERT INTO `btc_bank` VALUES ('G2018050923535015258812300985471', '636 農金資中心', '1', '0', '0', null, null, '1525881230');
INSERT INTO `btc_bank` VALUES ('G2018050923550615258813061334543', '698 農金資中心', '1', '0', '0', null, null, '1525881306');
INSERT INTO `btc_bank` VALUES ('G2018050923552015258813208233683', '749 內埔農會', '1', '0', '0', null, null, '1525881320');
INSERT INTO `btc_bank` VALUES ('G2018050923554215258813428629335', '807 永豐商業銀行', '1', '0', '0', null, null, '1525881342');
INSERT INTO `btc_bank` VALUES ('G2018050923562615258813863956354', '816 安泰商業銀行', '1', '0', '0', null, null, '1525881386');
INSERT INTO `btc_bank` VALUES ('G2018050923563215258813925010552', '822 中國信託商業銀行', '1', '0', '0', null, null, '1525881392');
INSERT INTO `btc_bank` VALUES ('G2018050923571315258814333340471', '872 農金資中心', '1', '0', '0', null, null, '1525881433');
INSERT INTO `btc_bank` VALUES ('G2018050923580515258814852072759', '882 農金資中心', '1', '0', '0', null, null, '1525881485');
INSERT INTO `btc_bank` VALUES ('G2018051000001615258816162385768', '916 板農中心所屬會員', '1', '0', '0', null, null, '1525881616');
INSERT INTO `btc_bank` VALUES ('G2018051000002015258816201697346', '917 農金資中心', '1', '0', '0', null, null, '1525881620');
INSERT INTO `btc_bank` VALUES ('G2018051000003415258816343152894', '920 農金資中心', '1', '0', '0', null, null, '1525881634');
INSERT INTO `btc_bank` VALUES ('G2018051000010615258816666261090', '926 農金資中心', '1', '0', '0', null, null, '1525881666');
INSERT INTO `btc_bank` VALUES ('H2018050920395615258695968214510', '0040141 臺銀嘉義', '2', 'z2018050920384315258695239267163', '0', null, null, '1525869596');
INSERT INTO `btc_bank` VALUES ('H2018050920515515258703159535388', '0040314 臺銀斗六', '2', 'z2018050920384315258695239267163', '0', null, null, '1525870315');
INSERT INTO `btc_bank` VALUES ('H2018050921015815258709183295996', '0040598 臺銀埔里', '2', 'z2018050920384315258695239267163', '0', null, null, '1525870918');
INSERT INTO `btc_bank` VALUES ('H2018050922313915258762996597024', '0040912 臺銀南梓', '2', 'z2018050920384315258695239267163', '0', null, null, '1525876299');
INSERT INTO `btc_bank` VALUES ('H2018050922361515258765759954496', '0041539 臺銀內湖', '2', 'z2018050920384315258695239267163', '0', null, null, '1525876575');
INSERT INTO `btc_bank` VALUES ('H2018050922385915258767394773625', '0041942 臺銀東門簡', '2', 'z2018050920384315258695239267163', '0', null, null, '1525876739');
INSERT INTO `btc_bank` VALUES ('H2018050922421015258769303087317', '0042282 臺銀林口', '2', 'z2018050920384315258695239267163', '1', null, null, '1525876930');
INSERT INTO `btc_bank` VALUES ('H2018050922423315258769533208352', '0042363 臺銀武昌', '2', 'z2018050920384315258695239267163', '0', null, null, '1525876953');
INSERT INTO `btc_bank` VALUES ('H2018050922464415258772048692084', '0042891 臺銀中機', '2', 'z2018050920384315258695239267163', '1', null, null, '1525877204');
INSERT INTO `btc_bank` VALUES ('H2018050923375215258802722028299', '018 全國農業金庫', '1', '0', '0', null, null, '1525880272');
INSERT INTO `btc_bank` VALUES ('H2018050923383115258803119868393', '029 新加坡商大華銀行台北分行', '1', '0', '0', null, null, '1525880311');
INSERT INTO `btc_bank` VALUES ('H2018050923385715258803374627893', '048 王道商業銀行', '1', '0', '0', null, null, '1525880337');
INSERT INTO `btc_bank` VALUES ('H2018050923402115258804211534405', '081 匯豐（台灣）商業銀行', '1', '0', '0', null, null, '1525880421');
INSERT INTO `btc_bank` VALUES ('H2018050923403215258804327386589', '085 新加坡商新加坡華僑銀行台北分行', '1', '0', '0', null, null, '1525880432');
INSERT INTO `btc_bank` VALUES ('H2018050923405915258804597675918', '098 日商三菱東京日聯銀行台北分行', '1', '0', '0', null, null, '1525880459');
INSERT INTO `btc_bank` VALUES ('H2018050923433315258806131747916', '178 嘉義市第三信用合作社', '1', '0', '0', null, null, '1525880613');
INSERT INTO `btc_bank` VALUES ('H2018050923444815258806884720495', '188 台南第三信用合作社', '1', '0', '0', null, null, '1525880688');
INSERT INTO `btc_bank` VALUES ('H2018050923445415258806945293106', '204 高雄市第三信用合作社', '1', '0', '0', null, null, '1525880694');
INSERT INTO `btc_bank` VALUES ('H2018050923454615258807462716935', '380 大陸商中國銀行臺北分行', '1', '0', '0', null, null, '1525880746');
INSERT INTO `btc_bank` VALUES ('H2018050923460915258807697554725', '503 北農中心所屬會員', '1', '0', '0', null, null, '1525880769');
INSERT INTO `btc_bank` VALUES ('H2018050923471815258808387970847', '519 新化農會', '1', '0', '0', null, null, '1525880838');
INSERT INTO `btc_bank` VALUES ('H2018050923480815258808880764266', '542 農金資中心', '1', '0', '0', null, null, '1525880888');
INSERT INTO `btc_bank` VALUES ('H2018050923483315258809136340977', '556 學甲農會', '1', '0', '0', null, null, '1525880913');
INSERT INTO `btc_bank` VALUES ('H2018050923484915258809296070331', '559 山上農會', '1', '0', '0', null, null, '1525880929');
INSERT INTO `btc_bank` VALUES ('H2018050923490415258809442496320', '564 關廟農會', '1', '0', '0', null, null, '1525880944');
INSERT INTO `btc_bank` VALUES ('H2018050923491415258809546077148', '567 農金資中心', '1', '0', '0', null, null, '1525880954');
INSERT INTO `btc_bank` VALUES ('H2018050923521415258811347537903', '617 南農中心所屬會員', '1', '0', '0', null, null, '1525881134');
INSERT INTO `btc_bank` VALUES ('H2018050923522515258811455536254', '619 南農中心所屬會員', '1', '0', '0', null, null, '1525881145');
INSERT INTO `btc_bank` VALUES ('H2018050923531215258811927299062', '628 農金資中心', '1', '0', '0', null, null, '1525881192');
INSERT INTO `btc_bank` VALUES ('H2018050923531715258811971407338', '629 農金資中心', '1', '0', '0', null, null, '1525881197');
INSERT INTO `btc_bank` VALUES ('H2018050923534515258812253431960', '635 農金資中心', '1', '0', '0', null, null, '1525881225');
INSERT INTO `btc_bank` VALUES ('H2018050923553115258813314524216', '805 遠東國際商業銀行', '1', '0', '0', null, null, '1525881331');
INSERT INTO `btc_bank` VALUES ('H2018050923571815258814385667699', '874 霧峰農會', '1', '0', '0', null, null, '1525881438');
INSERT INTO `btc_bank` VALUES ('H2018050923584415258815249511284', '896 玉溪農會', '1', '0', '0', null, null, '1525881524');
INSERT INTO `btc_bank` VALUES ('H2018050923592215258815622708703', '902 農金資中心', '1', '0', '0', null, null, '1525881562');
INSERT INTO `btc_bank` VALUES ('H2018051000003815258816387603648', '921 農金資中心', '1', '0', '0', null, null, '1525881638');
INSERT INTO `btc_bank` VALUES ('H2018051000012215258816829424435', '953 農金資中心', '1', '0', '0', null, null, '1525881682');
INSERT INTO `btc_bank` VALUES ('H2018051009500715259170075799963', '行名', '2', 'A2018050923382015258803000912879', '0', null, null, '1525917007');
INSERT INTO `btc_bank` VALUES ('q2018050920394915258695898153612', '0040130 臺銀中興', '2', 'z2018050920384315258695239267163', '0', null, null, '1525869589');
INSERT INTO `btc_bank` VALUES ('q2018050920401015258696107849296', '0040163 臺銀彰化', '2', 'z2018050920384315258695239267163', '0', null, null, '1525869610');
INSERT INTO `btc_bank` VALUES ('q2018050920503515258702350010359', '0040277 臺銀板橋', '2', 'z2018050920384315258695239267163', '0', null, null, '1525870235');
INSERT INTO `btc_bank` VALUES ('q2018050920504715258702475478861', '0040288臺銀新營', '2', 'z2018050920384315258695239267163', '0', null, null, '1525870247');
INSERT INTO `btc_bank` VALUES ('q2018050920510415258702647653853', '0040299 臺銀苗栗', '2', 'z2018050920384315258695239267163', '0', null, null, '1525870264');
INSERT INTO `btc_bank` VALUES ('q2018050920543215258704723188915', '0040358 臺銀左營', '2', 'z2018050920384315258695239267163', '0', null, null, '1525870472');
INSERT INTO `btc_bank` VALUES ('q2018050920564115258706015200664', '0040440 臺銀前鎮', '2', 'z2018050920384315258695239267163', '0', null, null, '1525870601');
INSERT INTO `btc_bank` VALUES ('q2018050921022215258709425971019', '0040613臺銀新興', '2', 'z2018050920384315258695239267163', '0', null, null, '1525870942');
INSERT INTO `btc_bank` VALUES ('q2018050921035815258710380169400', '0040716 臺銀新莊', '2', 'z2018050920384315258695239267163', '0', null, null, '1525871038');
INSERT INTO `btc_bank` VALUES ('q2018050921043715258710770793753', '0040750 臺銀新店', '2', 'z2018050920384315258695239267163', '0', null, null, '1525871077');
INSERT INTO `btc_bank` VALUES ('q2018050922322915258763497111006', '0041090 臺银水湳', '2', 'z2018050920384315258695239267163', '0', null, null, '1525876349');
INSERT INTO `btc_bank` VALUES ('q2018050922325815258763787839819', '0041159 臺銀桃機', '2', 'z2018050920384315258695239267163', '0', null, null, '1525876378');
INSERT INTO `btc_bank` VALUES ('q2018050922362515258765850593196', '0041540 臺銀嘉北', '2', 'z2018050920384315258695239267163', '0', null, null, '1525876585');
INSERT INTO `btc_bank` VALUES ('q2018050922364815258766088269028', '0041562 臺銀汐止', '2', 'z2018050920384315258695239267163', '0', null, null, '1525876608');
INSERT INTO `btc_bank` VALUES ('q2018050922370815258766287833971', '0041595 臺銀小港', '2', 'z2018050920384315258695239267163', '0', null, null, '1525876628');
INSERT INTO `btc_bank` VALUES ('q2018050922380015258766800858384', '0041713 臺銀德芳', '2', 'z2018050920384315258695239267163', '0', null, null, '1525876680');
INSERT INTO `btc_bank` VALUES ('q2018050922383415258767146147989', '0041872 臺銀蘆洲', '2', 'z2018050920384315258695239267163', '0', null, null, '1525876714');
INSERT INTO `btc_bank` VALUES ('q2018050922415515258769153274564', '0042260 臺銀龍潭', '2', 'z2018050920384315258695239267163', '0', null, null, '1525876915');
INSERT INTO `btc_bank` VALUES ('q2018050922425015258769703835268', '0042396 臺銀金山', '2', 'z2018050920384315258695239267163', '0', null, null, '1525876970');
INSERT INTO `btc_bank` VALUES ('q2018050922444615258770866560269', '0042488 臺銀六家', '2', 'z2018050920384315258695239267163', '0', null, null, '1525877086');
INSERT INTO `btc_bank` VALUES ('q2018050922463615258771964675861', '0042835 臺銀仁武', '2', 'z2018050920384315258695239267163', '0', null, null, '1525877196');
INSERT INTO `btc_bank` VALUES ('q2018050923390915258803492563256', '052 渣打國際商業銀行', '1', '0', '0', null, null, '1525880349');
INSERT INTO `btc_bank` VALUES ('q2018050923393415258803741278828', '060 兆豐票券金融股份有限公司', '1', '0', '0', null, null, '1525880374');
INSERT INTO `btc_bank` VALUES ('q2018050923431015258805908977878', '162 彰化第六信用合作社', '1', '0', '0', null, null, '1525880590');
INSERT INTO `btc_bank` VALUES ('q2018050923492915258809697531543', '573 農金資中心', '1', '0', '0', null, null, '1525880969');
INSERT INTO `btc_bank` VALUES ('q2018050923524615258811661961180', '622 南農中心所屬會員', '1', '0', '0', null, null, '1525881166');
INSERT INTO `btc_bank` VALUES ('q2018050923532715258812077370043', '632 農金資中心', '1', '0', '0', null, null, '1525881207');
INSERT INTO `btc_bank` VALUES ('q2018050923543615258812764017389', '651 農金資中心', '1', '0', '0', null, null, '1525881276');
INSERT INTO `btc_bank` VALUES ('q2018050923561115258813715308681', '812 台新國際商業銀行', '1', '0', '0', null, null, '1525881371');
INSERT INTO `btc_bank` VALUES ('q2018050923583915258815194210118', '895 瑞穗農會', '1', '0', '0', null, null, '1525881519');
INSERT INTO `btc_bank` VALUES ('q2018050923593215258815720544042', '904 板農中心所屬會員', '1', '0', '0', null, null, '1525881572');
INSERT INTO `btc_bank` VALUES ('q2018051000005615258816567488242', '924 農金資中心', '1', '0', '0', null, null, '1525881656');
INSERT INTO `btc_bank` VALUES ('q2018051000011115258816716240597', '928 板農中心所屬會員', '1', '0', '0', null, null, '1525881671');
INSERT INTO `btc_bank` VALUES ('z2018050920384315258695239267163', '004 臺灣銀行', '1', '0', '0', null, null, '1525869523');
INSERT INTO `btc_bank` VALUES ('z2018050920403315258696332193042', '0040196 臺銀延平', '2', 'z2018050920384315258695239267163', '0', null, null, '1525869633');
INSERT INTO `btc_bank` VALUES ('z2018050920541815258704582282105', '0040347 臺銀公館', '2', 'z2018050920384315258695239267163', '0', null, null, '1525870458');
INSERT INTO `btc_bank` VALUES ('z2018050920565315258706137633233', '0040451 臺銀城中', '2', 'z2018050920384315258695239267163', '0', null, null, '1525870613');
INSERT INTO `btc_bank` VALUES ('z2018050921000015258708003641955', '0040473 臺銀潭子', '2', 'z2018050920384315258695239267163', '0', null, null, '1525870800');
INSERT INTO `btc_bank` VALUES ('z2018050921013715258708979157456', '0040576 臺銀臺中港', '2', 'z2018050920384315258695239267163', '0', null, null, '1525870897');
INSERT INTO `btc_bank` VALUES ('z2018050921024215258709624857529', '0040624 臺銀岺雅', '2', 'z2018050920384315258695239267163', '0', null, null, '1525870962');
INSERT INTO `btc_bank` VALUES ('z2018050921030315258709831209395', '0040657 臺銀健行', '2', 'z2018050920384315258695239267163', '0', null, null, '1525870983');
INSERT INTO `btc_bank` VALUES ('z2018050921034115258710219724515', '0040705 臺銀士林', '2', 'z2018050920384315258695239267163', '0', null, null, '1525871021');
INSERT INTO `btc_bank` VALUES ('z2018050922302115258762214857914', '0040819 臺銀永康', '2', 'z2018050920384315258695239267163', '0', null, null, '1525876221');
INSERT INTO `btc_bank` VALUES ('z2018050922305215258762526184271', '0040864 臺銀大安', '2', 'z2018050920384315258695239267163', '0', null, null, '1525876252');
INSERT INTO `btc_bank` VALUES ('z2018050922360715258765672386242', '0041481 臺銀淡水', '2', 'z2018050920384315258695239267163', '0', null, null, '1525876567');
INSERT INTO `btc_bank` VALUES ('z2018050922371715258766372471147', '0041609 臺銀中屏', '2', 'z2018050920384315258695239267163', '0', null, null, '1525876637');
INSERT INTO `btc_bank` VALUES ('z2018050922432915258770094854912', '0042433 臺銀板新', '2', 'z2018050920384315258695239267163', '0', null, null, '1525877009');
INSERT INTO `btc_bank` VALUES ('z2018050922434515258770252817366', '0042455 臺銀南新莊', '2', 'z2018050920384315258695239267163', '0', null, null, '1525877025');
INSERT INTO `btc_bank` VALUES ('z2018050922441015258770504727596', '0042477 臺銀新明', '2', 'z2018050920384315258695239267163', '0', null, null, '1525877050');
INSERT INTO `btc_bank` VALUES ('z2018050922451915258771195214871', '0042558 臺銀北高雄', '2', 'z2018050920384315258695239267163', '0', null, null, '1525877119');
INSERT INTO `btc_bank` VALUES ('z2018050923364815258802087731016', '006 合作金庫商業銀行', '1', '0', '0', null, null, '1525880208');
INSERT INTO `btc_bank` VALUES ('z2018050923373715258802578607655', '016 高雄銀行', '1', '0', '0', null, null, '1525880257');
INSERT INTO `btc_bank` VALUES ('z2018050923402615258804262741089', '082 法國巴黎銀行台北分行', '1', '0', '0', null, null, '1525880426');
INSERT INTO `btc_bank` VALUES ('z2018050923420715258805271335418', '124 宜蘭信用合作社', '1', '0', '0', null, null, '1525880527');
INSERT INTO `btc_bank` VALUES ('z2018050923462915258807897923890', '507 聯資中心所屬會員', '1', '0', '0', null, null, '1525880789');
INSERT INTO `btc_bank` VALUES ('z2018050923472815258808488777031', '521 南農中心所屬會員', '1', '0', '0', null, null, '1525880848');
INSERT INTO `btc_bank` VALUES ('z2018050923475015258808708694957', '525 南農中心所屬會員', '1', '0', '0', null, null, '1525880870');
INSERT INTO `btc_bank` VALUES ('z2018050923482815258809081563895', '552 農金資中心', '1', '0', '0', null, null, '1525880908');
INSERT INTO `btc_bank` VALUES ('z2018050923513415258810945198179', '608 聯資中心所屬會員', '1', '0', '0', null, null, '1525881094');
INSERT INTO `btc_bank` VALUES ('z2018050923520915258811293292087', '616 南農中心所屬會員', '1', '0', '0', null, null, '1525881129');
INSERT INTO `btc_bank` VALUES ('z2018050923541115258812511859081', '643 農金資中心', '1', '0', '0', null, null, '1525881251');
INSERT INTO `btc_bank` VALUES ('z2018050923542615258812666117872', '649 農金資中心', '1', '0', '0', null, null, '1525881266');
INSERT INTO `btc_bank` VALUES ('z2018050923543115258812714819199', '650 農金資中心', '1', '0', '0', null, null, '1525881271');
INSERT INTO `btc_bank` VALUES ('z2018050923551115258813112518203', '699 農金資中心', '1', '0', '0', null, null, '1525881311');
INSERT INTO `btc_bank` VALUES ('z2018050923551615258813160302405', '700 中華郵政股份有限公司', '1', '0', '0', null, null, '1525881316');
INSERT INTO `btc_bank` VALUES ('z2018050923552515258813255128226', '803 聯邦銀行', '1', '0', '0', null, null, '1525881325');
INSERT INTO `btc_bank` VALUES ('z2018051000001015258816104843821', '915 農金資中心', '1', '0', '0', null, null, '1525881610');
INSERT INTO `btc_bank` VALUES ('z2018051000005115258816513046770', '923 農金資中心', '1', '0', '0', null, null, '1525881651');
INSERT INTO `btc_bank` VALUES ('z2018051000013315258816934451290', '996 財政部國庫署', '1', '0', '0', null, null, '1525881693');

-- ----------------------------
-- Table structure for btc_bulletin
-- ----------------------------
DROP TABLE IF EXISTS `btc_bulletin`;
CREATE TABLE `btc_bulletin` (
  `bulletin_id` varchar(32) NOT NULL COMMENT '公告ID',
  `bulletin_title_i18n` varchar(32) NOT NULL COMMENT '公告标题',
  `status` varchar(1) NOT NULL DEFAULT '0' COMMENT '发布状态0-未发布 1-已发布',
  `bulletin_content_i18n` varchar(32) NOT NULL COMMENT '公告内容',
  `bulletin_issue_time` varchar(12) DEFAULT NULL COMMENT '公告发布时间',
  `delete_time` varchar(12) CHARACTER SET latin1 DEFAULT NULL COMMENT '删除时间',
  `update_time` varchar(12) CHARACTER SET latin1 DEFAULT NULL COMMENT '更新时间',
  `create_time` varchar(12) CHARACTER SET latin1 DEFAULT NULL COMMENT '创建时间',
  `is_deleted` varchar(1) CHARACTER SET latin1 NOT NULL DEFAULT '0' COMMENT '是否删除0-未删除 1-已删除',
  PRIMARY KEY (`bulletin_id`)
) ENGINE=InnoDB DEFAULT CHARSET=utf8 COMMENT='公告表';

-- ----------------------------
-- Records of btc_bulletin
-- ----------------------------
INSERT INTO `btc_bulletin` VALUES ('A2018051001010915258852697842729', 'G2018051001010915258852697820646', '1', 'D2018051001010915258852697821086', '1525885276', null, null, '1525885269', '0');
INSERT INTO `btc_bulletin` VALUES ('B2018051000570215258850220296843', 'b2018051000570215258850220264347', '1', 'B2018051000570215258850220264715', '1525885057', '1525885163', null, '1525885022', '1');

-- ----------------------------
-- Table structure for btc_common_problem
-- ----------------------------
DROP TABLE IF EXISTS `btc_common_problem`;
CREATE TABLE `btc_common_problem` (
  `common_problem_id` varchar(32) NOT NULL COMMENT '常见问题ID',
  `title_i18n_id` varchar(32) DEFAULT NULL COMMENT '标题题目',
  `content_i18n_id` varchar(32) DEFAULT NULL COMMENT '问题内容',
  `type` tinyint(1) DEFAULT '1' COMMENT '查看constant.php文件',
  `delete_time` varchar(12) DEFAULT NULL COMMENT '删除时间',
  `update_time` varchar(12) DEFAULT NULL COMMENT '更新时间',
  `create_time` varchar(12) DEFAULT NULL COMMENT '创建时间',
  `is_deleted` varchar(1) NOT NULL DEFAULT '0' COMMENT '是否删除0-未删除 1-已删除',
  PRIMARY KEY (`common_problem_id`)
) ENGINE=InnoDB DEFAULT CHARSET=utf8 COMMENT='常见问题表';

-- ----------------------------
-- Records of btc_common_problem
-- ----------------------------
INSERT INTO `btc_common_problem` VALUES ('a2018051000362315258837838904429', 'q2018051000362315258837838874404', 'b2018051000362315258837838874920', '2', null, null, '1525883783', '0');
INSERT INTO `btc_common_problem` VALUES ('a2018051000384515258839254026186', 'D2018051000384515258839253990379', 'B2018051000384515258839253990648', '2', null, null, '1525883925', '0');
INSERT INTO `btc_common_problem` VALUES ('c2018051000233015258830104870327', 'B2018051000233015258830104844442', 'D2018051000233015258830104844846', '1', null, null, '1525883010', '0');
INSERT INTO `btc_common_problem` VALUES ('G2018051000210715258828675379404', 'A2018051000210715258828675346581', 'c2018051000210715258828675346814', '1', null, null, '1525882867', '0');
INSERT INTO `btc_common_problem` VALUES ('z2018051000281615258832966442913', 'G2018051000281615258832966404707', 'H2018051000281615258832966405154', '1', null, null, '1525883296', '0');
INSERT INTO `btc_common_problem` VALUES ('z2018051000312115258834819795782', 'c2018051000312115258834819759238', 'b2018051000312115258834819759539', '1', null, null, '1525883481', '0');
INSERT INTO `btc_common_problem` VALUES ('z2018051000411715258840778745910', 'D2018051000411715258840778715581', 'a2018051000411715258840778715803', '2', null, null, '1525884077', '0');

-- ----------------------------
-- Table structure for btc_currency_value
-- ----------------------------
DROP TABLE IF EXISTS `btc_currency_value`;
CREATE TABLE `btc_currency_value` (
  `id` varchar(32) NOT NULL,
  `btc_value_twd` decimal(50,0) NOT NULL COMMENT '比特币对新台币的单价',
  `btc_value_hkd` decimal(50,0) NOT NULL COMMENT '比特币对港币的单价',
  `btc_value_usd` decimal(50,0) NOT NULL COMMENT '比特币对美元的单价',
  `eth_value_twd` decimal(50,0) NOT NULL COMMENT '以太币对新台币的单价',
  `eth_value_hkd` decimal(50,0) NOT NULL COMMENT '以太币对港币的单价',
  `eth_value_usd` decimal(50,0) NOT NULL COMMENT '以太币对美元的单价',
  `etc_float_max` varchar(10) NOT NULL COMMENT '以太币浮动值',
  `btc_float_max` varchar(10) NOT NULL COMMENT '比特币浮动值',
  `etc_float_min` varchar(10) NOT NULL COMMENT '以太币浮动最小值',
  `btc_float_min` varchar(10) NOT NULL COMMENT '比特币浮动最小值',
  PRIMARY KEY (`id`)
) ENGINE=InnoDB DEFAULT CHARSET=utf8 COMMENT='货币价值表';

-- ----------------------------
-- Records of btc_currency_value
-- ----------------------------
INSERT INTO `btc_currency_value` VALUES ('10000000000000000000000000000000', '289077', '64256', '8571', '9693', '5753', '1847', '0.04', '0.05', '0.01', '0.01');

-- ----------------------------
-- Table structure for btc_home_info
-- ----------------------------
DROP TABLE IF EXISTS `btc_home_info`;
CREATE TABLE `btc_home_info` (
  `id` varchar(32) NOT NULL,
  `background_url` varchar(255) NOT NULL COMMENT '首页图片的URL',
  `logo_url` varchar(255) NOT NULL COMMENT '首页图标的URL',
  `name` varchar(255) NOT NULL COMMENT '网站名字',
  `company_tel` varchar(18) NOT NULL COMMENT '公司电话',
  `i18n_id` varchar(50) NOT NULL COMMENT '公司营业时间，用文字描述',
  `company_email` varchar(50) NOT NULL COMMENT '公司邮箱',
  `bulletin_status` varchar(1) NOT NULL COMMENT '0-公告浮动1-公告隐藏',
  `service_status` varchar(1) NOT NULL COMMENT '0-客服浮动1-客服隐藏',
  `float_status` varchar(1) NOT NULL DEFAULT '0' COMMENT '1-开启自动跳动 0-关闭自动跳动',
  `email_type` varchar(1) DEFAULT NULL COMMENT '1-QQ邮箱 2-163邮箱3-雅虎邮箱',
  `email_account` varchar(50) DEFAULT NULL COMMENT '邮箱账号',
  `email_password` varchar(50) DEFAULT NULL COMMENT '邮箱密码',
  `buy_float` varchar(10) NOT NULL COMMENT '买入的浮动设置',
  `sell_float` varchar(10) NOT NULL COMMENT '卖出的浮动',
  PRIMARY KEY (`id`)
) ENGINE=InnoDB DEFAULT CHARSET=utf8 COMMENT='界面图片信息表';

-- ----------------------------
-- Records of btc_home_info
-- ----------------------------
INSERT INTO `btc_home_info` VALUES ('10000000000000000000000000000000', 'https://iam671.cn/BTC/Uploads/static/basics/5af2d006e5cd4.jpg', 'https://iam671.cn/BTC/Uploads/static/basics/5af2d003bb2c0.png', 'Blnance', '123123', '20180424154524152455592436552193', '123@qq.com', '0', '0', '1', '1', '773153864@qq.com', 'bnJ0aHZleGVlY2NuYmNqag==', '0.0035', '0.0015');

-- ----------------------------
-- Table structure for btc_i18n
-- ----------------------------
DROP TABLE IF EXISTS `btc_i18n`;
CREATE TABLE `btc_i18n` (
  `i18n_id` varchar(32) NOT NULL COMMENT '国际化ID',
  `en_content` text COMMENT '英文',
  `tw_content` text COMMENT '繁体',
  `deleted_time` varchar(11) DEFAULT NULL COMMENT '删除时间',
  `update_time` varchar(11) DEFAULT NULL,
  `create_time` varchar(11) DEFAULT NULL,
  `is_deleted` tinyint(1) DEFAULT '0' COMMENT '0-正常 1-删除',
  PRIMARY KEY (`i18n_id`)
) ENGINE=InnoDB DEFAULT CHARSET=utf8 COMMENT='国际化信息表';

-- ----------------------------
-- Records of btc_i18n
-- ----------------------------
INSERT INTO `btc_i18n` VALUES ('20180424154524152455592436552193', 'yes', '每周一', null, null, '1525436879', '0');
INSERT INTO `btc_i18n` VALUES ('A2018051000210715258828675346581', 'How do I send digital assets?', '如何發送數位資產？', null, null, '1525882867', '0');
INSERT INTO `btc_i18n` VALUES ('a2018051000411715258840778715803', '&lt;p&gt;&lt;span style=&quot;color: rgb(51, 51, 51); font-family: arial; font-size: 17px; background-color: rgb(245, 245, 245);&quot;&gt;Since this platform is self-motivated, there will be no refund for each order after the transaction is completed. Please use your client to send out the money before the transaction. The service will confirm the order information and thank you.&lt;/span&gt;&lt;/p&gt;', '&lt;p&gt;&lt;span style=&quot;color: rgb(45, 45, 45); font-family: 微軟正黑體, &amp;quot;Microsoft JhengHei&amp;quot;, &amp;quot;Open Sans&amp;quot;, &amp;quot;Helvetica Neue&amp;quot;, Arial, sans-serif; background-color: rgb(255, 255, 255);&quot;&gt;因本平台自動化交易，所以每筆訂單完成交易後，即無法退款，請用戶匯出款項前，務必將訂單資訊確認再三，謝謝您。&lt;/span&gt;&lt;/p&gt;', null, null, '1525884077', '0');
INSERT INTO `btc_i18n` VALUES ('B2018051000233015258830104844442', 'How do I receive digital assets? ', '如何接收數位資產？', null, null, '1525883010', '0');
INSERT INTO `btc_i18n` VALUES ('b2018051000312115258834819759539', '&lt;p style=&quot;box-sizing: border-box; margin-top: 0px; margin-bottom: 24px; color: rgb(45, 45, 45); font-family: 微軟正黑體, &amp;quot;Microsoft JhengHei&amp;quot;, &amp;quot;Open Sans&amp;quot;, &amp;quot;Helvetica Neue&amp;quot;, Arial, sans-serif; white-space: normal; background-color: rgb(255, 255, 255);&quot;&gt;The system typically sends out digital assets from addresses that do not belong to users. We recommend searching by transaction ID for the best result.Most well-known digital asset websites and apps rely on the exclusivity of transaction IDs for record verification.&amp;nbsp;&lt;/p&gt;&lt;p&gt;&lt;br/&gt;&lt;/p&gt;', '&lt;p style=&quot;box-sizing: border-box; margin-top: 0px; margin-bottom: 24px; color: rgb(45, 45, 45); font-family: 微軟正黑體, &amp;quot;Microsoft JhengHei&amp;quot;, &amp;quot;Open Sans&amp;quot;, &amp;quot;Helvetica Neue&amp;quot;, Arial, sans-serif; white-space: normal; background-color: rgb(255, 255, 255);&quot;&gt;從本站發送數位資產至外部錢包時並不會從用戶的地址發送。基本上就像您在便利超商領的錢不會是您在郵局存的「一樣的錢」。所以本站強烈建議用戶以具有唯一性的交易ID在區塊鏈帳本上搜尋以獲得最準確的結果證明。目前有許多以比特幣或以太幣為交易媒介並標榜高報酬的投資網站會要求使用發送地址作為依據，此為常見的詐騙手法。本站無法對其他外部網站負責，還請用戶在登錄這些高風險網站時務必小心謹慎。&lt;/p&gt;&lt;p&gt;&lt;br/&gt;&lt;/p&gt;', null, null, '1525883481', '0');
INSERT INTO `btc_i18n` VALUES ('b2018051000362315258837838874920', '&lt;p&gt;&lt;span style=&quot;color: rgb(45, 45, 45); font-family: 微軟正黑體, &amp;quot;Microsoft JhengHei&amp;quot;, &amp;quot;Open Sans&amp;quot;, &amp;quot;Helvetica Neue&amp;quot;, Arial, sans-serif; background-color: rgb(255, 255, 255);&quot;&gt;To sell your digital assets, please enter your wallet and click on the Sell menu item. MaiCoin will transfer money to your designated bank account within 3-5 business days.&amp;nbsp;&lt;/span&gt;&lt;/p&gt;&lt;p style=&quot;box-sizing: border-box; margin-top: 0px; margin-bottom: 24px; color: rgb(45, 45, 45); font-family: 微軟正黑體, &amp;quot;Microsoft JhengHei&amp;quot;, &amp;quot;Open Sans&amp;quot;, &amp;quot;Helvetica Neue&amp;quot;, Arial, sans-serif; white-space: normal; background-color: rgb(255, 255, 255);&quot;&gt;Important: Please make sure your bank information is updated on your account.&lt;br/&gt;&lt;/p&gt;&lt;p&gt;&lt;br/&gt;&lt;/p&gt;', '&lt;p&gt;&lt;span style=&quot;color: rgb(45, 45, 45); font-family: 微軟正黑體, &amp;quot;Microsoft JhengHei&amp;quot;, &amp;quot;Open Sans&amp;quot;, &amp;quot;Helvetica Neue&amp;quot;, Arial, sans-serif; background-color: rgb(255, 255, 255);&quot;&gt;點選出售功能，並輸入您欲出售之數位資產，完成出售動作後，我們將在3-5個工作天匯款至您指定的銀行帳戶。&lt;/span&gt;&lt;/p&gt;&lt;p style=&quot;box-sizing: border-box; margin-top: 0px; margin-bottom: 24px; color: rgb(45, 45, 45); font-family: 微軟正黑體, &amp;quot;Microsoft JhengHei&amp;quot;, &amp;quot;Open Sans&amp;quot;, &amp;quot;Helvetica Neue&amp;quot;, Arial, sans-serif; white-space: normal; background-color: rgb(255, 255, 255);&quot;&gt;請注意，進行出售前，須至設定，完成綁定賣單銀行帳號&lt;/p&gt;&lt;p&gt;&lt;br/&gt;&lt;/p&gt;', null, null, '1525883783', '0');
INSERT INTO `btc_i18n` VALUES ('B2018051000363615258837964841311', '&lt;p&gt;&lt;span style=&quot;color: rgb(45, 45, 45); font-family: 微軟正黑體, &amp;quot;Microsoft JhengHei&amp;quot;, &amp;quot;Open Sans&amp;quot;, &amp;quot;Helvetica Neue&amp;quot;, Arial, sans-serif; background-color: rgb(255, 255, 255);&quot;&gt;To sell your digital assets, please enter your wallet and click on the Sell menu item. MaiCoin will transfer money to your designated bank account within 3-5 business days.&amp;nbsp;&lt;/span&gt;&lt;/p&gt;&lt;p style=&quot;box-sizing: border-box; margin-top: 0px; margin-bottom: 24px; color: rgb(45, 45, 45); font-family: 微軟正黑體, &amp;quot;Microsoft JhengHei&amp;quot;, &amp;quot;Open Sans&amp;quot;, &amp;quot;Helvetica Neue&amp;quot;, Arial, sans-serif; white-space: normal; background-color: rgb(255, 255, 255);&quot;&gt;Important: Please make sure your bank information is updated on your account.&lt;br/&gt;&lt;/p&gt;&lt;p&gt;&lt;br/&gt;&lt;/p&gt;', '&lt;p&gt;&lt;span style=&quot;color: rgb(45, 45, 45); font-family: 微軟正黑體, &amp;quot;Microsoft JhengHei&amp;quot;, &amp;quot;Open Sans&amp;quot;, &amp;quot;Helvetica Neue&amp;quot;, Arial, sans-serif; background-color: rgb(255, 255, 255);&quot;&gt;點選出售功能，並輸入您欲出售之數位資產，完成出售動作後，我們將在3-5個工作天匯款至您指定的銀行帳戶。&lt;/span&gt;&lt;/p&gt;&lt;p style=&quot;box-sizing: border-box; margin-top: 0px; margin-bottom: 24px; color: rgb(45, 45, 45); font-family: 微軟正黑體, &amp;quot;Microsoft JhengHei&amp;quot;, &amp;quot;Open Sans&amp;quot;, &amp;quot;Helvetica Neue&amp;quot;, Arial, sans-serif; white-space: normal; background-color: rgb(255, 255, 255);&quot;&gt;請注意，進行出售前，須至設定，完成綁定賣單銀行帳號&lt;/p&gt;&lt;p&gt;&lt;br/&gt;&lt;/p&gt;', null, null, '1525883796', '0');
INSERT INTO `btc_i18n` VALUES ('B2018051000384515258839253990648', '&lt;p&gt;&lt;span style=&quot;color: rgb(45, 45, 45); font-family: 微軟正黑體, &amp;quot;Microsoft JhengHei&amp;quot;, &amp;quot;Open Sans&amp;quot;, &amp;quot;Helvetica Neue&amp;quot;, Arial, sans-serif; background-color: rgb(255, 255, 255);&quot;&gt;You can only place one order at a time. Please pay for your outstanding order before placing a new order.&lt;/span&gt;&lt;/p&gt;', '&lt;ul style=&quot;box-sizing: border-box; padding: 0px; margin-top: 12px; margin-bottom: 24px; margin-left: 20px; list-style-position: initial; list-style-image: initial; color: rgb(45, 45, 45); font-family: 微軟正黑體, &amp;quot;Microsoft JhengHei&amp;quot;, &amp;quot;Open Sans&amp;quot;, &amp;quot;Helvetica Neue&amp;quot;, Arial, sans-serif; white-space: normal; background-color: rgb(255, 255, 255);&quot; class=&quot; list-paddingleft-2&quot;&gt;&lt;li&gt;&lt;p&gt;欲使用銀行轉帳功能進行購買，您需要提供 [身份證字號] 及完成 [雙層認證]，請參照&lt;a href=&quot;https://www.maicoin.com/zh-TW/faq/security?selected=69&quot; style=&quot;box-sizing: border-box; color: rgb(46, 69, 146); text-decoration: none; background-color: transparent;&quot;&gt;身份驗證項目&lt;/a&gt;。&lt;/p&gt;&lt;/li&gt;&lt;li&gt;&lt;p&gt;一次只能下一張買單。您需要完成上筆付款，才可以下新的買單。&lt;/p&gt;&lt;/li&gt;&lt;/ul&gt;&lt;p&gt;&lt;br/&gt;&lt;/p&gt;', null, null, '1525883925', '0');
INSERT INTO `btc_i18n` VALUES ('b2018051000570215258850220264347', 'announcement', '平臺公告：新註冊用戶送NT$2000（送送送）', null, null, '1525885022', '0');
INSERT INTO `btc_i18n` VALUES ('B2018051000570215258850220264715', '&lt;p&gt;&lt;span style=&quot;color: rgb(51, 51, 51); font-family: arial; font-size: 24px; background-color: rgb(245, 245, 245);&quot;&gt;New register successfully launched NT$ 2000 with the first transaction，（&lt;span style=&quot;color: rgb(51, 51, 51); font-family: arial; font-size: 24px; background-color: rgb(245, 245, 245);&quot;&gt;Please contact customer service when the transaction is successful.）&lt;span style=&quot;color: rgb(51, 51, 51); font-family: arial; font-size: 24px; background-color: rgb(245, 245, 245);&quot;&gt;Only 200 per day.&lt;/span&gt;&lt;/span&gt;&lt;/span&gt;&lt;/p&gt;', '&lt;p&gt;&amp;nbsp; &amp;nbsp;本平臺新註冊用戶首次交易成功立送NT$2000（請交易成功后聯繫客服領取），每日僅限200名。&lt;/p&gt;', null, null, '1525885022', '0');
INSERT INTO `btc_i18n` VALUES ('c2018051000210715258828675346814', '&lt;ul style=&quot;box-sizing: border-box; padding: 0px; margin-top: 12px; margin-bottom: 24px; margin-left: 20px; list-style-position: initial; list-style-image: initial; color: rgb(45, 45, 45); font-family: 微軟正黑體, &amp;quot;Microsoft JhengHei&amp;quot;, &amp;quot;Open Sans&amp;quot;, &amp;quot;Helvetica Neue&amp;quot;, Arial, sans-serif; white-space: normal; background-color: rgb(255, 255, 255);&quot; class=&quot; list-paddingleft-2&quot;&gt;&lt;li&gt;&lt;p&gt;Click on the tab labeled “Send”. There are two ways to send bitcoins (ethers) using an email address or a bitcoin(ether) address.&lt;/p&gt;&lt;/li&gt;&lt;li&gt;&lt;p&gt;To an email address: If the email address belongs to a MaiCoin user, the bitcoins(ethers) will be directly transferred into their account.&lt;/p&gt;&lt;/li&gt;&lt;li&gt;&lt;p&gt;However if the email address belongs to some one who does not have a Blnance account, they will receive an email inviting them to sign up for a MaiCoin account at which time they will receive the bitcoin you sent.&lt;/p&gt;&lt;/li&gt;&lt;li&gt;&lt;p&gt;To a digital asset address: A bitcoin(ether)address is a set of code made up by alphanumeric characters between 27 and 34 characters long. To send bitcoins(ethers) to a bitcoin(ether) address, please enter the code.&lt;/p&gt;&lt;/li&gt;&lt;li&gt;&lt;p&gt;&lt;span style=&quot;font-family: sans-serif;&quot;&gt;Next enter either the bitcoin(ether) amount or the TWD amount you would like to send.&lt;/span&gt;&lt;span style=&quot;font-family: sans-serif;&quot;&gt;You can also use &amp;quot;message board&amp;quot; to send a message to your recipient.&lt;/span&gt;&lt;/p&gt;&lt;/li&gt;&lt;li&gt;&lt;p&gt;&lt;span style=&quot;font-family: sans-serif;&quot;&gt; (This function is only available for users who send bitcoins(ethers) using email addresses.&lt;/span&gt;&lt;/p&gt;&lt;p&gt;&lt;br/&gt;&lt;/p&gt;&lt;/li&gt;&lt;/ul&gt;&lt;p&gt;&lt;br/&gt;&lt;/p&gt;', '&lt;ul style=&quot;box-sizing: border-box; padding: 0px; margin-top: 12px; margin-bottom: 24px; margin-left: 20px; list-style-position: initial; list-style-image: initial; color: rgb(45, 45, 45); font-family: 微軟正黑體, &amp;quot;Microsoft JhengHei&amp;quot;, &amp;quot;Open Sans&amp;quot;, &amp;quot;Helvetica Neue&amp;quot;, Arial, sans-serif; white-space: normal; background-color: rgb(255, 255, 255);&quot; class=&quot; list-paddingleft-2&quot;&gt;&lt;li&gt;&lt;p&gt;帳戶的 「發送」功能來傳送比特幣或以太幣，可使用電子郵件地址或數位資產地址兩種方式來發送。&lt;/p&gt;&lt;/li&gt;&lt;li&gt;&lt;p&gt;電子郵件地址： 如果欲傳送的電子郵件地址為本站用戶, 比特幣（以太幣）將直接匯入到該用戶之帳戶。&lt;/p&gt;&lt;/li&gt;&lt;li&gt;&lt;p&gt;如果郵件地址擁有人尚未成為 本站用戶，對方將收到註冊邀請來接收您發送的比特幣（以太幣）。&lt;/p&gt;&lt;/li&gt;&lt;li&gt;&lt;p&gt;&lt;span style=&quot;color: rgb(45, 45, 45); font-family: 微軟正黑體, &amp;quot;Microsoft JhengHei&amp;quot;, &amp;quot;Open Sans&amp;quot;, &amp;quot;Helvetica Neue&amp;quot;, Arial, sans-serif; background-color: rgb(255, 255, 255);&quot;&gt;數位資產地址:&lt;/span&gt;比特幣（以太幣）地址是一組字母數字組合成的字串。如果您想發送數位資產到一個錢包地址，請輸入該字串。&lt;/p&gt;&lt;/li&gt;&lt;li&gt;&lt;p&gt;&lt;span style=&quot;font-family: sans-serif;&quot;&gt;輸入您要發送的數位資產數量(直接輸入比特幣、以太幣或等值新台幣)&lt;/span&gt;&lt;/p&gt;&lt;/li&gt;&lt;li&gt;&lt;p&gt;&lt;span style=&quot;font-family: sans-serif;&quot;&gt;可以使用 &amp;quot;留言欄&amp;quot; 發送訊息給接收的人。 (僅限電子郵件的發送功能)&lt;/span&gt;&lt;/p&gt;&lt;p&gt;&lt;br/&gt;&lt;/p&gt;&lt;/li&gt;&lt;/ul&gt;&lt;p&gt;&lt;br/&gt;&lt;/p&gt;', null, null, '1525882867', '0');
INSERT INTO `btc_i18n` VALUES ('c2018051000312115258834819759238', 'Transactions appear to be sent from a different address on the blockchain', '為何在區塊鏈 (俗稱透明帳本) 發送交易狀態不是我的地址?', null, null, '1525883481', '0');
INSERT INTO `btc_i18n` VALUES ('D2018051000233015258830104844846', '&lt;p&gt;&lt;span style=&quot;color: rgb(45, 45, 45); font-family: 微軟正黑體, &amp;quot;Microsoft JhengHei&amp;quot;, &amp;quot;Open Sans&amp;quot;, &amp;quot;Helvetica Neue&amp;quot;, Arial, sans-serif; background-color: rgb(255, 255, 255);&quot;&gt;You can provide the senders with your wallet addresses, and all them to send digital assets to you.&lt;/span&gt;&lt;/p&gt;', '&lt;p&gt;&lt;span style=&quot;color: rgb(45, 45, 45); font-family: 微軟正黑體, &amp;quot;Microsoft JhengHei&amp;quot;, &amp;quot;Open Sans&amp;quot;, &amp;quot;Helvetica Neue&amp;quot;, Arial, sans-serif; background-color: rgb(255, 255, 255);&quot;&gt;給對方你的錢包地址，讓對方直接寄送數位資產給你。&lt;/span&gt;&lt;/p&gt;', null, null, '1525883010', '0');
INSERT INTO `btc_i18n` VALUES ('D2018051000384515258839253990379', 'Why can\'t I purchase ?', '為何我無法購買？', null, null, '1525883925', '0');
INSERT INTO `btc_i18n` VALUES ('D2018051000411715258840778715581', 'Can I get a refund on completion of the purchase?', '買單交易完成後可以退款嗎？', null, null, '1525884077', '0');
INSERT INTO `btc_i18n` VALUES ('D2018051001010915258852697821086', '&lt;p&gt;&lt;span style=&quot;color: rgb(51, 51, 51); font-family: arial; font-size: 24px; background-color: rgb(245, 245, 245);&quot;&gt;The new registration book successfully launched NT$ 2000 with the first transaction.(&lt;span style=&quot;color: rgb(51, 51, 51); font-family: arial; font-size: 24px; background-color: rgb(245, 245, 245);&quot;&gt;Please contact customer service when the transaction is successful.)&lt;span style=&quot;color: rgb(51, 51, 51); font-family: arial; font-size: 24px; background-color: rgb(245, 245, 245);&quot;&gt;Only 200 per day.&lt;/span&gt;&lt;/span&gt;&lt;/span&gt;&lt;/p&gt;', '&lt;p&gt;&lt;span style=&quot;color: rgb(51, 51, 51); font-family: &amp;quot;Helvetica Neue&amp;quot;, Helvetica, Arial, sans-serif; font-size: 14px; background-color: rgb(255, 255, 255);&quot;&gt;本平臺新註冊用戶首次交易成功立送NT$2000（請交易成功后聯繫客服領取），每日僅限200名。&lt;/span&gt;&lt;/p&gt;', null, null, '1525885269', '0');
INSERT INTO `btc_i18n` VALUES ('G2018051000281615258832966404707', 'Can I obtain a new address? Will the old one still work?', '可以獲取新的地址嗎？舊的地址還能用嗎？', null, null, '1525883296', '0');
INSERT INTO `btc_i18n` VALUES ('G2018051001010915258852697820646', 'announcement', '公告：新註冊用戶送NT$2000（送送送）', null, null, '1525885269', '0');
INSERT INTO `btc_i18n` VALUES ('H2018051000281615258832966405154', '&lt;p&gt;&lt;span style=&quot;color: rgb(45, 45, 45); font-family: 微軟正黑體, &amp;quot;Microsoft JhengHei&amp;quot;, &amp;quot;Open Sans&amp;quot;, &amp;quot;Helvetica Neue&amp;quot;, Arial, sans-serif; background-color: rgb(255, 255, 255);&quot;&gt;Users can obtain a new bitcoin address by visiting Addresses and clicking on &amp;quot;Get New Address&amp;quot;.&lt;/span&gt;&lt;/p&gt;&lt;p style=&quot;box-sizing: border-box; margin-top: 0px; margin-bottom: 24px; color: rgb(45, 45, 45); font-family: 微軟正黑體, &amp;quot;Microsoft JhengHei&amp;quot;, &amp;quot;Open Sans&amp;quot;, &amp;quot;Helvetica Neue&amp;quot;, Arial, sans-serif; white-space: normal; background-color: rgb(255, 255, 255);&quot;&gt;The old bitcoin addresses will remain functional even a new one has been obtained.&lt;br/&gt;&lt;/p&gt;&lt;p&gt;&lt;br/&gt;&lt;/p&gt;', '&lt;p&gt;&lt;span style=&quot;color: rgb(45, 45, 45); font-family: 微軟正黑體, &amp;quot;Microsoft JhengHei&amp;quot;, &amp;quot;Open Sans&amp;quot;, &amp;quot;Helvetica Neue&amp;quot;, Arial, sans-serif; background-color: rgb(255, 255, 255);&quot;&gt;用戶可以在比特幣地址頁面頁面的左下角，至「獲取新地址」的按鈕，以產生新的地址，舊的地址仍然可以使用。&lt;/span&gt;&lt;/p&gt;', null, null, '1525883296', '0');
INSERT INTO `btc_i18n` VALUES ('H2018051000363615258837964841063', 'How to sell bitcoins or ethers？', '如何出售比特幣與以太幣？', null, null, '1525883796', '0');
INSERT INTO `btc_i18n` VALUES ('q2018051000362315258837838874404', 'How to sell bitcoins or ethers？', '如何出售比特幣與以太幣？', null, null, '1525883783', '0');

-- ----------------------------
-- Table structure for btc_information
-- ----------------------------
DROP TABLE IF EXISTS `btc_information`;
CREATE TABLE `btc_information` (
  `information_id` varchar(32) NOT NULL COMMENT '消息ID',
  `maincoin_id` varchar(50) NOT NULL COMMENT '发送对象',
  `title_i18n_id` varchar(50) NOT NULL COMMENT '标题',
  `content_i18n_id` text NOT NULL COMMENT '发送内容',
  `delete_time` varchar(12) CHARACTER SET latin1 DEFAULT NULL COMMENT '删除时间',
  `update_time` varchar(12) CHARACTER SET latin1 DEFAULT NULL COMMENT '更新时间',
  `create_time` varchar(12) CHARACTER SET latin1 DEFAULT NULL COMMENT '创建时间',
  `is_deleted` varchar(1) CHARACTER SET latin1 NOT NULL DEFAULT '0' COMMENT '是否删除0-未删除 1-已删除',
  PRIMARY KEY (`information_id`)
) ENGINE=InnoDB DEFAULT CHARSET=utf8 ROW_FORMAT=COMPACT COMMENT='发送消息表';

-- ----------------------------
-- Records of btc_information
-- ----------------------------

-- ----------------------------
-- Table structure for btc_order_info
-- ----------------------------
DROP TABLE IF EXISTS `btc_order_info`;
CREATE TABLE `btc_order_info` (
  `order_id` varchar(32) NOT NULL COMMENT '订单ID',
  `user_id` varchar(32) NOT NULL COMMENT '用户ID',
  `system_order` varchar(32) NOT NULL COMMENT '订单号（交易ID）',
  `number` decimal(50,4) NOT NULL DEFAULT '0.0000' COMMENT '数量',
  `price` varchar(50) NOT NULL COMMENT '价格',
  `money_currency_type` varchar(1) NOT NULL COMMENT '货币类型 1-新台币2-港币3-美元',
  `status` tinyint(1) NOT NULL COMMENT '订单状态 0-已提交 1 -进行中 2-已完成 -1-已取消',
  `order_type` varchar(1) NOT NULL COMMENT '订单类型0-买入1-卖出',
  `payment_type` varchar(1) DEFAULT NULL COMMENT '是购买订单时需填入1-银行转账2-余额付款',
  `unit_price` decimal(50,0) NOT NULL COMMENT '单价',
  `currency_type` varchar(1) NOT NULL COMMENT '币种类型1-BTC 2-ETC',
  `remark` varchar(255) DEFAULT NULL COMMENT '备注',
  `create_time` varchar(10) NOT NULL COMMENT '创建时间',
  `is_deleted` tinyint(1) DEFAULT '0' COMMENT '是否删除 0-未删除 1 -已删除',
  `delete_time` varchar(10) DEFAULT NULL COMMENT '删除时间',
  `update_time` varchar(10) DEFAULT NULL COMMENT '更新时间',
  PRIMARY KEY (`order_id`)
) ENGINE=InnoDB DEFAULT CHARSET=utf8 COMMENT='订单信息表';

-- ----------------------------
-- Records of btc_order_info
-- ----------------------------

-- ----------------------------
-- Table structure for btc_problem
-- ----------------------------
DROP TABLE IF EXISTS `btc_problem`;
CREATE TABLE `btc_problem` (
  `problem_id` varchar(32) NOT NULL COMMENT '问题ID',
  `system_order` varchar(32) DEFAULT NULL COMMENT '交易ID（选填）',
  `email` varchar(30) DEFAULT NULL COMMENT '邮箱',
  `name` varchar(50) DEFAULT NULL COMMENT '姓名',
  `topic` varchar(50) DEFAULT NULL COMMENT '问题题目',
  `content` text COMMENT '问题内容',
  `delete_time` varchar(12) DEFAULT NULL COMMENT '删除时间',
  `update_time` varchar(12) DEFAULT NULL COMMENT '更新时间',
  `create_time` varchar(12) DEFAULT NULL COMMENT '创建时间',
  `is_deleted` varchar(1) NOT NULL DEFAULT '0' COMMENT '是否删除0-未删除 1-已删除',
  PRIMARY KEY (`problem_id`)
) ENGINE=InnoDB DEFAULT CHARSET=utf8 COMMENT='问题表';

-- ----------------------------
-- Records of btc_problem
-- ----------------------------

-- ----------------------------
-- Table structure for btc_problem_attach
-- ----------------------------
DROP TABLE IF EXISTS `btc_problem_attach`;
CREATE TABLE `btc_problem_attach` (
  `attach_id` varchar(32) NOT NULL COMMENT '问题附件ID',
  `problem_id` varchar(32) NOT NULL COMMENT '附件ID',
  `file_name` varchar(200) DEFAULT NULL COMMENT '文件名',
  `file_address` varchar(200) NOT NULL COMMENT '文件地址',
  `create_time` varchar(10) DEFAULT NULL COMMENT '创建时间',
  `is_deleted` varchar(1) NOT NULL DEFAULT '0' COMMENT '是否删除 0-未删除 1 -已删除',
  `delete_time` varchar(10) DEFAULT NULL COMMENT '删除时间',
  `update_time` varchar(10) DEFAULT NULL COMMENT '更新时间',
  PRIMARY KEY (`attach_id`)
) ENGINE=InnoDB DEFAULT CHARSET=utf8 COMMENT='问题附件表';

-- ----------------------------
-- Records of btc_problem_attach
-- ----------------------------

-- ----------------------------
-- Table structure for btc_send
-- ----------------------------
DROP TABLE IF EXISTS `btc_send`;
CREATE TABLE `btc_send` (
  `send_id` varchar(32) NOT NULL COMMENT '发送ID',
  `user_id` varchar(32) NOT NULL COMMENT '用户id',
  `maincoin_id` varchar(8) NOT NULL COMMENT '接受方的ID',
  `send_address` varchar(50) NOT NULL COMMENT '发送地址',
  `number` decimal(50,4) NOT NULL DEFAULT '0.0000' COMMENT '发送数量（最多发送数是小数点后8位）',
  `send_cost` decimal(50,4) DEFAULT '0.0000' COMMENT '发送所需费用',
  `leave_words` text COMMENT '留言',
  `currency_type` varchar(1) NOT NULL COMMENT '发送币种类型 1-BTC 2-ETH',
  `img_url` varchar(100) DEFAULT NULL COMMENT '客户上传图片的URL',
  `is_deleted` varchar(1) NOT NULL DEFAULT '0' COMMENT '是否删除 0-未删除 1-已删除',
  `delete_time` varchar(12) DEFAULT NULL COMMENT '删除时间',
  `update_time` varchar(12) DEFAULT NULL COMMENT '更新时间',
  `create_time` varchar(12) DEFAULT NULL COMMENT '创建时间',
  `status` varchar(2) NOT NULL DEFAULT '0' COMMENT '0-已提交  -1-失败  1-进行中2-已完成',
  `remark` varchar(255) DEFAULT NULL COMMENT '审核意见',
  PRIMARY KEY (`send_id`)
) ENGINE=InnoDB DEFAULT CHARSET=utf8 COMMENT='发送币种表';

-- ----------------------------
-- Records of btc_send
-- ----------------------------

-- ----------------------------
-- Table structure for btc_service
-- ----------------------------
DROP TABLE IF EXISTS `btc_service`;
CREATE TABLE `btc_service` (
  `service_id` varchar(32) NOT NULL COMMENT '客服ID',
  `name` text NOT NULL COMMENT '称呼',
  `tel` text COMMENT '联系方式',
  `status` varchar(1) DEFAULT '0' COMMENT '0-浮动1-隐藏',
  PRIMARY KEY (`service_id`)
) ENGINE=InnoDB DEFAULT CHARSET=utf8 COMMENT='客服表';

-- ----------------------------
-- Records of btc_service
-- ----------------------------
INSERT INTO `btc_service` VALUES ('10000000000000000000000000000000', '客服昕昕LINE:556612', 'tel:18159850785', '0');

-- ----------------------------
-- Table structure for btc_show_currency_value
-- ----------------------------
DROP TABLE IF EXISTS `btc_show_currency_value`;
CREATE TABLE `btc_show_currency_value` (
  `id` varchar(32) NOT NULL,
  `btc_value_twd` decimal(50,0) NOT NULL COMMENT '比特币对新台币的单价',
  `btc_value_hkd` decimal(50,0) NOT NULL COMMENT '比特币对港币的单价',
  `btc_value_usd` decimal(50,0) NOT NULL COMMENT '比特币对美元的单价',
  `eth_value_twd` decimal(50,0) NOT NULL COMMENT '以太币对新台币的单价',
  `eth_value_hkd` decimal(50,0) NOT NULL COMMENT '以太币对港币的单价',
  `eth_value_usd` decimal(50,0) NOT NULL COMMENT '以太币对美元的单价',
  PRIMARY KEY (`id`)
) ENGINE=InnoDB DEFAULT CHARSET=utf8 ROW_FORMAT=COMPACT COMMENT='界面显示货币价值表';

-- ----------------------------
-- Records of btc_show_currency_value
-- ----------------------------
INSERT INTO `btc_show_currency_value` VALUES ('10000000000000000000000000000000', '291968', '64899', '8657', '9984', '5926', '1902');

-- ----------------------------
-- Table structure for btc_token
-- ----------------------------
DROP TABLE IF EXISTS `btc_token`;
CREATE TABLE `btc_token` (
  `token` varchar(32) NOT NULL COMMENT 'token',
  PRIMARY KEY (`token`)
) ENGINE=InnoDB DEFAULT CHARSET=utf8 COMMENT='token验证表\r\n生成token方式\r\nmd5(base64_encode(base64_encode(''需要验证的邮箱'')))';

-- ----------------------------
-- Records of btc_token
-- ----------------------------
INSERT INTO `btc_token` VALUES ('cd1b3b94f8867f3833f7830971e74fbc');
INSERT INTO `btc_token` VALUES ('d3822c9807c500d69d85f219cddb9181');

-- ----------------------------
-- Table structure for btc_up_order
-- ----------------------------
DROP TABLE IF EXISTS `btc_up_order`;
CREATE TABLE `btc_up_order` (
  `up_order_id` varchar(32) NOT NULL COMMENT '提现订单ID',
  `user_id` varchar(32) NOT NULL COMMENT '用户id',
  `up_price` decimal(50,4) NOT NULL DEFAULT '0.0000' COMMENT '提现金额',
  `status` tinyint(1) NOT NULL DEFAULT '0' COMMENT '提现状态 0-审核中，1-提现成功，-1-提现失败',
  `refusal_cause` varchar(255) DEFAULT NULL COMMENT '拒绝提现原因',
  `is_deleted` varchar(1) NOT NULL DEFAULT '0' COMMENT '是否删除 0-未删除 1-已删除',
  `delete_time` varchar(12) DEFAULT NULL COMMENT '删除时间',
  `update_time` varchar(12) DEFAULT NULL COMMENT '更新时间',
  `create_time` varchar(12) DEFAULT NULL COMMENT '创建时间',
  PRIMARY KEY (`up_order_id`)
) ENGINE=InnoDB DEFAULT CHARSET=utf8 ROW_FORMAT=COMPACT COMMENT='提现订单表';

-- ----------------------------
-- Records of btc_up_order
-- ----------------------------

-- ----------------------------
-- Table structure for btc_user
-- ----------------------------
DROP TABLE IF EXISTS `btc_user`;
CREATE TABLE `btc_user` (
  `user_id` varchar(32) NOT NULL,
  `maincoin_id` varchar(8) DEFAULT NULL COMMENT '随机生成的mciID',
  `user_name` varchar(50) DEFAULT NULL COMMENT '姓名',
  `birthdate` varchar(15) DEFAULT NULL COMMENT '出生年月',
  `certificate_type` varchar(1) DEFAULT NULL COMMENT '证件类型 1-台湾居住证 2-台湾居留证 3-护照',
  `certificate_num` varchar(25) DEFAULT NULL COMMENT '证件号码',
  `tel` varchar(20) DEFAULT NULL COMMENT '手机号码',
  `email` varchar(50) NOT NULL COMMENT '电子邮箱',
  `password` varchar(32) NOT NULL COMMENT '密码',
  `status` varchar(2) NOT NULL DEFAULT '0' COMMENT '状态 0-正常 -1-锁定',
  `is_deleted` varchar(1) NOT NULL DEFAULT '0' COMMENT '是否删除 0-未删除 1-已删除',
  `delete_time` varchar(12) DEFAULT NULL COMMENT '删除时间',
  `update_time` varchar(12) DEFAULT NULL COMMENT '更新时间',
  `create_time` varchar(12) DEFAULT NULL COMMENT '创建时间',
  PRIMARY KEY (`user_id`,`email`)
) ENGINE=InnoDB DEFAULT CHARSET=utf8 COMMENT='用户表';

-- ----------------------------
-- Records of btc_user
-- ----------------------------
INSERT INTO `btc_user` VALUES ('D2018050922545015258776900852531', 'kQVUDGlL', 'wu13062251001@sina.com', null, null, null, '+886-23584758', 'wu13062251001@sina.com', '62fa7bbe115476d6b10ecb376839e996', '0', '0', null, '1525877706', '1525877690');
INSERT INTO `btc_user` VALUES ('G2018051009160215259149620079921', null, '277161542@qq.com', null, null, null, null, '277161542@qq.com', '4192d21d2e09a8f2b97c5467e8e5d3ce', '0', '0', null, null, '1525914962');

-- ----------------------------
-- Table structure for btc_user_account
-- ----------------------------
DROP TABLE IF EXISTS `btc_user_account`;
CREATE TABLE `btc_user_account` (
  `account_id` varchar(32) NOT NULL COMMENT '账户ID',
  `user_id` varchar(32) NOT NULL COMMENT '用户id',
  `btc_balance` decimal(50,4) NOT NULL DEFAULT '0.0000' COMMENT '比特币余额',
  `eth_balance` decimal(50,4) NOT NULL DEFAULT '0.0000' COMMENT '以太币余额',
  `balance` varchar(50) NOT NULL DEFAULT '0' COMMENT '余额',
  `status` varchar(2) NOT NULL DEFAULT '0' COMMENT '0-启用 1-停用',
  `freeze_balance` varchar(50) NOT NULL DEFAULT '0' COMMENT '冻结余额',
  `extract_balance` varchar(50) NOT NULL DEFAULT '0' COMMENT '可提现余额',
  `bank_name` varchar(50) DEFAULT NULL COMMENT '银行名称',
  `bank_num` varchar(30) DEFAULT NULL COMMENT '银行卡号',
  `bank_account` varchar(50) DEFAULT NULL COMMENT '银行账户名(持卡人名字)',
  `bank_branch` varchar(50) DEFAULT NULL COMMENT '银行分行民称',
  `is_deleted` varchar(1) NOT NULL DEFAULT '0' COMMENT '是否删除 0-未删除 1-已删除',
  `delete_time` varchar(12) DEFAULT NULL COMMENT '删除时间',
  `update_time` varchar(12) DEFAULT NULL COMMENT '更新时间',
  `create_time` varchar(12) DEFAULT NULL COMMENT '创建时间',
  PRIMARY KEY (`account_id`)
) ENGINE=InnoDB DEFAULT CHARSET=utf8 COMMENT='账户表';

-- ----------------------------
-- Records of btc_user_account
-- ----------------------------
INSERT INTO `btc_user_account` VALUES ('c2018051009160215259149621770029', 'G2018051009160215259149620079921', '0.0000', '0.0000', '0', '0', '0', '0', 'A2018050923383715258803178730228', '5465485', '你好', 'D2018051009513815259170985641939', '0', null, '1525917098', '1525914962');
INSERT INTO `btc_user_account` VALUES ('q2018050922545015258776900946303', 'D2018050922545015258776900852531', '0.0000', '0.0000', '0', '0', '0', '0', null, null, null, null, '0', null, null, '1525877690');

-- ----------------------------
-- Table structure for btc_user_attach
-- ----------------------------
DROP TABLE IF EXISTS `btc_user_attach`;
CREATE TABLE `btc_user_attach` (
  `attach_id` varchar(32) NOT NULL COMMENT '用户附件ID',
  `user_id` varchar(32) NOT NULL COMMENT '用户id',
  `file_type` varchar(1) NOT NULL COMMENT '文件类型(1-手持身份证照2-身份证正面3-身份证反面)',
  `file_address` varchar(200) NOT NULL COMMENT '文件地址',
  `create_time` varchar(10) DEFAULT NULL COMMENT '创建时间',
  `is_deleted` varchar(1) NOT NULL DEFAULT '0' COMMENT '是否删除 0-未删除 1 -已删除',
  `delete_time` varchar(10) DEFAULT NULL COMMENT '删除时间',
  `update_time` varchar(10) DEFAULT NULL COMMENT '更新时间',
  PRIMARY KEY (`attach_id`)
) ENGINE=InnoDB DEFAULT CHARSET=utf8 COMMENT='用户附件表';

-- ----------------------------
-- Records of btc_user_attach
-- ----------------------------

-- ----------------------------
-- Table structure for btc_user_set
-- ----------------------------
DROP TABLE IF EXISTS `btc_user_set`;
CREATE TABLE `btc_user_set` (
  `seting_id` varchar(32) NOT NULL COMMENT '设置ID',
  `user_id` varchar(32) NOT NULL COMMENT '用户ID',
  `password_hint_one` varchar(255) DEFAULT NULL COMMENT '密码安全问题1',
  `password_hint_two` varchar(255) DEFAULT NULL COMMENT '密码安全问题2',
  `password_hint_three` varchar(255) DEFAULT NULL COMMENT '密码安全问题3',
  `answer_one` varchar(255) DEFAULT NULL COMMENT '问题1的答案',
  `answer_two` varchar(255) DEFAULT NULL COMMENT '问题2的答案',
  `answer_three` varchar(255) DEFAULT NULL COMMENT '问题3的答案',
  `email_login` varchar(1) NOT NULL DEFAULT '1' COMMENT '登录时邮件通知设置0-不通知1-要通知',
  `email_get` varchar(1) NOT NULL DEFAULT '1' COMMENT '发送、接收或支付时，接收邮件通知0-不通知1-要通知',
  `email_buy` varchar(1) NOT NULL DEFAULT '1' COMMENT '买入时邮件通知0-不通知1-已通知',
  `create_time` varchar(10) DEFAULT NULL COMMENT '创建时间',
  `is_deleted` varchar(1) NOT NULL DEFAULT '0' COMMENT '是否删除 0-未删除 1 -已删除',
  `delete_time` varchar(10) DEFAULT NULL COMMENT '删除时间',
  `update_time` varchar(10) DEFAULT NULL COMMENT '更新时间',
  PRIMARY KEY (`seting_id`)
) ENGINE=InnoDB DEFAULT CHARSET=utf8 COMMENT='用户设置表';

-- ----------------------------
-- Records of btc_user_set
-- ----------------------------
INSERT INTO `btc_user_set` VALUES ('A2018050922545015258776901009767', 'D2018050922545015258776900852531', null, null, null, null, null, null, '1', '1', '1', '1525877690', '0', null, null);
INSERT INTO `btc_user_set` VALUES ('z2018051009160215259149622880107', 'G2018051009160215259149620079921', null, null, null, null, null, null, '1', '1', '1', '1525914962', '0', null, null);

-- ----------------------------
-- Table structure for btc_user_wallet_address
-- ----------------------------
DROP TABLE IF EXISTS `btc_user_wallet_address`;
CREATE TABLE `btc_user_wallet_address` (
  `user_wallet_address_id` varchar(32) NOT NULL,
  `user_id` varchar(32) NOT NULL COMMENT '用户id',
  `wallet_address_id` varchar(32) NOT NULL COMMENT '钱包地址id',
  `label` varchar(32) DEFAULT NULL COMMENT '标签',
  `create_time` varchar(11) NOT NULL COMMENT '创建时间',
  PRIMARY KEY (`user_wallet_address_id`)
) ENGINE=InnoDB DEFAULT CHARSET=utf8 COMMENT='用户钱包地址表';

-- ----------------------------
-- Records of btc_user_wallet_address
-- ----------------------------
INSERT INTO `btc_user_wallet_address` VALUES ('a2018051009160215259149624000159', 'G2018051009160215259149620079921', '10000000000000000000000000000010', null, '1525914962');
INSERT INTO `btc_user_wallet_address` VALUES ('b2018050922595015258779909688058', 'D2018050922545015258776900852531', '10000000000000000000000000000001', null, '1525877990');
INSERT INTO `btc_user_wallet_address` VALUES ('B2018050922595415258779943792156', 'D2018050922545015258776900852531', '10000000000000000000000000000003', null, '1525877994');
INSERT INTO `btc_user_wallet_address` VALUES ('B2018050922595515258779954020259', 'D2018050922545015258776900852531', '10000000000000000000000000000004', null, '1525877995');
INSERT INTO `btc_user_wallet_address` VALUES ('B2018050923000415258780040333277', 'D2018050922545015258776900852531', '10000000000000000000000000000007', null, '1525878004');
INSERT INTO `btc_user_wallet_address` VALUES ('c2018050922595215258779927645311', 'D2018050922545015258776900852531', '10000000000000000000000000000002', null, '1525877992');
INSERT INTO `btc_user_wallet_address` VALUES ('q2018050922594815258779887053389', 'D2018050922545015258776900852531', '10000000000000000000000000000000', null, '1525877988');
INSERT INTO `btc_user_wallet_address` VALUES ('q2018050923000015258780004668688', 'D2018050922545015258776900852531', '10000000000000000000000000000006', null, '1525878000');
INSERT INTO `btc_user_wallet_address` VALUES ('z2018050922545015258776901072433', 'D2018050922545015258776900852531', '10000000000000000000000000000010', null, '1525877690');
INSERT INTO `btc_user_wallet_address` VALUES ('z2018050922595715258779977690933', 'D2018050922545015258776900852531', '10000000000000000000000000000005', null, '1525877997');

-- ----------------------------
-- Table structure for btc_wallet_address
-- ----------------------------
DROP TABLE IF EXISTS `btc_wallet_address`;
CREATE TABLE `btc_wallet_address` (
  `wallet_address_id` varchar(32) NOT NULL COMMENT '钱包地址ID',
  `type` varchar(1) NOT NULL COMMENT '币种类型',
  `address` varchar(50) NOT NULL COMMENT '币种地址',
  `address_url` varchar(255) DEFAULT NULL,
  `is_deleted` varchar(1) DEFAULT '0' COMMENT '是否删除 0-未删除 1-已删除',
  `delete_time` varchar(12) DEFAULT NULL COMMENT '删除时间',
  `update_time` varchar(12) DEFAULT NULL COMMENT '更新时间',
  `create_time` varchar(12) DEFAULT NULL COMMENT '创建时间',
  PRIMARY KEY (`wallet_address_id`)
) ENGINE=InnoDB DEFAULT CHARSET=utf8 COMMENT='钱包地址表';

-- ----------------------------
-- Records of btc_wallet_address
-- ----------------------------
INSERT INTO `btc_wallet_address` VALUES ('10000000000000000000000000000000', '1', '4GWQhM73evh8cZnVd4toHxxaYHoJKPGKxp', 'https://iam671.cn/BTC/Uploads/static/walletAddress/5af1a57d22358.png', '0', null, '1525785982', null);
INSERT INTO `btc_wallet_address` VALUES ('10000000000000000000000000000001', '1', '33Au4N6HTzWExUSYuYtC4hDnnPKADjy2L4', 'https://iam671.cn/BTC/Uploads/static/walletAddress/5ae92d41cc1f8.jpg', '0', null, '1525230915', null);
INSERT INTO `btc_wallet_address` VALUES ('10000000000000000000000000000002', '1', '3Lwq6qkQLLsojaY6s82DVLAcLcyLZqxecu', 'https://iam671.cn/BTC/Uploads/static/walletAddress/5ae95e2faed6f.jpg', '0', null, '1525243441', null);
INSERT INTO `btc_wallet_address` VALUES ('10000000000000000000000000000003', '1', '3BsHGzpy1DR8BitZVUMC7DoyknzAgnuWgZ', 'https://iam671.cn/BTC/Uploads/static/walletAddress/5ae95e394c255.jpg', '0', null, '1525243451', null);
INSERT INTO `btc_wallet_address` VALUES ('10000000000000000000000000000004', '1', '3LLSuj2Mw5wESVhwkmmCnz74Y5ekt7pvhV', 'https://iam671.cnt/BTC/Uploads/static/walletAddress/5ae95e43777d2.jpg', '0', null, '1525243461', null);
INSERT INTO `btc_wallet_address` VALUES ('10000000000000000000000000000005', '1', '3HTwXpdXRoz7o7JsBZjQVtAoeig6299', 'https://iam671.cn/BTC/Uploads/static/walletAddress/5ae95e4cca3be.jpg', '0', null, '1525783911', null);
INSERT INTO `btc_wallet_address` VALUES ('10000000000000000000000000000006', '1', '7HTwXpdXRoz7o7JsBZjQVtAoeig6xx9U2V', 'https://iam671.cn/BTC/Uploads/static/walletAddress/5ae95e55f091a.jpg', '0', null, '1525243479', null);
INSERT INTO `btc_wallet_address` VALUES ('10000000000000000000000000000007', '1', '3PfVkGPWyshq6JFq56Vb771iNKK9tS6GtJ', 'https://iam671.cn/BTC/Uploads/static/walletAddress/5ae95e5eb2360.jpg', '0', null, '1525243490', null);
INSERT INTO `btc_wallet_address` VALUES ('10000000000000000000000000000008', '1', '6kGPWyshq6JFq56Vb771iNKK9tS6GtJ559', 'https://iam671.cn/BTC/Uploads/static/walletAddress/5ae95e6892241.jpg', '0', null, '1525783900', null);
INSERT INTO `btc_wallet_address` VALUES ('10000000000000000000000000000009', '1', 'KKJ79wHNv2VpPfFVeFvhJaLQaNEsg85yvL', 'https://iam671.cn/BTC/Uploads/static/walletAddress/5ae95e71e29b2.jpg', '0', null, '1525243507', null);
INSERT INTO `btc_wallet_address` VALUES ('10000000000000000000000000000010', '2', '4894N6HTzWExU15YtC4hDnnPKAUIOPS116', 'https://iam671.cn/BTC/Uploads/static/walletAddress/5af16867c921e.png', '0', null, '1525770353', null);
